"Units","NumPlaces","ScalingFactors","MinDate","observationPeriods","MeasurementMethods","StatVar"
"[USDollar]","131","[]","1970","[P1Y]","[]","AmountOutstanding_Debt_OfficialCreditor_Concessional_PubliclyGuaranteed_Multilateral_LongTermExternalDebt"
"[USDollar]","114","[]","1970","[P1Y]","[]","AmountOutstanding_Debt_PubliclyGuaranteed_LongTermExternalDebt_LenderMultipleLenders"
"[USDollar]","57","[]","1974","[P1Y]","[]","AmountOutstanding_Debt_OfficialCreditor_Concessional_PubliclyGuaranteed_Multilateral_LongTermExternalDebt_LenderAfricanDevBank"
"[USDollar]","9","[]","1977","[P1Y]","[]","AmountOutstanding_Debt_LongTermExternalDebt_LenderCountryJOR"
"[USDollar]","7","[]","1988","[P1Y]","[]","AmountOutstanding_Debt_OfficialCreditor_PubliclyGuaranteed_Bilateral_LongTermExternalDebt_LenderCountryBRN"
"[USDollar]","35","[]","1970","[P1Y]","[]","AmountOutstanding_Debt_OfficialCreditor_PubliclyGuaranteed_Bilateral_LongTermExternalDebt_LenderCountryZAF"
"[USDollar]","44","[]","1970","[P1Y]","[]","AmountOutstanding_Debt_OfficialCreditor_PubliclyGuaranteed_Bilateral_LongTermExternalDebt_LenderGermanDemRep"
"[USDollar]","8","[]","1971","[P1Y]","[]","AmountOutstanding_Debt_OfficialCreditor_PubliclyGuaranteed_LongTermExternalDebt_LenderWorldBankMIGA"
"[USDollar]","38","[]","1974","[P1Y]","[]","AmountOutstanding_Debt_LongTermExternalDebt_LenderCountryHKG"
"[USDollar]","6","[]","1993","[P1Y]","[]","AmountOutstanding_Debt_OfficialCreditor_PubliclyGuaranteed_LongTermExternalDebt_LenderCountryAZE"
"[USDollar]","24","[]","1973","[P1Y]","[]","AmountOutstanding_Debt_PubliclyGuaranteed_LongTermExternalDebt_LenderEconomicCommunityofWestAfricanStates"
"[USDollar]","120","[]","1970","[P1Y]","[]","AmountOutstanding_Debt_OfficialCreditor_IDA_PubliclyGuaranteed_Multilateral_LongTermExternalDebt_LenderWorldBankIDA"
"[USDollar]","44","[]","1970","[P1Y]","[]","AmountOutstanding_Debt_PubliclyGuaranteed_LongTermExternalDebt_LenderCountryZAF"
"[USDollar]","10","[]","1987","[P1Y]","[]","AmountOutstanding_Debt_PubliclyGuaranteed_LongTermExternalDebt_LenderEuropeanReliefFund"
"[USDollar]","24","[]","1970","[P1Y]","[]","AmountOutstanding_Debt_OfficialCreditor_Concessional_PubliclyGuaranteed_Bilateral_LongTermExternalDebt_LenderCountrySUN"
"[USDollar]","34","[]","1970","[P1Y]","[]","AmountOutstanding_Debt_PrivateCreditor_PubliclyGuaranteed_LongTermExternalDebt_LenderCountryZAF"
"[USDollar]","6","[]","1975","[P1Y]","[]","AmountOutstanding_Debt_OfficialCreditor_PubliclyGuaranteed_Multilateral_LongTermExternalDebt_LenderUNChildrenFund"
"[USDollar]","17","[]","1980","[P1Y]","[]","AmountOutstanding_Debt_OfficialCreditor_PubliclyGuaranteed_Multilateral_LongTermExternalDebt_LenderCentralBankofWestAfricanStates"
"[USDollar]","18","[]","1977","[P1Y]","[]","AmountOutstanding_Debt_PrivateCreditor_PubliclyGuaranteed_WorldBankOtherPrivate_LongTermExternalDebt_LenderCountrySAU"
"[USDollar]","83","[]","1970","[P1Y]","[]","AmountOutstanding_Debt_PrivateCreditor_PubliclyGuaranteed_WorldBankOtherPrivate_LongTermExternalDebt_LenderCountryJPN"
"[USDollar]","11","[]","2010","[P1Y]","[]","AmountOutstanding_Debt_PubliclyGuaranteed_LongTermExternalDebt_LenderEurasianDevelopmentBank"
"[USDollar]","9","[]","1977","[P1Y]","[]","AmountOutstanding_Debt_PrivateCreditor_PubliclyGuaranteed_WorldBankOtherPrivate_LongTermExternalDebt_LenderCountryJOR"
"[USDollar]","116","[]","1970","[P1Y]","[]","AmountOutstanding_Debt_LongTermExternalDebt_LenderCountryJPN"
"[USDollar]","17","[]","1979","[P1Y]","[]","AmountOutstanding_Debt_PubliclyGuaranteed_LongTermExternalDebt_LenderCountryOMN"
"[USDollar]","12","[]","1975","[P1Y]","[]","AmountOutstanding_Debt_PubliclyGuaranteed_LongTermExternalDebt_LenderCountryKEN"
"[USDollar]","7","[]","1978","[P1Y]","[]","AmountOutstanding_Debt_PrivateCreditor_PubliclyGuaranteed_LongTermExternalDebt_LenderCountryBRB"
"[USDollar]","53","[]","1970","[P1Y]","[]","AmountOutstanding_Debt_PrivateCreditor_PubliclyGuaranteed_LongTermExternalDebt_LenderCountryBRA"
"[USDollar]","10","[]","1987","[P1Y]","[]","AmountOutstanding_Debt_LongTermExternalDebt_LenderEuropeanReliefFund"
"[USDollar]","5","[]","1999","[P1Y]","[]","AmountOutstanding_Debt_PrivateCreditor_PubliclyGuaranteed_LongTermExternalDebt_LenderCountryBRN"
"[USDollar]","7","[]","2014","[P1Y]","[]","AmountOutstanding_Debt_LongTermExternalDebt_LenderIslamicSolidarityFundforDev"
"[USDollar]","10","[]","1993","[P1Y]","[]","AmountOutstanding_Debt_PubliclyGuaranteed_LongTermExternalDebt_LenderCountryUZB"
"[USDollar]","35","[]","1979","[P1Y]","[]","AmountOutstanding_Debt_PubliclyGuaranteed_LongTermExternalDebt_LenderNordicInvestmentBank"
"[USDollar]","96","[]","1970","[P1Y]","[]","AmountOutstanding_Debt_LongTermExternalDebt_LenderCountrySAU"
"[USDollar]","93","[]","1970","[P1Y]","[]","AmountOutstanding_Debt_PrivateCreditor_PubliclyGuaranteed_CommercialBank_LongTermExternalDebt_LenderCountryGBR"
"[USDollar]","8","[]","1996","[P1Y]","[]","AmountOutstanding_Debt_OfficialCreditor_Concessional_PubliclyGuaranteed_Bilateral_LongTermExternalDebt_LenderCountrySVK"
"[USDollar]","17","[]","1977","[P1Y]","[]","AmountOutstanding_Debt_PubliclyGuaranteed_LongTermExternalDebt_LenderWestAfricanDevelopmentBank"
"[USDollar]","29","[]","1974","[P1Y]","[]","AmountOutstanding_Debt_PrivateCreditor_PubliclyGuaranteed_WorldBankOtherPrivate_LongTermExternalDebt_LenderCountryHKG"
"[USDollar]","39","[]","2016","[P1Y]","[]","AmountOutstanding_Debt_LongTermExternalDebt_LenderAsianInfrastructureInvestmentBank"
"[USDollar]","8","[]","1971","[P1Y]","[]","AmountOutstanding_Debt_OfficialCreditor_PubliclyGuaranteed_Multilateral_LongTermExternalDebt_LenderInternationalCoffeeOrganization"
"[USDollar]","5","[]","2014","[P1Y]","[]","AmountOutstanding_Debt_PrivateCreditor_PubliclyGuaranteed_CommercialBank_LongTermExternalDebt_LenderCountryMNE"
"[USDollar]","11","[]","1976","[P1Y]","[]","AmountOutstanding_Debt_OfficialCreditor_PubliclyGuaranteed_Bilateral_LongTermExternalDebt_LenderCountryBRB"
"[USDollar]","18","[]","1991","[P1Y]","[]","AmountOutstanding_Debt_PubliclyGuaranteed_LongTermExternalDebt_LenderEasternSouthernAfricanTradeDevBank"
"[USDollar]","6","[]","2018","[P1Y]","[]","AmountOutstanding_Debt_LongTermExternalDebt_LenderNordicEnvironmentFinanceCorporation"
"[USDollar]","42","[]","1970","[P1Y]","[]","AmountOutstanding_Debt_OfficialCreditor_PubliclyGuaranteed_Bilateral_LongTermExternalDebt_LenderCountryBRA"
"[USDollar]","67","[]","1970","[P1Y]","[]","AmountOutstanding_Debt_PubliclyGuaranteed_LongTermExternalDebt_LenderCountrySUN"
"[USDollar]","12","[]","1979","[P1Y]","[]","AmountOutstanding_Debt_PubliclyGuaranteed_LongTermExternalDebt_LenderPlataBasinFinancialDevFund"
"[USDollar]","59","[]","1970","[P1Y]","[]","AmountOutstanding_Debt_LongTermExternalDebt_LenderCountryFIN"
"[USDollar]","7","[]","1981","[P1Y]","[]","AmountOutstanding_Debt_OfficialCreditor_PubliclyGuaranteed_Bilateral_LongTermExternalDebt_LenderCountryKEN"
"[USDollar]","32","[]","1972","[P1Y]","[]","AmountOutstanding_Debt_OfficialCreditor_PubliclyGuaranteed_LongTermExternalDebt_LenderArabFundforEconomicSocialDevelopment"
"[USDollar]","14","[]","1970","[P1Y]","[]","AmountOutstanding_Debt_PrivateCreditor_PubliclyGuaranteed_LongTermExternalDebt_LenderNethAntilles"
"[USDollar]","5","[]","1978","[P1Y]","[]","AmountOutstanding_Debt_LongTermExternalDebt_LenderEuropeanCoalandSteelCommunity"
"[USDollar]","47","[]","1970","[P1Y]","[]","AmountOutstanding_Debt_LongTermExternalDebt_LenderCountryLUX"
"[USDollar]","31","[]","1970","[P1Y]","[]","AmountOutstanding_Debt_OfficialCreditor_Concessional_PubliclyGuaranteed_Bilateral_LongTermExternalDebt_LenderCountrySWE"
"[USDollar]","10","[]","1993","[P1Y]","[]","AmountOutstanding_Debt_OfficialCreditor_PubliclyGuaranteed_Bilateral_LongTermExternalDebt_LenderCountryUZB"
"[USDollar]","14","[]","1974","[P1Y]","[]","AmountOutstanding_Debt_PubliclyGuaranteed_LongTermExternalDebt_LenderOrgofArabPetroleumExportingCountries"
"[USDollar]","5","[]","2001","[P1Y]","[]","AmountOutstanding_Debt_PrivateCreditor_PubliclyGuaranteed_CommercialBank_LongTermExternalDebt_LenderCountrySWZ"
"[USDollar]","51","[]","1970","[P1Y]","[]","AmountOutstanding_Debt_PrivateCreditor_PubliclyGuaranteed_CommercialBank_LongTermExternalDebt_LenderCountrySWE"
"[USDollar]","6","[]","2008","[P1Y]","[]","AmountOutstanding_Debt_OfficialCreditor_PubliclyGuaranteed_Bilateral_LongTermExternalDebt_LenderCountrySVN"
"[USDollar]","16","[]","1970","[P1Y]","[]","AmountOutstanding_Debt_OfficialCreditor_Concessional_PubliclyGuaranteed_Bilateral_LongTermExternalDebt_LenderCountryDZA"
"[USDollar]","25","[]","1995","[P1Y]","[]","AmountOutstanding_Debt_OfficialCreditor_PubliclyGuaranteed_Bilateral_LongTermExternalDebt_LenderCountrySVK"
"[USDollar]","7","[]","2001","[P1Y]","[]","AmountOutstanding_Debt_PrivateCreditor_PubliclyGuaranteed_LongTermExternalDebt_LenderCountrySVN"
"[USDollar]","11","[]","1990","[P1Y]","[]","AmountOutstanding_Debt_PrivateCreditor_PubliclyGuaranteed_CommercialBank_LongTermExternalDebt_LenderCountryDZA"
"[USDollar]","25","[]","1995","[P1Y]","[]","AmountOutstanding_Debt_PubliclyGuaranteed_LongTermExternalDebt_LenderCountrySVK"
"[USDollar]","7","[]","1996","[P1Y]","[]","AmountOutstanding_Debt_PrivateCreditor_PubliclyGuaranteed_LongTermExternalDebt_LenderCountrySVK"
"[USDollar]","5","[]","1992","[P1Y]","[]","AmountOutstanding_Debt_PrivateCreditor_PubliclyGuaranteed_CommercialBank_LongTermExternalDebt_LenderCountryMKD"
"[USDollar]","8","[]","2001","[P1Y]","[]","AmountOutstanding_Debt_PubliclyGuaranteed_LongTermExternalDebt_LenderCountrySVN"
"[USDollar]","12","[]","1975","[P1Y]","[]","AmountOutstanding_Debt_PrivateCreditor_PubliclyGuaranteed_LongTermExternalDebt_LenderCountryKEN"
"[USDollar]","63","[]","1975","[P1Y]","[]","AmountOutstanding_Debt_PubliclyGuaranteed_LongTermExternalDebt_LenderIslamicDevBank"
"[USDollar]","8","[]","1994","[P1Y]","[]","AmountOutstanding_Debt_PrivateCreditor_PubliclyGuaranteed_LongTermExternalDebt_LenderCountryOMN"
"[USDollar]","5","[]","2001","[P1Y]","[]","AmountOutstanding_Debt_PubliclyGuaranteed_LongTermExternalDebt_LenderCountrySWZ"
"[USDollar]","23","[]","1970","[P1Y]","[]","AmountOutstanding_Debt_LongTermExternalDebt_LenderCountryNZL"
"[USDollar]","8","[]","1989","[P1Y]","[]","AmountOutstanding_Debt_OfficialCreditor_PubliclyGuaranteed_LongTermExternalDebt_LenderLatinAmerConfofSavingCreditCoop"
"[USDollar]","6","[]","2001","[P1Y]","[]","AmountOutstanding_Debt_PrivateCreditor_PubliclyGuaranteed_CommercialBank_LongTermExternalDebt_LenderCountryMLT"
"[USDollar]","7","[]","1998","[P1Y]","[]","AmountOutstanding_Debt_PubliclyGuaranteed_LongTermExternalDebt_LenderCountryKGZ"
"[USDollar]","83","[]","1970","[P1Y]","[]","AmountOutstanding_Debt_PubliclyGuaranteed_LongTermExternalDebt_LenderCountrySWE"
"[USDollar]","9","[]","1981","[P1Y]","[]","AmountOutstanding_Debt_LongTermExternalDebt_LenderCountryHND"
"[USDollar]","6","[]","1992","[P1Y]","[]","AmountOutstanding_Debt_PubliclyGuaranteed_LongTermExternalDebt_LenderCountryMKD"
"[USDollar]","7","[]","2011","[P1Y]","[]","AmountOutstanding_Debt_OfficialCreditor_Concessional_PubliclyGuaranteed_Bilateral_LongTermExternalDebt_LenderCountryMLI"
"[USDollar]","47","[]","1970","[P1Y]","[]","AmountOutstanding_Debt_PrivateCreditor_PubliclyGuaranteed_LongTermExternalDebt_LenderCountrySUN"
"[USDollar]","23","[]","1978","[P1Y]","[]","AmountOutstanding_Debt_OfficialCreditor_PubliclyGuaranteed_LongTermExternalDebt_LenderArabMonetaryFund"
"[USDollar]","18","[]","1991","[P1Y]","[]","AmountOutstanding_Debt_LongTermExternalDebt_LenderEasternSouthernAfricanTradeDevBank"
"[USDollar]","64","[]","1970","[P1Y]","[]","AmountOutstanding_Debt_OfficialCreditor_PubliclyGuaranteed_Bilateral_LongTermExternalDebt_LenderCountrySUN"
"[USDollar]","37","[]","1970","[P1Y]","[]","AmountOutstanding_Debt_PubliclyGuaranteed_LongTermExternalDebt_LenderCountryDZA"
"[USDollar]","8","[]","1975","[P1Y]","[]","AmountOutstanding_Debt_OfficialCreditor_Concessional_PubliclyGuaranteed_Bilateral_LongTermExternalDebt_LenderCountryIDN"
"[USDollar]","12","[]","1979","[P1Y]","[]","AmountOutstanding_Debt_OfficialCreditor_PubliclyGuaranteed_Bilateral_LongTermExternalDebt_LenderCountryOMN"
"[USDollar]","125","[]","1970","[P1Y]","[]","AmountOutstanding_Debt_LongTermExternalDebt_LenderCountryDEU"
"[USDollar]","8","[]","1994","[P1Y]","[]","AmountOutstanding_Debt_PrivateCreditor_PubliclyGuaranteed_CommercialBank_LongTermExternalDebt_LenderCountryOMN"
"[USDollar]","96","[]","1970","[P1Y]","[]","AmountOutstanding_Debt_PrivateCreditor_PubliclyGuaranteed_CommercialBank_LongTermExternalDebt_LenderMultipleLenders"
"[USDollar]","8","[]","1984","[P1Y]","[]","AmountOutstanding_Debt_PrivateCreditor_PubliclyGuaranteed_LongTermExternalDebt_LenderCountryIDN"
"[USDollar]","14","[]","1982","[P1Y]","[]","AmountOutstanding_Debt_PrivateCreditor_PubliclyGuaranteed_LongTermExternalDebt_LenderCountryMLT"
"[USDollar]","6","[]","2004","[P1Y]","[]","AmountOutstanding_Debt_LongTermExternalDebt_LenderArabTownsOrganization"
"[USDollar]","20","[]","1972","[P1Y]","[]","AmountOutstanding_Debt_PrivateCreditor_PubliclyGuaranteed_CommercialBank_LongTermExternalDebt_LenderCountrySUN"
"[USDollar]","31","[]","2010","[P1Y]","[]","AmountOutstanding_Debt_PubliclyGuaranteed_LongTermExternalDebt_LenderAfricanExportImportBank"
"[USDollar]","14","[]","1982","[P1Y]","[]","AmountOutstanding_Debt_PubliclyGuaranteed_LongTermExternalDebt_LenderCountryMLT"
"[USDollar]","15","[]","1970","[P1Y]","[]","AmountOutstanding_Debt_PubliclyGuaranteed_LongTermExternalDebt_LenderCountryIDN"
"[USDollar]","10","[]","1978","[P1Y]","[]","AmountOutstanding_Debt_PrivateCreditor_PubliclyGuaranteed_CommercialBank_LongTermExternalDebt_LenderCountryKEN"
"[USDollar]","51","[]","1970","[P1Y]","[]","AmountOutstanding_Debt_OfficialCreditor_PubliclyGuaranteed_Multilateral_LongTermExternalDebt_LenderArabBankforEconomicDevinAfrica"
"[USDollar]","5","[]","1993","[P1Y]","[]","AmountOutstanding_Debt_OfficialCreditor_PubliclyGuaranteed_Bilateral_LongTermExternalDebt_LenderCountryMDA"
"[USDollar]","5","[]","1998","[P1Y]","[]","AmountOutstanding_Debt_OfficialCreditor_PubliclyGuaranteed_Multilateral_LongTermExternalDebt_LenderBankforInternationalSettlements"
"[USDollar]","13","[]","1975","[P1Y]","[]","AmountOutstanding_Debt_PubliclyGuaranteed_LongTermExternalDebt_LenderCountryMLI"
"[USDollar]","11","[]","1975","[P1Y]","[]","AmountOutstanding_Debt_PrivateCreditor_PubliclyGuaranteed_LongTermExternalDebt_LenderCountryMLI"
"[USDollar]","5","[]","2001","[P1Y]","[]","AmountOutstanding_Debt_PrivateCreditor_PubliclyGuaranteed_LongTermExternalDebt_LenderCountrySWZ"
"[USDollar]","5","[]","1993","[P1Y]","[]","AmountOutstanding_Debt_OfficialCreditor_Concessional_PubliclyGuaranteed_Bilateral_LongTermExternalDebt_LenderCountryMEX"
"[USDollar]","10","[]","1977","[P1Y]","[]","AmountOutstanding_Debt_OfficialCreditor_PubliclyGuaranteed_Bilateral_LongTermExternalDebt_LenderCountryURY"
"[USDollar]","109","[]","1970","[P1Y]","[]","AmountOutstanding_Debt_PrivateCreditor_PrivateNonGuaranteed_WorldBankCommercialBankAndOther_LongTermExternalDebt_LenderOtherMultipleLenders"
"[USDollar]","113","[]","1970","[P1Y]","[]","AmountOutstanding_Debt_OfficialCreditor_PubliclyGuaranteed_Bilateral_LongTermExternalDebt_LenderCountryUSA"
"[USDollar]","8","[]","2001","[P1Y]","[]","AmountOutstanding_Debt_LongTermExternalDebt_LenderCountryBDI"
"[USDollar]","14","[]","1973","[P1Y]","[]","AmountOutstanding_Debt_OfficialCreditor_Concessional_PubliclyGuaranteed_Bilateral_LongTermExternalDebt_LenderCountrySRB"
"[USDollar]","27","[]","1970","[P1Y]","[]","AmountOutstanding_Debt_LongTermExternalDebt_LenderCountryQAT"
"[USDollar]","13","[]","1988","[P1Y]","[]","AmountOutstanding_Debt_OfficialCreditor_PubliclyGuaranteed_LongTermExternalDebt_LenderInternationalBankforEconomicCooperation"
"[USDollar]","39","[]","2016","[P1Y]","[]","AmountOutstanding_Debt_PubliclyGuaranteed_LongTermExternalDebt_LenderAsianInfrastructureInvestmentBank"
"[USDollar]","6","[]","1992","[P1Y]","[]","AmountOutstanding_Debt_PrivateCreditor_PubliclyGuaranteed_LongTermExternalDebt_LenderCountryMKD"
"[USDollar]","23","[]","1974","[P1Y]","[]","AmountOutstanding_Debt_LongTermExternalDebt_LenderArabAfricanInternationalBank"
"[USDollar]","13","[]","1970","[P1Y]","[]","AmountOutstanding_Debt_LongTermExternalDebt_LenderCountrySEN"
"[USDollar]","69","[]","1970","[P1Y]","[]","AmountOutstanding_Debt_PrivateCreditor_PubliclyGuaranteed_LongTermExternalDebt_LenderCountrySWE"
"[USDollar]","14","[]","1986","[P1Y]","[]","AmountOutstanding_Debt_OfficialCreditor_PubliclyGuaranteed_LongTermExternalDebt_LenderCountryHKG"
"[USDollar]","26","[]","1985","[P1Y]","[]","AmountOutstanding_Debt_OfficialCreditor_Concessional_PubliclyGuaranteed_Bilateral_LongTermExternalDebt_LenderMultipleLenders"
"[USDollar]","10","[]","1974","[P1Y]","[]","AmountOutstanding_Debt_PubliclyGuaranteed_LongTermExternalDebt_LenderCountryGAB"
"[USDollar]","63","[]","1975","[P1Y]","[]","AmountOutstanding_Debt_LongTermExternalDebt_LenderIslamicDevBank"
"[USDollar]","15","[]","1970","[P1Y]","[]","AmountOutstanding_Debt_PrivateCreditor_PubliclyGuaranteed_LongTermExternalDebt_LenderCountryDZA"
"[USDollar]","7","[]","2001","[P1Y]","[]","AmountOutstanding_Debt_PrivateCreditor_PubliclyGuaranteed_CommercialBank_LongTermExternalDebt_LenderCountrySVN"
"[USDollar]","5","[]","2007","[P1Y]","[]","AmountOutstanding_Debt_OfficialCreditor_Concessional_PubliclyGuaranteed_Multilateral_LongTermExternalDebt_LenderEUROFIMA"
"[USDollar]","6","[]","2010","[P1Y]","[]","AmountOutstanding_Debt_OfficialCreditor_PubliclyGuaranteed_LongTermExternalDebt_LenderBolivarianAlliancefortheAmericas"
"[USDollar]","5","[]","2006","[P1Y]","[]","AmountOutstanding_Debt_PubliclyGuaranteed_LongTermExternalDebt_LenderCountrySYR"
"[USDollar]","34","[]","1970","[P1Y]","[]","AmountOutstanding_Debt_PrivateCreditor_PubliclyGuaranteed_CommercialBank_LongTermExternalDebt_LenderCountryBRA"
"[USDollar]","7","[]","2011","[P1Y]","[]","AmountOutstanding_Debt_LongTermExternalDebt_LenderCountryBEN"
"[USDollar]","7","[]","1978","[P1Y]","[]","AmountOutstanding_Debt_PrivateCreditor_PubliclyGuaranteed_CommercialBank_LongTermExternalDebt_LenderCountryBRB"
"[USDollar]","67","[]","1970","[P1Y]","[]","AmountOutstanding_Debt_OfficialCreditor_Concessional_PubliclyGuaranteed_Multilateral_LongTermExternalDebt_LenderEuropeanDevelopmentFund"
"[USDollar]","102","[]","1970","[P1Y]","[]","AmountOutstanding_Debt_LongTermExternalDebt_LenderCountryBEL"
"[USDollar]","120","[]","1970","[P1Y]","[]","AmountOutstanding_Debt_PubliclyGuaranteed_LongTermExternalDebt_LenderCountryGBR"
"[USDollar]","114","[]","1970","[P1Y]","[]","AmountOutstanding_Debt_PrivateCreditor_PubliclyGuaranteed_LongTermExternalDebt_LenderCountryGBR"
"[USDollar]","48","[]","1970","[P1Y]","[]","AmountOutstanding_Debt_OfficialCreditor_PubliclyGuaranteed_Bilateral_LongTermExternalDebt_LenderCountrySRB"
"[USDollar]","22","[]","1970","[P1Y]","[]","AmountOutstanding_Debt_OfficialCreditor_PubliclyGuaranteed_Bilateral_LongTermExternalDebt_LenderCountryMEX"
"[USDollar]","5","[]","2014","[P1Y]","[]","AmountOutstanding_Debt_PrivateCreditor_PubliclyGuaranteed_LongTermExternalDebt_LenderCountryMNE"
"[USDollar]","121","[]","1978","[P1Y]","[]","AmountOutstanding_Debt_OfficialCreditor_PubliclyGuaranteed_Multilateral_LongTermExternalDebt_LenderInternationalFundforAgriculturalDev"
"[USDollar]","24","[]","1973","[P1Y]","[]","AmountOutstanding_Debt_LongTermExternalDebt_LenderEconomicCommunityofWestAfricanStates"
"[USDollar]","11","[]","1993","[P1Y]","[]","AmountOutstanding_Debt_OfficialCreditor_PubliclyGuaranteed_Bilateral_LongTermExternalDebt_LenderCountryKAZ"
"[USDollar]","5","[]","2014","[P1Y]","[]","AmountOutstanding_Debt_PubliclyGuaranteed_LongTermExternalDebt_LenderCountryMNE"
"[USDollar]","17","[]","1975","[P1Y]","[]","AmountOutstanding_Debt_OfficialCreditor_Concessional_PubliclyGuaranteed_Bilateral_LongTermExternalDebt_LenderCountryBRA"
"[USDollar]","13","[]","1974","[P1Y]","[]","AmountOutstanding_Debt_PubliclyGuaranteed_LongTermExternalDebt_LenderArabLeague"
"[USDollar]","19","[]","1977","[P1Y]","[]","AmountOutstanding_Debt_LongTermExternalDebt_LenderCountryHRV"
"[USDollar]","5","[]","1996","[P1Y]","[]","AmountOutstanding_Debt_OfficialCreditor_PubliclyGuaranteed_Bilateral_LongTermExternalDebt_LenderCountryBOL"
"[USDollar]","8","[]","1970","[P1Y]","[]","AmountOutstanding_Debt_OfficialCreditor_Concessional_PubliclyGuaranteed_Bilateral_LongTermExternalDebt_LenderCountryZAF"
"[USDollar]","5","[]","1988","[P1Y]","[]","AmountOutstanding_Debt_OfficialCreditor_Concessional_PubliclyGuaranteed_Bilateral_LongTermExternalDebt_LenderCountryBRN"
"[USDollar]","51","[]","1983","[P1Y]","[]","AmountOutstanding_Debt_OfficialCreditor_PubliclyGuaranteed_Multilateral_LongTermExternalDebt_LenderNordicDevelopmentFund"
"[USDollar]","10","[]","2017","[P1Y]","[]","AmountOutstanding_Debt_OfficialCreditor_PubliclyGuaranteed_LongTermExternalDebt_LenderNewDevelopmentBank"
"[USDollar]","5","[]","1999","[P1Y]","[]","AmountOutstanding_Debt_PrivateCreditor_PubliclyGuaranteed_CommercialBank_LongTermExternalDebt_LenderCountryBRN"
"[USDollar]","7","[]","1997","[P1Y]","[]","AmountOutstanding_Debt_LongTermExternalDebt_LenderCountryUKR"
"[USDollar]","35","[]","1973","[P1Y]","[]","AmountOutstanding_Debt_LongTermExternalDebt_LenderCountrySGP"
"[USDollar]","27","[]","1970","[P1Y]","[]","AmountOutstanding_Debt_PrivateCreditor_PubliclyGuaranteed_CommercialBank_LongTermExternalDebt_LenderCountryZAF"
"[USDollar]","10","[]","1980","[P1Y]","[]","AmountOutstanding_Debt_LongTermExternalDebt_LenderCountryBFA"
"[USDollar]","5","[]","2006","[P1Y]","[]","AmountOutstanding_Debt_PrivateCreditor_PubliclyGuaranteed_LongTermExternalDebt_LenderCountrySYR"
"[USDollar]","7","[]","1985","[P1Y]","[]","AmountOutstanding_Debt_OfficialCreditor_PubliclyGuaranteed_LongTermExternalDebt_LenderEconCommoftheGreatLakesCountries"
"[USDollar]","6","[]","1976","[P1Y]","[]","AmountOutstanding_Debt_PrivateCreditor_PubliclyGuaranteed_LongTermExternalDebt_LenderCountryGAB"
"[USDollar]","5","[]","1990","[P1Y]","[]","AmountOutstanding_Debt_OfficialCreditor_PubliclyGuaranteed_Multilateral_LongTermExternalDebt_LenderInternationalInvestmentBank"
"[USDollar]","55","[]","1970","[P1Y]","[]","AmountOutstanding_Debt_LongTermExternalDebt_LenderGermanDemRep"
"[USDollar]","31","[]","1992","[P1Y]","[]","AmountOutstanding_Debt_OfficialCreditor_PubliclyGuaranteed_LongTermExternalDebt_LenderEuropeanBankforReconstructionandDev"
"[USDollar]","112","[]","1976","[P1Y]","[]","AmountOutstanding_Debt_LongTermExternalDebt_LenderOPECFundforInternationalDev"
"[USDollar]","44","[]","1970","[P1Y]","[]","AmountOutstanding_Debt_LongTermExternalDebt_LenderCountryBGR"
"[USDollar]","5","[]","1970","[P1Y]","[]","AmountOutstanding_Debt_PrivateCreditor_PubliclyGuaranteed_LongTermExternalDebt_LenderCountrySLV"
"[USDollar]","7","[]","2000","[P1Y]","[]","AmountOutstanding_Debt_LongTermExternalDebt_LenderCountryBGD"
"[USDollar]","6","[]","1987","[P1Y]","[]","AmountOutstanding_Debt_PrivateCreditor_PubliclyGuaranteed_CommercialBank_LongTermExternalDebt_LenderCountryBOL"
"[USDollar]","57","[]","1970","[P1Y]","[]","AmountOutstanding_Debt_PrivateCreditor_PubliclyGuaranteed_LongTermExternalDebt_LenderCountryDNK"
"[USDollar]","22","[]","1970","[P1Y]","[]","AmountOutstanding_Debt_OfficialCreditor_PubliclyGuaranteed_LongTermExternalDebt_LenderCountryQAT"
"[USDollar]","6","[]","1971","[P1Y]","[]","AmountOutstanding_Debt_OfficialCreditor_Concessional_PubliclyGuaranteed_Multilateral_LongTermExternalDebt_LenderWorldBankMIGA"
"[USDollar]","13","[]","1972","[P1Y]","[]","AmountOutstanding_Debt_OfficialCreditor_PubliclyGuaranteed_LongTermExternalDebt_LenderEntenteCouncil"
"[USDollar]","7","[]","2011","[P1Y]","[]","AmountOutstanding_Debt_OfficialCreditor_PubliclyGuaranteed_LongTermExternalDebt_LenderCountrySEN"
"[USDollar]","28","[]","1992","[P1Y]","[]","AmountOutstanding_Debt_PrivateCreditor_PubliclyGuaranteed_WorldBankOtherPrivate_LongTermExternalDebt_LenderCountryCZE"
"[USDollar]","102","[]","1970","[P1Y]","[]","AmountOutstanding_Debt_OfficialCreditor_PubliclyGuaranteed_Bilateral_LongTermExternalDebt_LenderCountryGBR"
"[USDollar]","113","[]","1970","[P1Y]","[]","AmountOutstanding_Debt_PrivateCreditor_PubliclyGuaranteed_LongTermExternalDebt_LenderCountryFRA"
"[USDollar]","51","[]","1970","[P1Y]","[]","AmountOutstanding_Debt_PrivateCreditor_PubliclyGuaranteed_WorldBankOtherPrivate_LongTermExternalDebt_LenderCountryNOR"
"[USDollar]","8","[]","1989","[P1Y]","[]","AmountOutstanding_Debt_OfficialCreditor_PubliclyGuaranteed_Multilateral_LongTermExternalDebt_LenderLatinAmerConfofSavingCreditCoop"
"[USDollar]","34","[]","1970","[P1Y]","[]","AmountOutstanding_Debt_LongTermExternalDebt_LenderCountryBHR"
"[USDollar]","121","[]","1978","[P1Y]","[]","AmountOutstanding_Debt_PubliclyGuaranteed_LongTermExternalDebt_LenderInternationalFundforAgriculturalDev"
"[USDollar]","37","[]","1970","[P1Y]","[]","AmountOutstanding_Debt_LongTermExternalDebt_LenderCountryBHS"
"[USDollar]","16","[]","1970","[P1Y]","[]","AmountOutstanding_Debt_OfficialCreditor_PubliclyGuaranteed_Multilateral_LongTermExternalDebt_LenderCorporacionAndinadeFomento"
"[USDollar]","6","[]","2012","[P1Y]","[]","AmountOutstanding_Debt_PubliclyGuaranteed_LongTermExternalDebt_LenderCountryKNA"
"[USDollar]","17","[]","1971","[P1Y]","[]","AmountOutstanding_Debt_PrivateCreditor_PubliclyGuaranteed_CommercialBank_LongTermExternalDebt_LenderCountryMEX"
"[USDollar]","18","[]","1972","[P1Y]","[]","AmountOutstanding_Debt_PubliclyGuaranteed_LongTermExternalDebt_LenderUNDevelopmentProgramme"
"[USDollar]","38","[]","1970","[P1Y]","[]","AmountOutstanding_Debt_PrivateCreditor_PubliclyGuaranteed_WorldBankOtherPrivate_LongTermExternalDebt_LenderCountryAUS"
"[USDollar]","75","[]","1970","[P1Y]","[]","AmountOutstanding_Debt_PrivateCreditor_PubliclyGuaranteed_WorldBankOtherPrivate_LongTermExternalDebt_LenderCountryAUT"
"[USDollar]","19","[]","1970","[P1Y]","[]","AmountOutstanding_Debt_PrivateCreditor_PubliclyGuaranteed_CommercialBank_LongTermExternalDebt_LenderCountrySRB"
"[USDollar]","7","[]","2018","[P1Y]","[]","AmountOutstanding_Debt_PrivateCreditor_PubliclyGuaranteed_WorldBankOtherPrivate_LongTermExternalDebt_LenderCountryLKA"
"[USDollar]","5","[]","2005","[P1Y]","[]","AmountOutstanding_Debt_PrivateCreditor_PubliclyGuaranteed_LongTermExternalDebt_LenderCountryBIH"
"[USDollar]","37","[]","1970","[P1Y]","[]","AmountOutstanding_Debt_PrivateCreditor_PubliclyGuaranteed_LongTermExternalDebt_LenderCountryHUN"
"[USDollar]","5","[]","1990","[P1Y]","[]","AmountOutstanding_Debt_LongTermExternalDebt_LenderCountryHTI"
"[USDollar]","24","[]","1973","[P1Y]","[]","AmountOutstanding_Debt_OfficialCreditor_PubliclyGuaranteed_LongTermExternalDebt_LenderEconomicCommunityofWestAfricanStates"
"[USDollar]","10","[]","1971","[P1Y]","[]","AmountOutstanding_Debt_OfficialCreditor_PubliclyGuaranteed_Multilateral_LongTermExternalDebt_LenderEastAfricanCommunity"
"[USDollar]","35","[]","1979","[P1Y]","[]","AmountOutstanding_Debt_OfficialCreditor_PubliclyGuaranteed_LongTermExternalDebt_LenderNordicInvestmentBank"
"[USDollar]","18","[]","1976","[P1Y]","[]","AmountOutstanding_Debt_OfficialCreditor_PubliclyGuaranteed_LongTermExternalDebt_LenderCountryLUX"
"[USDollar]","10","[]","1970","[P1Y]","[]","AmountOutstanding_Debt_OfficialCreditor_PubliclyGuaranteed_LongTermExternalDebt_LenderEuropeanSocialFund"
"[USDollar]","25","[]","1972","[P1Y]","[]","AmountOutstanding_Debt_PrivateCreditor_PubliclyGuaranteed_WorldBankOtherPrivate_LongTermExternalDebt_LenderCountryPRT"
"[USDollar]","123","[]","1970","[P1Y]","[]","AmountOutstanding_Debt_OfficialCreditor_PubliclyGuaranteed_LongTermExternalDebt_LenderCountryDEU"
"[USDollar]","6","[]","1983","[P1Y]","[]","AmountOutstanding_Debt_PrivateCreditor_PubliclyGuaranteed_LongTermExternalDebt_LenderCountryURY"
"[USDollar]","5","[]","1989","[P1Y]","[]","AmountOutstanding_Debt_PrivateCreditor_PubliclyGuaranteed_CommercialBank_LongTermExternalDebt_LenderCountryMCO"
"[USDollar]","18","[]","1972","[P1Y]","[]","AmountOutstanding_Debt_OfficialCreditor_PubliclyGuaranteed_Multilateral_LongTermExternalDebt_LenderUNDevelopmentProgramme"
"[USDollar]","10","[]","1987","[P1Y]","[]","AmountOutstanding_Debt_LongTermExternalDebt_LenderArabFundforTechAssisttoAfricanCountries"
"[USDollar]","11","[]","1974","[P1Y]","[]","AmountOutstanding_Debt_PrivateCreditor_PubliclyGuaranteed_WorldBankOtherPrivate_LongTermExternalDebt_LenderCountryCYM"
"[USDollar]","51","[]","1977","[P1Y]","[]","AmountOutstanding_Debt_OfficialCreditor_Concessional_PubliclyGuaranteed_Multilateral_LongTermExternalDebt_LenderEuropeanEconomicCommunity"
"[USDollar]","8","[]","2005","[P1Y]","[]","AmountOutstanding_Debt_LongTermExternalDebt_LenderCountryBIH"
"[USDollar]","54","[]","1970","[P1Y]","[]","AmountOutstanding_Debt_LongTermExternalDebt_LenderCountryHUN"
"[USDollar]","17","[]","1989","[P1Y]","[]","AmountOutstanding_Debt_PrivateCreditor_PubliclyGuaranteed_WorldBankOtherPrivate_LongTermExternalDebt_LenderCountryCYP"
"[USDollar]","47","[]","1972","[P1Y]","[]","AmountOutstanding_Debt_OfficialCreditor_PubliclyGuaranteed_LongTermExternalDebt_LenderCountryFIN"
"[USDollar]","7","[]","1985","[P1Y]","[]","AmountOutstanding_Debt_PrivateCreditor_PubliclyGuaranteed_WorldBankOtherPrivate_LongTermExternalDebt_LenderCountryRWA"
"[USDollar]","6","[]","2002","[P1Y]","[]","AmountOutstanding_Debt_OfficialCreditor_PubliclyGuaranteed_Bilateral_LongTermExternalDebt_LenderCountryVCT"
"[USDollar]","7","[]","1981","[P1Y]","[]","AmountOutstanding_Debt_OfficialCreditor_PubliclyGuaranteed_LongTermExternalDebt_LenderCountryHND"
"[USDollar]","96","[]","1970","[P1Y]","[]","AmountOutstanding_Debt_PrivateCreditor_PubliclyGuaranteed_CommercialBank_LongTermExternalDebt_LenderCountryUSA"
"[USDollar]","16","[]","1970","[P1Y]","[]","AmountOutstanding_Debt_OfficialCreditor_PubliclyGuaranteed_LongTermExternalDebt_LenderCountryNZL"
"[USDollar]","6","[]","1983","[P1Y]","[]","AmountOutstanding_Debt_PrivateCreditor_PubliclyGuaranteed_CommercialBank_LongTermExternalDebt_LenderCountryURY"
"[USDollar]","11","[]","1970","[P1Y]","[]","AmountOutstanding_Debt_PrivateCreditor_PubliclyGuaranteed_CommercialBank_LongTermExternalDebt_LenderCountryBMU"
"[USDollar]","6","[]","2002","[P1Y]","[]","AmountOutstanding_Debt_PubliclyGuaranteed_LongTermExternalDebt_LenderCountryVCT"
"[USDollar]","58","[]","1975","[P1Y]","[]","AmountOutstanding_Debt_OfficialCreditor_Concessional_PubliclyGuaranteed_Bilateral_LongTermExternalDebt_LenderCountryKOR"
"[USDollar]","8","[]","2010","[P1Y]","[]","AmountOutstanding_Debt_OfficialCreditor_Concessional_PubliclyGuaranteed_Multilateral_LongTermExternalDebt_LenderEurasianDevelopmentBank"
"[USDollar]","7","[]","1985","[P1Y]","[]","AmountOutstanding_Debt_PrivateCreditor_PubliclyGuaranteed_WorldBankOtherPrivate_LongTermExternalDebt_LenderCountryPRK"
"[USDollar]","122","[]","1970","[P1Y]","[]","AmountOutstanding_Debt_LongTermExternalDebt_LenderEuropeanInvestmentBank"
"[USDollar]","9","[]","1970","[P1Y]","[]","AmountOutstanding_Debt_PubliclyGuaranteed_LongTermExternalDebt_LenderCountryZMB"
"[USDollar]","37","[]","1991","[P1Y]","[]","AmountOutstanding_Debt_PrivateCreditor_PubliclyGuaranteed_WorldBankOtherPrivate_LongTermExternalDebt_LenderCountryRUS"
"[USDollar]","7","[]","1981","[P1Y]","[]","AmountOutstanding_Debt_PrivateCreditor_PubliclyGuaranteed_LongTermExternalDebt_LenderCountryMAC"
"[USDollar]","11","[]","1978","[P1Y]","[]","AmountOutstanding_Debt_PubliclyGuaranteed_LongTermExternalDebt_LenderCountryECU"
"[USDollar]","18","[]","1977","[P1Y]","[]","AmountOutstanding_Debt_PrivateCreditor_PubliclyGuaranteed_LongTermExternalDebt_LenderCountryMAR"
"[USDollar]","16","[]","1974","[P1Y]","[]","AmountOutstanding_Debt_OfficialCreditor_Concessional_PubliclyGuaranteed_Bilateral_LongTermExternalDebt_LenderCountryVEN"
"[USDollar]","21","[]","1972","[P1Y]","[]","AmountOutstanding_Debt_OfficialCreditor_Concessional_PubliclyGuaranteed_Multilateral_LongTermExternalDebt_LenderArabFundforEconomicSocialDevelopment"
"[USDollar]","94","[]","1970","[P1Y]","[]","AmountOutstanding_Debt_OfficialCreditor_PubliclyGuaranteed_LongTermExternalDebt_LenderCountrySAU"
"[USDollar]","113","[]","1970","[P1Y]","[]","AmountOutstanding_Debt_OfficialCreditor_PubliclyGuaranteed_LongTermExternalDebt_LenderCountryJPN"
"[USDollar]","86","[]","1970","[P1Y]","[]","AmountOutstanding_Debt_LongTermExternalDebt_LenderCountryDNK"
"[USDollar]","5","[]","1970","[P1Y]","[]","AmountOutstanding_Debt_PrivateCreditor_PubliclyGuaranteed_WorldBankOtherPrivate_LongTermExternalDebt_LenderCountryTZA"
"[USDollar]","12","[]","1973","[P1Y]","[]","AmountOutstanding_Debt_LongTermExternalDebt_LenderWestAfricanMonetaryUnion"
"[USDollar]","76","[]","1975","[P1Y]","[]","AmountOutstanding_Debt_PubliclyGuaranteed_LongTermExternalDebt_LenderCountryKOR"
"[USDollar]","13","[]","1988","[P1Y]","[]","AmountOutstanding_Debt_PubliclyGuaranteed_LongTermExternalDebt_LenderInternationalBankforEconomicCooperation"
"[USDollar]","127","[]","1970","[P1Y]","[]","AmountOutstanding_Debt_LongTermExternalDebt_LenderCountryFRA"
"[USDollar]","42","[]","1970","[P1Y]","[]","AmountOutstanding_Debt_OfficialCreditor_PubliclyGuaranteed_LongTermExternalDebt_LenderCountryBGR"
"[USDollar]","77","[]","1970","[P1Y]","[]","AmountOutstanding_Debt_PubliclyGuaranteed_LongTermExternalDebt_LenderEuropeanDevelopmentFund"
"[USDollar]","14","[]","1974","[P1Y]","[]","AmountOutstanding_Debt_LongTermExternalDebt_LenderOrgofArabPetroleumExportingCountries"
"[USDollar]","23","[]","1974","[P1Y]","[]","AmountOutstanding_Debt_OfficialCreditor_PubliclyGuaranteed_Multilateral_LongTermExternalDebt_LenderArabAfricanInternationalBank"
"[USDollar]","6","[]","1974","[P1Y]","[]","AmountOutstanding_Debt_OfficialCreditor_PubliclyGuaranteed_Multilateral_LongTermExternalDebt_LenderUNHighCommissionerforRefugees"
"[USDollar]","7","[]","1981","[P1Y]","[]","AmountOutstanding_Debt_LongTermExternalDebt_LenderCountryMAC"
"[USDollar]","5","[]","1985","[P1Y]","[]","AmountOutstanding_Debt_PrivateCreditor_PubliclyGuaranteed_CommercialBank_LongTermExternalDebt_LenderCountryMAC"
"[USDollar]","9","[]","1970","[P1Y]","[]","AmountOutstanding_Debt_PubliclyGuaranteed_LongTermExternalDebt_LenderEUROFIMA"
"[USDollar]","7","[]","1998","[P1Y]","[]","AmountOutstanding_Debt_OfficialCreditor_PubliclyGuaranteed_Bilateral_LongTermExternalDebt_LenderCountryKGZ"
"[USDollar]","10","[]","1987","[P1Y]","[]","AmountOutstanding_Debt_PubliclyGuaranteed_LongTermExternalDebt_LenderArabFundforTechAssisttoAfricanCountries"
"[USDollar]","10","[]","2017","[P1Y]","[]","AmountOutstanding_Debt_LongTermExternalDebt_LenderNewDevelopmentBank"
"[USDollar]","11","[]","1970","[P1Y]","[]","AmountOutstanding_Debt_PubliclyGuaranteed_LongTermExternalDebt_LenderCountryGHA"
"[USDollar]","23","[]","1978","[P1Y]","[]","AmountOutstanding_Debt_LongTermExternalDebt_LenderArabMonetaryFund"
"[USDollar]","34","[]","1970","[P1Y]","[]","AmountOutstanding_Debt_PubliclyGuaranteed_LongTermExternalDebt_LenderCountryVEN"
"[USDollar]","17","[]","1977","[P1Y]","[]","AmountOutstanding_Debt_LongTermExternalDebt_LenderWestAfricanDevelopmentBank"
"[USDollar]","7","[]","2011","[P1Y]","[]","AmountOutstanding_Debt_OfficialCreditor_PubliclyGuaranteed_Bilateral_LongTermExternalDebt_LenderCountryMLI"
"[USDollar]","35","[]","1970","[P1Y]","[]","AmountOutstanding_Debt_OfficialCreditor_PubliclyGuaranteed_Multilateral_LongTermExternalDebt_LenderInternationalFinanceCorporation"
"[USDollar]","10","[]","1970","[P1Y]","[]","AmountOutstanding_Debt_LongTermExternalDebt_LenderCountrySLV"
"[USDollar]","82","[]","1970","[P1Y]","[]","AmountOutstanding_Debt_PrivateCreditor_PubliclyGuaranteed_WorldBankOtherPrivate_LongTermExternalDebt_LenderCountryNLD"
"[USDollar]","17","[]","1980","[P1Y]","[]","AmountOutstanding_Debt_OfficialCreditor_PubliclyGuaranteed_LongTermExternalDebt_LenderCentralBankofWestAfricanStates"
"[USDollar]","105","[]","1970","[P1Y]","[]","AmountOutstanding_Debt_PubliclyGuaranteed_LongTermExternalDebt_LenderWorldBankIBRD"
"[USDollar]","14","[]","1970","[P1Y]","[]","AmountOutstanding_Debt_OfficialCreditor_PubliclyGuaranteed_Bilateral_LongTermExternalDebt_LenderCountryIDN"
"[USDollar]","38","[]","1970","[P1Y]","[]","AmountOutstanding_Debt_PrivateCreditor_PubliclyGuaranteed_WorldBankOtherPrivate_LongTermExternalDebt_LenderCountryPOL"
"[USDollar]","94","[]","1970","[P1Y]","[]","AmountOutstanding_Debt_PubliclyGuaranteed_LongTermExternalDebt_LenderCountryCAN"
"[USDollar]","13","[]","1988","[P1Y]","[]","AmountOutstanding_Debt_LongTermExternalDebt_LenderInternationalBankforEconomicCooperation"
"[USDollar]","16","[]","1994","[P1Y]","[]","AmountOutstanding_Debt_LongTermExternalDebt_LenderCountryBLR"
"[USDollar]","7","[]","1982","[P1Y]","[]","AmountOutstanding_Debt_OfficialCreditor_Concessional_PubliclyGuaranteed_Multilateral_LongTermExternalDebt_LenderWestAfricanMonetaryUnion"
"[USDollar]","7","[]","2011","[P1Y]","[]","AmountOutstanding_Debt_PubliclyGuaranteed_LongTermExternalDebt_LenderCountryTCD"
"[USDollar]","103","[]","1970","[P1Y]","[]","AmountOutstanding_Debt_PubliclyGuaranteed_LongTermExternalDebt_LenderBondholders"
"[USDollar]","20","[]","1988","[P1Y]","[]","AmountOutstanding_Debt_PrivateCreditor_PubliclyGuaranteed_WorldBankOtherPrivate_LongTermExternalDebt_LenderCountryARE"
"[USDollar]","33","[]","1970","[P1Y]","[]","AmountOutstanding_Debt_PrivateCreditor_PubliclyGuaranteed_WorldBankOtherPrivate_LongTermExternalDebt_LenderCountryARG"
"[USDollar]","11","[]","2009","[P1Y]","[]","AmountOutstanding_Debt_PubliclyGuaranteed_LongTermExternalDebt_LenderECOTradeandDevBank"
"[USDollar]","5","[]","1986","[P1Y]","[]","AmountOutstanding_Debt_PrivateCreditor_PubliclyGuaranteed_LongTermExternalDebt_LenderCountryMCO"
"[USDollar]","69","[]","1970","[P1Y]","[]","AmountOutstanding_Debt_OfficialCreditor_PubliclyGuaranteed_Bilateral_LongTermExternalDebt_LenderCountrySWE"
"[USDollar]","39","[]","2016","[P1Y]","[]","AmountOutstanding_Debt_OfficialCreditor_PubliclyGuaranteed_Multilateral_LongTermExternalDebt_LenderAsianInfrastructureInvestmentBank"
"[USDollar]","12","[]","2000","[P1Y]","[]","AmountOutstanding_Debt_OfficialCreditor_PubliclyGuaranteed_LongTermExternalDebt_LenderCountryHRV"
"[USDollar]","5","[]","2004","[P1Y]","[]","AmountOutstanding_Debt_PubliclyGuaranteed_LongTermExternalDebt_LenderCountryGIB"
"[USDollar]","113","[]","1970","[P1Y]","[]","AmountOutstanding_Debt_PrivateCreditor_PubliclyGuaranteed_LongTermExternalDebt_LenderCountryUSA"
"[USDollar]","51","[]","1983","[P1Y]","[]","AmountOutstanding_Debt_PubliclyGuaranteed_LongTermExternalDebt_LenderNordicDevelopmentFund"
"[USDollar]","21","[]","1970","[P1Y]","[]","AmountOutstanding_Debt_LongTermExternalDebt_LenderCountryMAR"
"[USDollar]","36","[]","1970","[P1Y]","[]","AmountOutstanding_Debt_OfficialCreditor_PubliclyGuaranteed_Bilateral_LongTermExternalDebt_LenderCountryDZA"
"[USDollar]","15","[]","1981","[P1Y]","[]","AmountOutstanding_Debt_PrivateCreditor_PubliclyGuaranteed_CommercialBank_LongTermExternalDebt_LenderCountryMAR"
"[USDollar]","14","[]","1974","[P1Y]","[]","AmountOutstanding_Debt_OfficialCreditor_PubliclyGuaranteed_LongTermExternalDebt_LenderOrgofArabPetroleumExportingCountries"
"[USDollar]","18","[]","1970","[P1Y]","[]","AmountOutstanding_Debt_PrivateCreditor_PubliclyGuaranteed_LongTermExternalDebt_LenderCountryBMU"
"[USDollar]","17","[]","2000","[P1Y]","[]","AmountOutstanding_Debt_PubliclyGuaranteed_LongTermExternalDebt_LenderCountryMUS"
"[USDollar]","18","[]","1970","[P1Y]","[]","AmountOutstanding_Debt_LongTermExternalDebt_LenderCountryBMU"
"[USDollar]","62","[]","1970","[P1Y]","[]","AmountOutstanding_Debt_OfficialCreditor_Concessional_PubliclyGuaranteed_Bilateral_LongTermExternalDebt_LenderCountryGBR"
"[USDollar]","8","[]","1970","[P1Y]","[]","AmountOutstanding_Debt_PrivateCreditor_PubliclyGuaranteed_WorldBankOtherPrivate_LongTermExternalDebt_LenderCountryCUB"
"[USDollar]","8","[]","1971","[P1Y]","[]","AmountOutstanding_Debt_LongTermExternalDebt_LenderInternationalCoffeeOrganization"
"[USDollar]","125","[]","1970","[P1Y]","[]","AmountOutstanding_Debt_LongTermExternalDebt_LenderCountryUSA"
"[USDollar]","88","[]","1970","[P1Y]","[]","AmountOutstanding_Debt_OfficialCreditor_PubliclyGuaranteed_LongTermExternalDebt_LenderCountryBEL"
"[USDollar]","99","[]","1970","[P1Y]","[]","AmountOutstanding_Debt_PrivateCreditor_PubliclyGuaranteed_CommercialBank_LongTermExternalDebt_LenderCountryFRA"
"[USDollar]","7","[]","2011","[P1Y]","[]","AmountOutstanding_Debt_OfficialCreditor_PubliclyGuaranteed_LongTermExternalDebt_LenderCountryBEN"
"[USDollar]","7","[]","1998","[P1Y]","[]","AmountOutstanding_Debt_PrivateCreditor_PubliclyGuaranteed_LongTermExternalDebt_LenderCountryKAZ"
"[USDollar]","17","[]","1972","[P1Y]","[]","AmountOutstanding_Debt_PrivateCreditor_PubliclyGuaranteed_CommercialBank_LongTermExternalDebt_LenderCountryHUN"
"[USDollar]","50","[]","1970","[P1Y]","[]","AmountOutstanding_Debt_PrivateCreditor_PubliclyGuaranteed_LongTermExternalDebt_LenderCountrySRB"
"[USDollar]","90","[]","1970","[P1Y]","[]","AmountOutstanding_Debt_PubliclyGuaranteed_LongTermExternalDebt_LenderCountryIND"
"[USDollar]","21","[]","1970","[P1Y]","[]","AmountOutstanding_Debt_PrivateCreditor_PubliclyGuaranteed_LongTermExternalDebt_LenderCountryMEX"
"[USDollar]","10","[]","1977","[P1Y]","[]","AmountOutstanding_Debt_LongTermExternalDebt_LenderCountryURY"
"[USDollar]","6","[]","2003","[P1Y]","[]","AmountOutstanding_Debt_LongTermExternalDebt_LenderCountryBLZ"
"[USDollar]","5","[]","1997","[P1Y]","[]","AmountOutstanding_Debt_OfficialCreditor_PubliclyGuaranteed_LongTermExternalDebt_LenderCountryUKR"
"[USDollar]","16","[]","1980","[P1Y]","[]","AmountOutstanding_Debt_OfficialCreditor_PubliclyGuaranteed_LongTermExternalDebt_LenderCountrySGP"
"[USDollar]","5","[]","1993","[P1Y]","[]","AmountOutstanding_Debt_LongTermExternalDebt_LenderCountryMDA"
"[USDollar]","14","[]","1972","[P1Y]","[]","AmountOutstanding_Debt_PrivateCreditor_PubliclyGuaranteed_WorldBankOtherPrivate_LongTermExternalDebt_LenderCountryTUN"
"[USDollar]","16","[]","1973","[P1Y]","[]","AmountOutstanding_Debt_PrivateCreditor_PubliclyGuaranteed_WorldBankOtherPrivate_LongTermExternalDebt_LenderCountryTUR"
"[USDollar]","8","[]","1971","[P1Y]","[]","AmountOutstanding_Debt_OfficialCreditor_PubliclyGuaranteed_LongTermExternalDebt_LenderInternationalCoffeeOrganization"
"[USDollar]","28","[]","1970","[P1Y]","[]","AmountOutstanding_Debt_PubliclyGuaranteed_LongTermExternalDebt_LenderCountryEGY"
"[USDollar]","8","[]","2001","[P1Y]","[]","AmountOutstanding_Debt_OfficialCreditor_PubliclyGuaranteed_LongTermExternalDebt_LenderCountryBDI"
"[USDollar]","37","[]","1970","[P1Y]","[]","AmountOutstanding_Debt_PrivateCreditor_PubliclyGuaranteed_CommercialBank_LongTermExternalDebt_LenderCountryDNK"
"[USDollar]","5","[]","1986","[P1Y]","[]","AmountOutstanding_Debt_LongTermExternalDebt_LenderCountryMCO"
"[USDollar]","6","[]","1971","[P1Y]","[]","AmountOutstanding_Debt_PrivateCreditor_PubliclyGuaranteed_LongTermExternalDebt_LenderCountryBOL"
"[USDollar]","10","[]","1974","[P1Y]","[]","AmountOutstanding_Debt_OfficialCreditor_PubliclyGuaranteed_Bilateral_LongTermExternalDebt_LenderCountryGAB"
"[USDollar]","6","[]","1974","[P1Y]","[]","AmountOutstanding_Debt_LongTermExternalDebt_LenderUNHighCommissionerforRefugees"
"[USDollar]","62","[]","1989","[P1Y]","[]","AmountOutstanding_Debt_PrivateNonGuaranteed_LongTermExternalDebt_LenderBondholders"
"[USDollar]","7","[]","2009","[P1Y]","[]","AmountOutstanding_Debt_LongTermExternalDebt_LenderCountryLCA"
"[USDollar]","123","[]","1970","[P1Y]","[]","AmountOutstanding_Debt_OfficialCreditor_PubliclyGuaranteed_Bilateral_LongTermExternalDebt_LenderCountryDEU"
"[USDollar]","14","[]","1972","[P1Y]","[]","AmountOutstanding_Debt_LongTermExternalDebt_LenderCountryNGA"
"[USDollar]","8","[]","1988","[P1Y]","[]","AmountOutstanding_Debt_PrivateCreditor_PubliclyGuaranteed_WorldBankOtherPrivate_LongTermExternalDebt_LenderCountryTTO"
"[USDollar]","7","[]","1987","[P1Y]","[]","AmountOutstanding_Debt_PrivateCreditor_PubliclyGuaranteed_CommercialBank_LongTermExternalDebt_LenderCountryBGR"
"[USDollar]","122","[]","1970","[P1Y]","[]","AmountOutstanding_Debt_PubliclyGuaranteed_LongTermExternalDebt_LenderEuropeanInvestmentBank"
"[USDollar]","7","[]","1981","[P1Y]","[]","AmountOutstanding_Debt_OfficialCreditor_PubliclyGuaranteed_Bilateral_LongTermExternalDebt_LenderCountryHND"
"[USDollar]","56","[]","1970","[P1Y]","[]","AmountOutstanding_Debt_LongTermExternalDebt_LenderCountryLBY"
"[USDollar]","12","[]","1995","[P1Y]","[]","AmountOutstanding_Debt_OfficialCreditor_PubliclyGuaranteed_LongTermExternalDebt_LenderCountryCMR"
"[USDollar]","5","[]","1990","[P1Y]","[]","AmountOutstanding_Debt_PubliclyGuaranteed_LongTermExternalDebt_LenderCountryGMB"
"[USDollar]","11","[]","2010","[P1Y]","[]","AmountOutstanding_Debt_LongTermExternalDebt_LenderWorldTradeOrganization"
"[USDollar]","16","[]","1970","[P1Y]","[]","AmountOutstanding_Debt_OfficialCreditor_PubliclyGuaranteed_Bilateral_LongTermExternalDebt_LenderCountryNZL"
"[USDollar]","7","[]","1974","[P1Y]","[]","AmountOutstanding_Debt_OfficialCreditor_PubliclyGuaranteed_LongTermExternalDebt_LenderCountryGUY"
"[USDollar]","7","[]","1982","[P1Y]","[]","AmountOutstanding_Debt_LongTermExternalDebt_LenderUNWorldFoodProgramme"
"[USDollar]","12","[]","1979","[P1Y]","[]","AmountOutstanding_Debt_OfficialCreditor_PubliclyGuaranteed_Multilateral_LongTermExternalDebt_LenderPlataBasinFinancialDevFund"
"[USDollar]","5","[]","1990","[P1Y]","[]","AmountOutstanding_Debt_OfficialCreditor_Concessional_PubliclyGuaranteed_Bilateral_LongTermExternalDebt_LenderCountryMYS"
"[USDollar]","11","[]","2007","[P1Y]","[]","AmountOutstanding_Debt_OfficialCreditor_Concessional_PubliclyGuaranteed_Multilateral_LongTermExternalDebt_LenderCouncilofEurope"
"[USDollar]","18","[]","1970","[P1Y]","[]","AmountOutstanding_Debt_LongTermExternalDebt_LenderCountryLBN"
"[USDollar]","5","[]","1998","[P1Y]","[]","AmountOutstanding_Debt_OfficialCreditor_PubliclyGuaranteed_LongTermExternalDebt_LenderBankforInternationalSettlements"
"[USDollar]","13","[]","1980","[P1Y]","[]","AmountOutstanding_Debt_LongTermExternalDebt_LenderCountryLBR"
"[USDollar]","134","[]","1970","[P1Y]","[]","AmountOutstanding_Debt_OfficialCreditor_PubliclyGuaranteed_Multilateral_LongTermExternalDebt"
"[USDollar]","32","[]","1972","[P1Y]","[]","AmountOutstanding_Debt_OfficialCreditor_PubliclyGuaranteed_Multilateral_LongTermExternalDebt_LenderArabFundforEconomicSocialDevelopment"
"[USDollar]","30","[]","1976","[P1Y]","[]","AmountOutstanding_Debt_PrivateCreditor_PubliclyGuaranteed_CommercialBank_LongTermExternalDebt_LenderCountryBHR"
"[USDollar]","33","[]","1970","[P1Y]","[]","AmountOutstanding_Debt_PrivateCreditor_PubliclyGuaranteed_CommercialBank_LongTermExternalDebt_LenderCountryBHS"
"[USDollar]","7","[]","1975","[P1Y]","[]","AmountOutstanding_Debt_OfficialCreditor_Concessional_PubliclyGuaranteed_Bilateral_LongTermExternalDebt_LenderCountryTGO"
"[USDollar]","15","[]","1974","[P1Y]","[]","AmountOutstanding_Debt_LongTermExternalDebt_LenderCountryTTO"
"[USDollar]","5","[]","1998","[P1Y]","[]","AmountOutstanding_Debt_LongTermExternalDebt_LenderBankforInternationalSettlements"
"[USDollar]","5","[]","1978","[P1Y]","[]","AmountOutstanding_Debt_OfficialCreditor_PubliclyGuaranteed_LongTermExternalDebt_LenderEuropeanCoalandSteelCommunity"
"[USDollar]","17","[]","1970","[P1Y]","[]","AmountOutstanding_Debt_OfficialCreditor_PubliclyGuaranteed_LongTermExternalDebt_LenderCentralAmericanBankforEconIntegration"
"[USDollar]","39","[]","1970","[P1Y]","[]","AmountOutstanding_Debt_PrivateCreditor_PubliclyGuaranteed_WorldBankOtherPrivate_LongTermExternalDebt_LenderCountryROU"
"[USDollar]","14","[]","1973","[P1Y]","[]","AmountOutstanding_Debt_OfficialCreditor_Concessional_PubliclyGuaranteed_Bilateral_LongTermExternalDebt_LenderCountryIRN"
"[USDollar]","21","[]","1981","[P1Y]","[]","AmountOutstanding_Debt_PrivateCreditor_PubliclyGuaranteed_LongTermExternalDebt_LenderCountryEGY"
"[USDollar]","6","[]","2010","[P1Y]","[]","AmountOutstanding_Debt_OfficialCreditor_PubliclyGuaranteed_Multilateral_LongTermExternalDebt_LenderBolivarianAlliancefortheAmericas"
"[USDollar]","10","[]","1975","[P1Y]","[]","AmountOutstanding_Debt_PubliclyGuaranteed_LongTermExternalDebt_LenderCountryTGO"
"[USDollar]","15","[]","1970","[P1Y]","[]","AmountOutstanding_Debt_LongTermExternalDebt_LenderCouncilofEurope"
"[USDollar]","10","[]","1999","[P1Y]","[]","AmountOutstanding_Debt_OfficialCreditor_Concessional_PubliclyGuaranteed_Multilateral_LongTermExternalDebt_LenderEconomicCommunityofWestAfricanStates"
"[USDollar]","12","[]","1979","[P1Y]","[]","AmountOutstanding_Debt_LongTermExternalDebt_LenderCountryCRI"
"[USDollar]","23","[]","1970","[P1Y]","[]","AmountOutstanding_Debt_OfficialCreditor_Concessional_PubliclyGuaranteed_Bilateral_LongTermExternalDebt_LenderCountryIRQ"
"[USDollar]","56","[]","1970","[P1Y]","[]","AmountOutstanding_Debt_LongTermExternalDebt_LenderCountryROU"
"[USDollar]","10","[]","1996","[P1Y]","[]","AmountOutstanding_Debt_OfficialCreditor_Concessional_PubliclyGuaranteed_Bilateral_LongTermExternalDebt_LenderCountryTHA"
"[USDollar]","129","[]","1970","[P1Y]","[]","AmountOutstanding_Debt_PrivateCreditor_PubliclyGuaranteed_WorldBankOtherPrivate_LongTermExternalDebt"
"[USDollar]","5","[]","1990","[P1Y]","[]","AmountOutstanding_Debt_PrivateCreditor_PubliclyGuaranteed_CommercialBank_LongTermExternalDebt_LenderCountryHTI"
"[USDollar]","47","[]","1972","[P1Y]","[]","AmountOutstanding_Debt_OfficialCreditor_PubliclyGuaranteed_Bilateral_LongTermExternalDebt_LenderCountryFIN"
"[USDollar]","5","[]","1983","[P1Y]","[]","AmountOutstanding_Debt_PrivateCreditor_PubliclyGuaranteed_WorldBankOtherPrivate_LongTermExternalDebt_LenderCountryLBY"
"[USDollar]","18","[]","1976","[P1Y]","[]","AmountOutstanding_Debt_OfficialCreditor_PubliclyGuaranteed_Bilateral_LongTermExternalDebt_LenderCountryLUX"
"[USDollar]","32","[]","1986","[P1Y]","[]","AmountOutstanding_Debt_PubliclyGuaranteed_LongTermExternalDebt_LenderCountryMYS"
"[USDollar]","10","[]","1987","[P1Y]","[]","AmountOutstanding_Debt_OfficialCreditor_PubliclyGuaranteed_LongTermExternalDebt_LenderArabFundforTechAssisttoAfricanCountries"
"[USDollar]","5","[]","1979","[P1Y]","[]","AmountOutstanding_Debt_LongTermExternalDebt_LenderCountryNIC"
"[USDollar]","14","[]","1972","[P1Y]","[]","AmountOutstanding_Debt_LongTermExternalDebt_LenderCountryTUN"
"[USDollar]","13","[]","1974","[P1Y]","[]","AmountOutstanding_Debt_LongTermExternalDebt_LenderArabLeague"
"[USDollar]","7","[]","2011","[P1Y]","[]","AmountOutstanding_Debt_OfficialCreditor_PubliclyGuaranteed_Bilateral_LongTermExternalDebt_LenderCountrySEN"
"[USDollar]","15","[]","1971","[P1Y]","[]","AmountOutstanding_Debt_PrivateCreditor_PubliclyGuaranteed_WorldBankOtherPrivate_LongTermExternalDebt_LenderCountryLBN"
"[USDollar]","30","[]","1970","[P1Y]","[]","AmountOutstanding_Debt_OfficialCreditor_PubliclyGuaranteed_LongTermExternalDebt_LenderInterAmericanDevBank"
"[USDollar]","17","[]","1978","[P1Y]","[]","AmountOutstanding_Debt_OfficialCreditor_PubliclyGuaranteed_LongTermExternalDebt_LenderCountryAGO"
"[USDollar]","6","[]","2011","[P1Y]","[]","AmountOutstanding_Debt_OfficialCreditor_Concessional_PubliclyGuaranteed_Multilateral_LongTermExternalDebt_LenderBolivarianAlliancefortheAmericas"
"[USDollar]","18","[]","1972","[P1Y]","[]","AmountOutstanding_Debt_OfficialCreditor_PubliclyGuaranteed_LongTermExternalDebt_LenderUNDevelopmentProgramme"
"[USDollar]","9","[]","1980","[P1Y]","[]","AmountOutstanding_Debt_PrivateCreditor_PubliclyGuaranteed_WorldBankOtherPrivate_LongTermExternalDebt_LenderCountryLBR"
"[USDollar]","7","[]","1982","[P1Y]","[]","AmountOutstanding_Debt_OfficialCreditor_PubliclyGuaranteed_LongTermExternalDebt_LenderUNWorldFoodProgramme"
"[USDollar]","13","[]","1974","[P1Y]","[]","AmountOutstanding_Debt_OfficialCreditor_PubliclyGuaranteed_LongTermExternalDebt_LenderArabLeague"
"[USDollar]","10","[]","1970","[P1Y]","[]","AmountOutstanding_Debt_OfficialCreditor_PubliclyGuaranteed_LongTermExternalDebt_LenderCountryPER"
"[USDollar]","26","[]","1971","[P1Y]","[]","AmountOutstanding_Debt_PrivateCreditor_PubliclyGuaranteed_LongTermExternalDebt_LenderCountryIRL"
"[USDollar]","7","[]","1997","[P1Y]","[]","AmountOutstanding_Debt_OfficialCreditor_Concessional_PubliclyGuaranteed_Bilateral_LongTermExternalDebt_LenderCountryISR"
"[USDollar]","71","[]","1970","[P1Y]","[]","AmountOutstanding_Debt_OfficialCreditor_Concessional_PubliclyGuaranteed_Bilateral_LongTermExternalDebt_LenderCountryKWT"
"[USDollar]","8","[]","2001","[P1Y]","[]","AmountOutstanding_Debt_OfficialCreditor_PubliclyGuaranteed_Bilateral_LongTermExternalDebt_LenderCountryBDI"
"[USDollar]","22","[]","1970","[P1Y]","[]","AmountOutstanding_Debt_OfficialCreditor_PubliclyGuaranteed_Bilateral_LongTermExternalDebt_LenderCountryQAT"
"[USDollar]","10","[]","1984","[P1Y]","[]","AmountOutstanding_Debt_OfficialCreditor_PubliclyGuaranteed_LongTermExternalDebt_LenderCountryGTM"
"[USDollar]","29","[]","1971","[P1Y]","[]","AmountOutstanding_Debt_PubliclyGuaranteed_LongTermExternalDebt_LenderCountryIRL"
"[USDollar]","12","[]","1979","[P1Y]","[]","AmountOutstanding_Debt_OfficialCreditor_PubliclyGuaranteed_LongTermExternalDebt_LenderPlataBasinFinancialDevFund"
"[USDollar]","8","[]","1989","[P1Y]","[]","AmountOutstanding_Debt_PubliclyGuaranteed_LongTermExternalDebt_LenderLatinAmerConfofSavingCreditCoop"
"[USDollar]","37","[]","1970","[P1Y]","[]","AmountOutstanding_Debt_PubliclyGuaranteed_LongTermExternalDebt_LenderCountryIRN"
"[USDollar]","44","[]","1970","[P1Y]","[]","AmountOutstanding_Debt_PubliclyGuaranteed_LongTermExternalDebt_LenderCountryIRQ"
"[USDollar]","64","[]","1970","[P1Y]","[]","AmountOutstanding_Debt_PrivateCreditor_PubliclyGuaranteed_CommercialBank_LongTermExternalDebt_LenderCountryBEL"
"[USDollar]","11","[]","2011","[P1Y]","[]","AmountOutstanding_Debt_PubliclyGuaranteed_LongTermExternalDebt_LenderCountryGNQ"
"[USDollar]","13","[]","1976","[P1Y]","[]","AmountOutstanding_Debt_PrivateCreditor_PubliclyGuaranteed_LongTermExternalDebt_LenderCountryTHA"
"[USDollar]","9","[]","1990","[P1Y]","[]","AmountOutstanding_Debt_PrivateCreditor_PubliclyGuaranteed_WorldBankOtherPrivate_LongTermExternalDebt_LenderCountryCPV"
"[USDollar]","19","[]","1971","[P1Y]","[]","AmountOutstanding_Debt_PubliclyGuaranteed_LongTermExternalDebt_LenderCountryTHA"
"[USDollar]","7","[]","2003","[P1Y]","[]","AmountOutstanding_Debt_OfficialCreditor_PubliclyGuaranteed_LongTermExternalDebt_LenderCountryNAM"
"[USDollar]","81","[]","1970","[P1Y]","[]","AmountOutstanding_Debt_OfficialCreditor_Concessional_PubliclyGuaranteed_Bilateral_LongTermExternalDebt_LenderCountryITA"
"[USDollar]","109","[]","1970","[P1Y]","[]","AmountOutstanding_Debt_PubliclyGuaranteed_LongTermExternalDebt_LenderCountryITA"
"[USDollar]","7","[]","1992","[P1Y]","[]","AmountOutstanding_Debt_OfficialCreditor_Concessional_PubliclyGuaranteed_Bilateral_LongTermExternalDebt_LenderCountryPAK"
"[USDollar]","31","[]","2010","[P1Y]","[]","AmountOutstanding_Debt_OfficialCreditor_PubliclyGuaranteed_LongTermExternalDebt_LenderAfricanExportImportBank"
"[USDollar]","34","[]","1973","[P1Y]","[]","AmountOutstanding_Debt_OfficialCreditor_Concessional_PubliclyGuaranteed_Bilateral_LongTermExternalDebt_LenderCountryCHE"
"[USDollar]","23","[]","1970","[P1Y]","[]","AmountOutstanding_Debt_PubliclyGuaranteed_LongTermExternalDebt_LenderCountryPAK"
"[USDollar]","20","[]","2002","[P1Y]","[]","AmountOutstanding_Debt_OfficialCreditor_PubliclyGuaranteed_LongTermExternalDebt_LenderEuropeanUnion"
"[USDollar]","38","[]","1970","[P1Y]","[]","AmountOutstanding_Debt_PubliclyGuaranteed_LongTermExternalDebt_LenderCountryPAN"
"[USDollar]","97","[]","1970","[P1Y]","[]","AmountOutstanding_Debt_OfficialCreditor_Concessional_PubliclyGuaranteed_Bilateral_LongTermExternalDebt_LenderCountryCHN"
"[USDollar]","43","[]","1970","[P1Y]","[]","AmountOutstanding_Debt_OfficialCreditor_PubliclyGuaranteed_LongTermExternalDebt_LenderAsianDevBank"
"[USDollar]","5","[]","1988","[P1Y]","[]","AmountOutstanding_Debt_PubliclyGuaranteed_LongTermExternalDebt_LenderCountryISL"
"[USDollar]","11","[]","1976","[P1Y]","[]","AmountOutstanding_Debt_PrivateCreditor_PubliclyGuaranteed_WorldBankOtherPrivate_LongTermExternalDebt_LenderCountryCOL"
"[USDollar]","5","[]","2009","[P1Y]","[]","AmountOutstanding_Debt_PrivateCreditor_PubliclyGuaranteed_CommercialBank_LongTermExternalDebt_LenderCountryUKR"
"[USDollar]","30","[]","1973","[P1Y]","[]","AmountOutstanding_Debt_PrivateCreditor_PubliclyGuaranteed_CommercialBank_LongTermExternalDebt_LenderCountrySGP"
"[USDollar]","69","[]","1970","[P1Y]","[]","AmountOutstanding_Debt_PrivateCreditor_PubliclyGuaranteed_WorldBankOtherPrivate_LongTermExternalDebt_LenderCountryESP"
"[USDollar]","7","[]","1980","[P1Y]","[]","AmountOutstanding_Debt_PrivateCreditor_PubliclyGuaranteed_CommercialBank_LongTermExternalDebt_LenderCountryBFA"
"[USDollar]","110","[]","1970","[P1Y]","[]","AmountOutstanding_Debt_PubliclyGuaranteed_LongTermExternalDebt_LenderCountryKWT"
"[USDollar]","57","[]","1970","[P1Y]","[]","AmountOutstanding_Debt_PubliclyGuaranteed_LongTermExternalDebt_LenderCountryISR"
"[USDollar]","38","[]","1970","[P1Y]","[]","AmountOutstanding_Debt_LongTermExternalDebt_LenderCountryTUR"
"[USDollar]","11","[]","1972","[P1Y]","[]","AmountOutstanding_Debt_LongTermExternalDebt_LenderCountryJAM"
"[USDollar]","20","[]","1991","[P1Y]","[]","AmountOutstanding_Debt_PrivateCreditor_PubliclyGuaranteed_LongTermExternalDebt_LenderCountryMYS"
"[USDollar]","9","[]","2005","[P1Y]","[]","AmountOutstanding_Debt_PubliclyGuaranteed_LongTermExternalDebt_LenderCountryVNM"
"[USDollar]","8","[]","1973","[P1Y]","[]","AmountOutstanding_Debt_PrivateCreditor_PubliclyGuaranteed_WorldBankOtherPrivate_LongTermExternalDebt_LenderCountryPHL"
"[USDollar]","56","[]","1970","[P1Y]","[]","AmountOutstanding_Debt_LongTermExternalDebt_LenderCountryPOL"
"[USDollar]","13","[]","1972","[P1Y]","[]","AmountOutstanding_Debt_OfficialCreditor_PubliclyGuaranteed_LongTermExternalDebt_LenderCountryNGA"
"[USDollar]","17","[]","1977","[P1Y]","[]","AmountOutstanding_Debt_OfficialCreditor_PubliclyGuaranteed_LongTermExternalDebt_LenderWestAfricanDevelopmentBank"
"[USDollar]","7","[]","1982","[P1Y]","[]","AmountOutstanding_Debt_PubliclyGuaranteed_LongTermExternalDebt_LenderUNWorldFoodProgramme"
"[USDollar]","97","[]","1970","[P1Y]","[]","AmountOutstanding_Debt_PubliclyGuaranteed_LongTermExternalDebt_LenderCountryCHE"
"[USDollar]","31","[]","1992","[P1Y]","[]","AmountOutstanding_Debt_OfficialCreditor_PubliclyGuaranteed_Multilateral_LongTermExternalDebt_LenderEuropeanBankforReconstructionandDev"
"[USDollar]","90","[]","1970","[P1Y]","[]","AmountOutstanding_Debt_PrivateCreditor_PubliclyGuaranteed_LongTermExternalDebt_LenderCountryCHE"
"[USDollar]","9","[]","1978","[P1Y]","[]","AmountOutstanding_Debt_PrivateCreditor_PubliclyGuaranteed_CommercialBank_LongTermExternalDebt_LenderGermanDemRep"
"[USDollar]","72","[]","1970","[P1Y]","[]","AmountOutstanding_Debt_OfficialCreditor_Concessional_PubliclyGuaranteed_Bilateral_LongTermExternalDebt_LenderCountryCAN"
"[USDollar]","9","[]","1970","[P1Y]","[]","AmountOutstanding_Debt_PubliclyGuaranteed_LongTermExternalDebt_LenderCountryCHL"
"[USDollar]","21","[]","1970","[P1Y]","[]","AmountOutstanding_Debt_LongTermExternalDebt_LenderCountryCUB"
"[USDollar]","47","[]","1970","[P1Y]","[]","AmountOutstanding_Debt_OfficialCreditor_PubliclyGuaranteed_LongTermExternalDebt_LenderCountryROU"
"[USDollar]","123","[]","1970","[P1Y]","[]","AmountOutstanding_Debt_PubliclyGuaranteed_LongTermExternalDebt_LenderCountryCHN"
"[USDollar]","7","[]","2011","[P1Y]","[]","AmountOutstanding_Debt_OfficialCreditor_Concessional_PubliclyGuaranteed_Bilateral_LongTermExternalDebt_LenderCountryTCD"
"[USDollar]","7","[]","1979","[P1Y]","[]","AmountOutstanding_Debt_PrivateCreditor_PubliclyGuaranteed_LongTermExternalDebt_LenderCountryCHL"
"[USDollar]","12","[]","1979","[P1Y]","[]","AmountOutstanding_Debt_OfficialCreditor_PubliclyGuaranteed_LongTermExternalDebt_LenderCountryCRI"
"[USDollar]","56","[]","1981","[P1Y]","[]","AmountOutstanding_Debt_PrivateCreditor_PubliclyGuaranteed_LongTermExternalDebt_LenderCountryCHN"
"[USDollar]","17","[]","1970","[P1Y]","[]","AmountOutstanding_Debt_PubliclyGuaranteed_LongTermExternalDebt_LenderCountryCIV"
"[USDollar]","98","[]","1970","[P1Y]","[]","AmountOutstanding_Debt_PrivateCreditor_PubliclyGuaranteed_LongTermExternalDebt_LenderCountryITA"
"[USDollar]","12","[]","1993","[P1Y]","[]","AmountOutstanding_Debt_PubliclyGuaranteed_LongTermExternalDebt_LenderCountryTKM"
"[USDollar]","24","[]","1970","[P1Y]","[]","AmountOutstanding_Debt_PubliclyGuaranteed_LongTermExternalDebt_LenderCountryGRC"
"[USDollar]","41","[]","1970","[P1Y]","[]","AmountOutstanding_Debt_OfficialCreditor_Concessional_PubliclyGuaranteed_Bilateral_LongTermExternalDebt_LenderCountryIND"
"[USDollar]","31","[]","1992","[P1Y]","[]","AmountOutstanding_Debt_LongTermExternalDebt_LenderEuropeanBankforReconstructionandDev"
"[USDollar]","37","[]","1970","[P1Y]","[]","AmountOutstanding_Debt_PrivateCreditor_PubliclyGuaranteed_LongTermExternalDebt_LenderCountryPAN"
"[USDollar]","6","[]","2012","[P1Y]","[]","AmountOutstanding_Debt_PubliclyGuaranteed_LongTermExternalDebt_LenderCountryGRD"
"[USDollar]","13","[]","1979","[P1Y]","[]","AmountOutstanding_Debt_OfficialCreditor_PubliclyGuaranteed_LongTermExternalDebt_LenderCountryCPV"
"[USDollar]","98","[]","1970","[P1Y]","[]","AmountOutstanding_Debt_LongTermExternalDebt_LenderCountryNLD"
"[USDollar]","12","[]","1974","[P1Y]","[]","AmountOutstanding_Debt_PrivateCreditor_PubliclyGuaranteed_LongTermExternalDebt_LenderCountryPAK"
"[USDollar]","7","[]","1971","[P1Y]","[]","AmountOutstanding_Debt_OfficialCreditor_Concessional_PubliclyGuaranteed_Multilateral_LongTermExternalDebt_LenderInternationalCoffeeOrganization"
"[USDollar]","5","[]","1983","[P1Y]","[]","AmountOutstanding_Debt_PrivateCreditor_PubliclyGuaranteed_CommercialBank_LongTermExternalDebt_LenderCountrySEN"
"[USDollar]","5","[]","1988","[P1Y]","[]","AmountOutstanding_Debt_PrivateCreditor_PubliclyGuaranteed_LongTermExternalDebt_LenderCountryISL"
"[USDollar]","54","[]","1970","[P1Y]","[]","AmountOutstanding_Debt_OfficialCreditor_PubliclyGuaranteed_LongTermExternalDebt_LenderCountryLBY"
"[USDollar]","8","[]","1993","[P1Y]","[]","AmountOutstanding_Debt_LongTermExternalDebt_LenderCountryARM"
"[USDollar]","7","[]","1970","[P1Y]","[]","AmountOutstanding_Debt_OfficialCreditor_PubliclyGuaranteed_LongTermExternalDebt_LenderCountryLBN"
"[USDollar]","12","[]","1970","[P1Y]","[]","AmountOutstanding_Debt_PubliclyGuaranteed_LongTermExternalDebt_LenderCountryZWE"
"[USDollar]","14","[]","1980","[P1Y]","[]","AmountOutstanding_Debt_PrivateCreditor_PubliclyGuaranteed_CommercialBank_LongTermExternalDebt_LenderCountryQAT"
"[USDollar]","36","[]","1970","[P1Y]","[]","AmountOutstanding_Debt_PrivateCreditor_PubliclyGuaranteed_LongTermExternalDebt_LenderCountryKWT"
"[USDollar]","53","[]","1970","[P1Y]","[]","AmountOutstanding_Debt_PrivateCreditor_PubliclyGuaranteed_LongTermExternalDebt_LenderCountryISR"
"[USDollar]","39","[]","1970","[P1Y]","[]","AmountOutstanding_Debt_LongTermExternalDebt_LenderCountryARG"
"[USDollar]","85","[]","1972","[P1Y]","[]","AmountOutstanding_Debt_LongTermExternalDebt_LenderCountryARE"
"[USDollar]","8","[]","1983","[P1Y]","[]","AmountOutstanding_Debt_OfficialCreditor_PubliclyGuaranteed_Multilateral_LongTermExternalDebt_LenderFondoLatinoamericanodeReservas"
"[USDollar]","32","[]","1970","[P1Y]","[]","AmountOutstanding_Debt_PrivateCreditor_PubliclyGuaranteed_CommercialBank_LongTermExternalDebt_LenderCountryLUX"
"[USDollar]","89","[]","1970","[P1Y]","[]","AmountOutstanding_Debt_PrivateCreditor_PubliclyGuaranteed_CommercialBank_LongTermExternalDebt_LenderCountryDEU"
"[USDollar]","45","[]","1974","[P1Y]","[]","AmountOutstanding_Debt_OfficialCreditor_Concessional_PubliclyGuaranteed_Multilateral_LongTermExternalDebt_LenderArabBankforEconomicDevinAfrica"
"[USDollar]","7","[]","1975","[P1Y]","[]","AmountOutstanding_Debt_PrivateCreditor_PubliclyGuaranteed_WorldBankOtherPrivate_LongTermExternalDebt_LenderCountryPER"
"[USDollar]","94","[]","1970","[P1Y]","[]","AmountOutstanding_Debt_OfficialCreditor_PubliclyGuaranteed_Bilateral_LongTermExternalDebt_LenderCountrySAU"
"[USDollar]","113","[]","1970","[P1Y]","[]","AmountOutstanding_Debt_OfficialCreditor_PubliclyGuaranteed_Bilateral_LongTermExternalDebt_LenderCountryJPN"
"[USDollar]","26","[]","1976","[P1Y]","[]","AmountOutstanding_Debt_PrivateCreditor_PubliclyGuaranteed_CommercialBank_LongTermExternalDebt_LenderCountryFIN"
"[USDollar]","7","[]","2011","[P1Y]","[]","AmountOutstanding_Debt_OfficialCreditor_PubliclyGuaranteed_LongTermExternalDebt_LenderCountryNER"
"[USDollar]","59","[]","1970","[P1Y]","[]","AmountOutstanding_Debt_OfficialCreditor_PubliclyGuaranteed_LongTermExternalDebt_LenderAfricanDevBank"
"[USDollar]","8","[]","1979","[P1Y]","[]","AmountOutstanding_Debt_OfficialCreditor_Concessional_PubliclyGuaranteed_Bilateral_LongTermExternalDebt_LenderCountryEGY"
"[USDollar]","24","[]","1975","[P1Y]","[]","AmountOutstanding_Debt_LongTermExternalDebt_LenderCountryPRK"
"[USDollar]","12","[]","1988","[P1Y]","[]","AmountOutstanding_Debt_PrivateCreditor_PubliclyGuaranteed_LongTermExternalDebt_LenderCountryCIV"
"[USDollar]","11","[]","2010","[P1Y]","[]","AmountOutstanding_Debt_OfficialCreditor_PubliclyGuaranteed_Multilateral_LongTermExternalDebt_LenderWorldTradeOrganization"
"[USDollar]","40","[]","1970","[P1Y]","[]","AmountOutstanding_Debt_PrivateCreditor_PubliclyGuaranteed_WorldBankOtherPrivate_LongTermExternalDebt_LenderGermanDemRep"
"[USDollar]","7","[]","2003","[P1Y]","[]","AmountOutstanding_Debt_PubliclyGuaranteed_LongTermExternalDebt_LenderCountryNAM"
"[USDollar]","103","[]","1970","[P1Y]","[]","AmountOutstanding_Debt_PrivateCreditor_PubliclyGuaranteed_Bond_LongTermExternalDebt_LenderBondholders"
"[USDollar]","24","[]","1981","[P1Y]","[]","AmountOutstanding_Debt_PrivateCreditor_PubliclyGuaranteed_LongTermExternalDebt_LenderCountryGRC"
"[USDollar]","15","[]","1970","[P1Y]","[]","AmountOutstanding_Debt_PubliclyGuaranteed_LongTermExternalDebt_LenderCountryPER"
"[USDollar]","7","[]","1981","[P1Y]","[]","AmountOutstanding_Debt_LongTermExternalDebt_LenderCountryPRI"
"[USDollar]","6","[]","2012","[P1Y]","[]","AmountOutstanding_Debt_PrivateCreditor_PubliclyGuaranteed_LongTermExternalDebt_LenderCountryGRD"
"[USDollar]","11","[]","1972","[P1Y]","[]","AmountOutstanding_Debt_PrivateCreditor_PubliclyGuaranteed_CommercialBank_LongTermExternalDebt_LenderCountryNZL"
"[USDollar]","11","[]","1970","[P1Y]","[]","AmountOutstanding_Debt_LongTermExternalDebt_LenderCountryTZA"
"[USDollar]","14","[]","1986","[P1Y]","[]","AmountOutstanding_Debt_OfficialCreditor_PubliclyGuaranteed_Bilateral_LongTermExternalDebt_LenderCountryHKG"
"[USDollar]","10","[]","1970","[P1Y]","[]","AmountOutstanding_Debt_OfficialCreditor_PubliclyGuaranteed_LongTermExternalDebt_LenderCountryCOL"
"[USDollar]","6","[]","2004","[P1Y]","[]","AmountOutstanding_Debt_OfficialCreditor_PubliclyGuaranteed_LongTermExternalDebt_LenderArabTownsOrganization"
"[USDollar]","85","[]","1970","[P1Y]","[]","AmountOutstanding_Debt_OfficialCreditor_PubliclyGuaranteed_LongTermExternalDebt_LenderCountryESP"
"[USDollar]","5","[]","2016","[P1Y]","[]","AmountOutstanding_Debt_PrivateCreditor_PubliclyGuaranteed_CommercialBank_LongTermExternalDebt_LenderCountryHND"
"[USDollar]","120","[]","1970","[P1Y]","[]","AmountOutstanding_Debt_OfficialCreditor_PubliclyGuaranteed_Multilateral_LongTermExternalDebt_LenderWorldBankIDA"
"[USDollar]","31","[]","1992","[P1Y]","[]","AmountOutstanding_Debt_PubliclyGuaranteed_LongTermExternalDebt_LenderEuropeanBankforReconstructionandDev"
"[USDollar]","83","[]","1975","[P1Y]","[]","AmountOutstanding_Debt_LongTermExternalDebt_LenderCountryRUS"
"[USDollar]","8","[]","1970","[P1Y]","[]","AmountOutstanding_Debt_OfficialCreditor_PubliclyGuaranteed_LongTermExternalDebt_LenderCountryCOD"
"[USDollar]","17","[]","1978","[P1Y]","[]","AmountOutstanding_Debt_PubliclyGuaranteed_LongTermExternalDebt_LenderCountryAGO"
"[USDollar]","13","[]","2011","[P1Y]","[]","AmountOutstanding_Debt_OfficialCreditor_PubliclyGuaranteed_LongTermExternalDebt_LenderCountryCOG"
"[USDollar]","11","[]","1970","[P1Y]","[]","AmountOutstanding_Debt_PrivateCreditor_PubliclyGuaranteed_LongTermExternalDebt_LenderCountryZWE"
"[USDollar]","49","[]","1970","[P1Y]","[]","AmountOutstanding_Debt_OfficialCreditor_PubliclyGuaranteed_LongTermExternalDebt_LenderCountryPOL"
"[USDollar]","35","[]","1970","[P1Y]","[]","AmountOutstanding_Debt_LongTermExternalDebt_LenderInternationalFinanceCorporation"
"[USDollar]","123","[]","1970","[P1Y]","[]","AmountOutstanding_Debt_OfficialCreditor_PubliclyGuaranteed_Bilateral_LongTermExternalDebt_LenderCountryFRA"
"[USDollar]","59","[]","1990","[P1Y]","[]","AmountOutstanding_Debt_LongTermExternalDebt_LenderCountryCZE"
"[USDollar]","79","[]","1972","[P1Y]","[]","AmountOutstanding_Debt_OfficialCreditor_PubliclyGuaranteed_LongTermExternalDebt_LenderCountryARE"
"[USDollar]","7","[]","1995","[P1Y]","[]","AmountOutstanding_Debt_LongTermExternalDebt_LenderCountryLKA"
"[USDollar]","98","[]","1970","[P1Y]","[]","AmountOutstanding_Debt_LongTermExternalDebt_LenderCountryAUT"
"[USDollar]","6","[]","2018","[P1Y]","[]","AmountOutstanding_Debt_PubliclyGuaranteed_LongTermExternalDebt_LenderNordicEnvironmentFinanceCorporation"
"[USDollar]","79","[]","1970","[P1Y]","[]","AmountOutstanding_Debt_OfficialCreditor_PubliclyGuaranteed_Bilateral_LongTermExternalDebt_LenderCountryDNK"
"[USDollar]","10","[]","1984","[P1Y]","[]","AmountOutstanding_Debt_PubliclyGuaranteed_LongTermExternalDebt_LenderCountryGTM"
"[USDollar]","22","[]","1989","[P1Y]","[]","AmountOutstanding_Debt_LongTermExternalDebt_LenderCountryCYP"
"[USDollar]","7","[]","2011","[P1Y]","[]","AmountOutstanding_Debt_OfficialCreditor_Concessional_PubliclyGuaranteed_Bilateral_LongTermExternalDebt_LenderCountryCMR"
"[USDollar]","14","[]","1971","[P1Y]","[]","AmountOutstanding_Debt_OfficialCreditor_Concessional_PubliclyGuaranteed_Bilateral_LongTermExternalDebt_LenderGermanDemRep"
"[USDollar]","51","[]","1970","[P1Y]","[]","AmountOutstanding_Debt_LongTermExternalDebt_LenderCountryAUS"
"[USDollar]","7","[]","1985","[P1Y]","[]","AmountOutstanding_Debt_LongTermExternalDebt_LenderCountryRWA"
"[USDollar]","30","[]","1972","[P1Y]","[]","AmountOutstanding_Debt_LongTermExternalDebt_LenderCountryPRT"
"[USDollar]","28","[]","1970","[P1Y]","[]","AmountOutstanding_Debt_OfficialCreditor_PubliclyGuaranteed_LongTermExternalDebt_LenderCountryARG"
"[USDollar]","29","[]","1974","[P1Y]","[]","AmountOutstanding_Debt_PrivateCreditor_PubliclyGuaranteed_CommercialBank_LongTermExternalDebt_LenderCountryHKG"
"[USDollar]","6","[]","1986","[P1Y]","[]","AmountOutstanding_Debt_LongTermExternalDebt_LenderCountryPRY"
"[USDollar]","18","[]","1970","[P1Y]","[]","AmountOutstanding_Debt_LongTermExternalDebt_LenderCountryCYM"
"[USDollar]","6","[]","1975","[P1Y]","[]","AmountOutstanding_Debt_OfficialCreditor_Concessional_PubliclyGuaranteed_Multilateral_LongTermExternalDebt_LenderUNChildrenFund"
"[USDollar]","8","[]","1993","[P1Y]","[]","AmountOutstanding_Debt_OfficialCreditor_PubliclyGuaranteed_LongTermExternalDebt_LenderCountryARM"
"[USDollar]","11","[]","1988","[P1Y]","[]","AmountOutstanding_Debt_PrivateCreditor_PubliclyGuaranteed_WorldBankOtherPrivate_LongTermExternalDebt_LenderCountryCIV"
"[USDollar]","16","[]","1971","[P1Y]","[]","AmountOutstanding_Debt_OfficialCreditor_PubliclyGuaranteed_LongTermExternalDebt_LenderCaribbeanDevBank"
"[USDollar]","20","[]","1980","[P1Y]","[]","AmountOutstanding_Debt_OfficialCreditor_PubliclyGuaranteed_LongTermExternalDebt_LenderCountryCUB"
"[USDollar]","10","[]","1976","[P1Y]","[]","AmountOutstanding_Debt_OfficialCreditor_PubliclyGuaranteed_Multilateral_LongTermExternalDebt_LenderLatinAmericanAgribusinessDevCorp"
"[USDollar]","17","[]","1970","[P1Y]","[]","AmountOutstanding_Debt_PubliclyGuaranteed_LongTermExternalDebt_LenderCentralAmericanBankforEconIntegration"
"[USDollar]","19","[]","1981","[P1Y]","[]","AmountOutstanding_Debt_PrivateCreditor_PubliclyGuaranteed_WorldBankOtherPrivate_LongTermExternalDebt_LenderCountryGRC"
"[USDollar]","6","[]","2008","[P1Y]","[]","AmountOutstanding_Debt_OfficialCreditor_PubliclyGuaranteed_Bilateral_LongTermExternalDebt_LenderCountryBIH"
"[USDollar]","52","[]","1970","[P1Y]","[]","AmountOutstanding_Debt_OfficialCreditor_PubliclyGuaranteed_Bilateral_LongTermExternalDebt_LenderCountryHUN"
"[USDollar]","6","[]","2014","[P1Y]","[]","AmountOutstanding_Debt_OfficialCreditor_Concessional_PubliclyGuaranteed_Multilateral_LongTermExternalDebt_LenderCorporacionAndinadeFomento"
"[USDollar]","55","[]","1970","[P1Y]","[]","AmountOutstanding_Debt_PrivateCreditor_PubliclyGuaranteed_CommercialBank_LongTermExternalDebt_LenderCountryJPN"
"[USDollar]","12","[]","1995","[P1Y]","[]","AmountOutstanding_Debt_PubliclyGuaranteed_LongTermExternalDebt_LenderCountryCMR"
"[USDollar]","10","[]","1970","[P1Y]","[]","AmountOutstanding_Debt_PrivateCreditor_PubliclyGuaranteed_WorldBankOtherPrivate_LongTermExternalDebt_LenderCountryZWE"
"[USDollar]","70","[]","1970","[P1Y]","[]","AmountOutstanding_Debt_LongTermExternalDebt_LenderCountryNOR"
"[USDollar]","7","[]","1974","[P1Y]","[]","AmountOutstanding_Debt_PubliclyGuaranteed_LongTermExternalDebt_LenderCountryGUY"
"[USDollar]","15","[]","1970","[P1Y]","[]","AmountOutstanding_Debt_PubliclyGuaranteed_LongTermExternalDebt_LenderCouncilofEurope"
"[USDollar]","25","[]","1970","[P1Y]","[]","AmountOutstanding_Debt_PrivateCreditor_PubliclyGuaranteed_CommercialBank_LongTermExternalDebt_LenderCountrySAU"
"[USDollar]","5","[]","1988","[P1Y]","[]","AmountOutstanding_Debt_OfficialCreditor_PubliclyGuaranteed_LongTermExternalDebt_LenderCountryTUN"
"[USDollar]","36","[]","1970","[P1Y]","[]","AmountOutstanding_Debt_OfficialCreditor_PubliclyGuaranteed_LongTermExternalDebt_LenderCountryTUR"
"[USDollar]","11","[]","2011","[P1Y]","[]","AmountOutstanding_Debt_OfficialCreditor_Concessional_PubliclyGuaranteed_Bilateral_LongTermExternalDebt_LenderCountryCOG"
"[USDollar]","8","[]","1973","[P1Y]","[]","AmountOutstanding_Debt_PubliclyGuaranteed_LongTermExternalDebt_LenderCountryPHL"
"[USDollar]","15","[]","1970","[P1Y]","[]","AmountOutstanding_Debt_OfficialCreditor_PubliclyGuaranteed_Bilateral_LongTermExternalDebt_LenderCountryMAR"
"[USDollar]","8","[]","1970","[P1Y]","[]","AmountOutstanding_Debt_PubliclyGuaranteed_LongTermExternalDebt_LenderCountryCOD"
"[USDollar]","7","[]","1985","[P1Y]","[]","AmountOutstanding_Debt_PubliclyGuaranteed_LongTermExternalDebt_LenderEconCommoftheGreatLakesCountries"
"[USDollar]","13","[]","2011","[P1Y]","[]","AmountOutstanding_Debt_PubliclyGuaranteed_LongTermExternalDebt_LenderCountryCOG"
"[USDollar]","110","[]","1970","[P1Y]","[]","AmountOutstanding_Debt_PrivateNonGuaranteed_LongTermExternalDebt"
"[USDollar]","67","[]","1979","[P1Y]","[]","AmountOutstanding_Debt_OfficialCreditor_Concessional_PubliclyGuaranteed_Bilateral_LongTermExternalDebt_LenderCountryESP"
"[USDollar]","34","[]","1970","[P1Y]","[]","AmountOutstanding_Debt_PrivateCreditor_PubliclyGuaranteed_WorldBankOtherPrivate_LongTermExternalDebt_LenderCountryPAN"
"[USDollar]","78","[]","1970","[P1Y]","[]","AmountOutstanding_Debt_PrivateCreditor_PubliclyGuaranteed_WorldBankOtherPrivate_LongTermExternalDebt_LenderCountryCHE"
"[USDollar]","12","[]","1973","[P1Y]","[]","AmountOutstanding_Debt_OfficialCreditor_PubliclyGuaranteed_LongTermExternalDebt_LenderWestAfricanMonetaryUnion"
"[USDollar]","16","[]","1994","[P1Y]","[]","AmountOutstanding_Debt_OfficialCreditor_PubliclyGuaranteed_Bilateral_LongTermExternalDebt_LenderCountryBLR"
"[USDollar]","31","[]","2010","[P1Y]","[]","AmountOutstanding_Debt_LongTermExternalDebt_LenderAfricanExportImportBank"
"[USDollar]","18","[]","2013","[P1Y]","[]","AmountOutstanding_Debt_OfficialCreditor_Concessional_PubliclyGuaranteed_Multilateral_LongTermExternalDebt_LenderEuropeanUnion"
"[USDollar]","7","[]","2004","[P1Y]","[]","AmountOutstanding_Debt_OfficialCreditor_PubliclyGuaranteed_LongTermExternalDebt_LenderCountryJAM"
"[USDollar]","5","[]","1982","[P1Y]","[]","AmountOutstanding_Debt_PrivateCreditor_PubliclyGuaranteed_WorldBankOtherPrivate_LongTermExternalDebt_LenderCountryCHL"
"[USDollar]","44","[]","1981","[P1Y]","[]","AmountOutstanding_Debt_PrivateCreditor_PubliclyGuaranteed_WorldBankOtherPrivate_LongTermExternalDebt_LenderCountryCHN"
"[USDollar]","6","[]","2012","[P1Y]","[]","AmountOutstanding_Debt_PrivateCreditor_PubliclyGuaranteed_LongTermExternalDebt_LenderCountryVCT"
"[USDollar]","6","[]","2003","[P1Y]","[]","AmountOutstanding_Debt_OfficialCreditor_PubliclyGuaranteed_Bilateral_LongTermExternalDebt_LenderCountryBLZ"
"[USDollar]","7","[]","1985","[P1Y]","[]","AmountOutstanding_Debt_OfficialCreditor_Concessional_PubliclyGuaranteed_Multilateral_LongTermExternalDebt_LenderDevBankoftheCentralAfricanStates"
"[USDollar]","15","[]","1974","[P1Y]","[]","AmountOutstanding_Debt_OfficialCreditor_PubliclyGuaranteed_LongTermExternalDebt_LenderCountryTTO"
"[USDollar]","5","[]","2020","[P1Y]","[]","AmountOutstanding_Debt_OfficialCreditor_PubliclyGuaranteed_LongTermExternalDebt_LenderUNPopulationFund"
"[USDollar]","7","[]","2011","[P1Y]","[]","AmountOutstanding_Debt_OfficialCreditor_Concessional_PubliclyGuaranteed_Bilateral_LongTermExternalDebt_LenderCountryNER"
"[USDollar]","10","[]","1971","[P1Y]","[]","AmountOutstanding_Debt_PubliclyGuaranteed_LongTermExternalDebt_LenderEastAfricanCommunity"
"[USDollar]","91","[]","1970","[P1Y]","[]","AmountOutstanding_Debt_PrivateCreditor_PubliclyGuaranteed_WorldBankOtherPrivate_LongTermExternalDebt_LenderCountryITA"
"[USDollar]","112","[]","1976","[P1Y]","[]","AmountOutstanding_Debt_PubliclyGuaranteed_LongTermExternalDebt_LenderOPECFundforInternationalDev"
"[USDollar]","6","[]","2012","[P1Y]","[]","AmountOutstanding_Debt_PrivateCreditor_PubliclyGuaranteed_LongTermExternalDebt_LenderCountryKNA"
"[USDollar]","6","[]","1975","[P1Y]","[]","AmountOutstanding_Debt_PubliclyGuaranteed_LongTermExternalDebt_LenderUNChildrenFund"
"[USDollar]","8","[]","1983","[P1Y]","[]","AmountOutstanding_Debt_OfficialCreditor_PubliclyGuaranteed_Bilateral_LongTermExternalDebt_LenderCountrySLV"
"[USDollar]","12","[]","1974","[P1Y]","[]","AmountOutstanding_Debt_PrivateCreditor_PubliclyGuaranteed_WorldBankOtherPrivate_LongTermExternalDebt_LenderCountryPAK"
"[USDollar]","7","[]","2011","[P1Y]","[]","AmountOutstanding_Debt_PubliclyGuaranteed_LongTermExternalDebt_LenderCountryNER"
"[USDollar]","16","[]","1970","[P1Y]","[]","AmountOutstanding_Debt_PubliclyGuaranteed_LongTermExternalDebt_LenderCountryCOL"
"[USDollar]","92","[]","1970","[P1Y]","[]","AmountOutstanding_Debt_PubliclyGuaranteed_LongTermExternalDebt_LenderCountryESP"
"[USDollar]","43","[]","1970","[P1Y]","[]","AmountOutstanding_Debt_LongTermExternalDebt_LenderAsianDevBank"
"[USDollar]","5","[]","1988","[P1Y]","[]","AmountOutstanding_Debt_PrivateCreditor_PubliclyGuaranteed_WorldBankOtherPrivate_LongTermExternalDebt_LenderCountryISL"
"[USDollar]","16","[]","1970","[P1Y]","[]","AmountOutstanding_Debt_PubliclyGuaranteed_LongTermExternalDebt_LenderCorporacionAndinadeFomento"
"[USDollar]","122","[]","1970","[P1Y]","[]","AmountOutstanding_Debt_OfficialCreditor_PubliclyGuaranteed_LongTermExternalDebt_LenderEuropeanInvestmentBank"
"[USDollar]","25","[]","1970","[P1Y]","[]","AmountOutstanding_Debt_PrivateCreditor_PubliclyGuaranteed_WorldBankOtherPrivate_LongTermExternalDebt_LenderCountryKWT"
"[USDollar]","41","[]","1970","[P1Y]","[]","AmountOutstanding_Debt_PrivateCreditor_PubliclyGuaranteed_WorldBankOtherPrivate_LongTermExternalDebt_LenderCountryISR"
"[USDollar]","12","[]","1976","[P1Y]","[]","AmountOutstanding_Debt_PrivateCreditor_PubliclyGuaranteed_WorldBankOtherPrivate_LongTermExternalDebt_LenderCountryTHA"
"[USDollar]","49","[]","1990","[P1Y]","[]","AmountOutstanding_Debt_OfficialCreditor_PubliclyGuaranteed_LongTermExternalDebt_LenderCountryCZE"
"[USDollar]","10","[]","1970","[P1Y]","[]","AmountOutstanding_Debt_PrivateCreditor_PubliclyGuaranteed_CommercialBank_LongTermExternalDebt_LenderNethAntilles"
"[USDollar]","5","[]","2011","[P1Y]","[]","AmountOutstanding_Debt_PrivateCreditor_PubliclyGuaranteed_CommercialBank_LongTermExternalDebt_LenderCountryAZE"
"[USDollar]","63","[]","1970","[P1Y]","[]","AmountOutstanding_Debt_OfficialCreditor_PubliclyGuaranteed_LongTermExternalDebt_LenderCountryNOR"
"[USDollar]","7","[]","1993","[P1Y]","[]","AmountOutstanding_Debt_LongTermExternalDebt_LenderCountryAZE"
"[USDollar]","18","[]","1970","[P1Y]","[]","AmountOutstanding_Debt_PubliclyGuaranteed_LongTermExternalDebt_LenderCountryLBN"
"[USDollar]","5","[]","1997","[P1Y]","[]","AmountOutstanding_Debt_OfficialCreditor_PubliclyGuaranteed_Bilateral_LongTermExternalDebt_LenderCountryUKR"
"[USDollar]","16","[]","1980","[P1Y]","[]","AmountOutstanding_Debt_OfficialCreditor_PubliclyGuaranteed_Bilateral_LongTermExternalDebt_LenderCountrySGP"
"[USDollar]","13","[]","1980","[P1Y]","[]","AmountOutstanding_Debt_PubliclyGuaranteed_LongTermExternalDebt_LenderCountryLBR"
"[USDollar]","11","[]","2009","[P1Y]","[]","AmountOutstanding_Debt_LongTermExternalDebt_LenderECOTradeandDevBank"
"[USDollar]","24","[]","1973","[P1Y]","[]","AmountOutstanding_Debt_OfficialCreditor_PubliclyGuaranteed_Multilateral_LongTermExternalDebt_LenderEconomicCommunityofWestAfricanStates"
"[USDollar]","21","[]","1970","[P1Y]","[]","AmountOutstanding_Debt_PrivateCreditor_PubliclyGuaranteed_LongTermExternalDebt_LenderCountryVEN"
"[USDollar]","21","[]","1971","[P1Y]","[]","AmountOutstanding_Debt_PrivateCreditor_PubliclyGuaranteed_WorldBankOtherPrivate_LongTermExternalDebt_LenderCountryIRL"
"[USDollar]","11","[]","1970","[P1Y]","[]","AmountOutstanding_Debt_OfficialCreditor_Concessional_PubliclyGuaranteed_Bilateral_LongTermExternalDebt_LenderCountryCIV"
"[USDollar]","12","[]","2000","[P1Y]","[]","AmountOutstanding_Debt_OfficialCreditor_PubliclyGuaranteed_Bilateral_LongTermExternalDebt_LenderCountryHRV"
"[USDollar]","14","[]","1979","[P1Y]","[]","AmountOutstanding_Debt_PubliclyGuaranteed_LongTermExternalDebt_LenderCountryCPV"
"[USDollar]","5","[]","1978","[P1Y]","[]","AmountOutstanding_Debt_PubliclyGuaranteed_LongTermExternalDebt_LenderEuropeanCoalandSteelCommunity"
"[USDollar]","10","[]","1970","[P1Y]","[]","AmountOutstanding_Debt_OfficialCreditor_PubliclyGuaranteed_Multilateral_LongTermExternalDebt_LenderEuropeanSocialFund"
"[USDollar]","5","[]","2008","[P1Y]","[]","AmountOutstanding_Debt_OfficialCreditor_Concessional_PubliclyGuaranteed_Bilateral_LongTermExternalDebt_LenderCountryGRC"
"[USDollar]","7","[]","1985","[P1Y]","[]","AmountOutstanding_Debt_LongTermExternalDebt_LenderEconCommoftheGreatLakesCountries"
"[USDollar]","10","[]","1971","[P1Y]","[]","AmountOutstanding_Debt_LongTermExternalDebt_LenderEastAfricanCommunity"
"[USDollar]","119","[]","1970","[P1Y]","[]","AmountOutstanding_Debt_OfficialCreditor_Concessional_PubliclyGuaranteed_Multilateral_LongTermExternalDebt_LenderWorldBankIDA"
"[USDollar]","22","[]","1975","[P1Y]","[]","AmountOutstanding_Debt_OfficialCreditor_PubliclyGuaranteed_LongTermExternalDebt_LenderCountryPRT"
"[USDollar]","8","[]","1993","[P1Y]","[]","AmountOutstanding_Debt_PrivateCreditor_PubliclyGuaranteed_LongTermExternalDebt_LenderCountryZMB"
"[USDollar]","5","[]","1985","[P1Y]","[]","AmountOutstanding_Debt_OfficialCreditor_PubliclyGuaranteed_LongTermExternalDebt_LenderCountryPRI"
"[USDollar]","12","[]","1979","[P1Y]","[]","AmountOutstanding_Debt_PubliclyGuaranteed_LongTermExternalDebt_LenderCountryCRI"
"[USDollar]","109","[]","1970","[P1Y]","[]","AmountOutstanding_Debt_PrivateCreditor_PrivateNonGuaranteed_WorldBankCommercialBankAndOther_LongTermExternalDebt"
"[USDollar]","56","[]","1970","[P1Y]","[]","AmountOutstanding_Debt_PubliclyGuaranteed_LongTermExternalDebt_LenderCountryROU"
"[USDollar]","23","[]","1978","[P1Y]","[]","AmountOutstanding_Debt_OfficialCreditor_PubliclyGuaranteed_LongTermExternalDebt_LenderCountryPRK"
"[USDollar]","10","[]","1986","[P1Y]","[]","AmountOutstanding_Debt_PrivateCreditor_PubliclyGuaranteed_LongTermExternalDebt_LenderCountryECU"
"[USDollar]","38","[]","1970","[P1Y]","[]","AmountOutstanding_Debt_OfficialCreditor_PubliclyGuaranteed_LongTermExternalDebt_LenderCountryAUS"
"[USDollar]","76","[]","1970","[P1Y]","[]","AmountOutstanding_Debt_OfficialCreditor_PubliclyGuaranteed_LongTermExternalDebt_LenderCountryAUT"
"[USDollar]","7","[]","2011","[P1Y]","[]","AmountOutstanding_Debt_OfficialCreditor_PubliclyGuaranteed_Bilateral_LongTermExternalDebt_LenderCountryBEN"
"[USDollar]","5","[]","2020","[P1Y]","[]","AmountOutstanding_Debt_PubliclyGuaranteed_LongTermExternalDebt_LenderUNPopulationFund"
"[USDollar]","56","[]","1970","[P1Y]","[]","AmountOutstanding_Debt_PubliclyGuaranteed_LongTermExternalDebt_LenderCountryLBY"
"[USDollar]","6","[]","2004","[P1Y]","[]","AmountOutstanding_Debt_PubliclyGuaranteed_LongTermExternalDebt_LenderArabTownsOrganization"
"[USDollar]","88","[]","1970","[P1Y]","[]","AmountOutstanding_Debt_OfficialCreditor_PubliclyGuaranteed_Bilateral_LongTermExternalDebt_LenderCountryBEL"
"[USDollar]","17","[]","1980","[P1Y]","[]","AmountOutstanding_Debt_PubliclyGuaranteed_LongTermExternalDebt_LenderCentralBankofWestAfricanStates"
"[USDollar]","14","[]","1992","[P1Y]","[]","AmountOutstanding_Debt_PrivateCreditor_PubliclyGuaranteed_WorldBankOtherPrivate_LongTermExternalDebt_LenderCountryMYS"
"[USDollar]","45","[]","1976","[P1Y]","[]","AmountOutstanding_Debt_PrivateCreditor_PubliclyGuaranteed_LongTermExternalDebt_LenderCountryKOR"
"[USDollar]","7","[]","2009","[P1Y]","[]","AmountOutstanding_Debt_PubliclyGuaranteed_LongTermExternalDebt_LenderCountryLCA"
"[USDollar]","14","[]","1972","[P1Y]","[]","AmountOutstanding_Debt_PubliclyGuaranteed_LongTermExternalDebt_LenderCountryNGA"
"[USDollar]","7","[]","2019","[P1Y]","[]","AmountOutstanding_Debt_LongTermExternalDebt_LenderSouthAsianDevelopmentFund"
"[USDollar]","13","[]","1974","[P1Y]","[]","AmountOutstanding_Debt_OfficialCreditor_Concessional_PubliclyGuaranteed_Multilateral_LongTermExternalDebt_LenderOrgofArabPetroleumExportingCountries"
"[USDollar]","15","[]","1974","[P1Y]","[]","AmountOutstanding_Debt_PubliclyGuaranteed_LongTermExternalDebt_LenderCountryTTO"
"[USDollar]","79","[]","1975","[P1Y]","[]","AmountOutstanding_Debt_OfficialCreditor_PubliclyGuaranteed_LongTermExternalDebt_LenderCountryRUS"
"[USDollar]","17","[]","1978","[P1Y]","[]","AmountOutstanding_Debt_OfficialCreditor_PubliclyGuaranteed_Multilateral_LongTermExternalDebt_LenderDevBankoftheCentralAfricanStates"
"[USDollar]","12","[]","2009","[P1Y]","[]","AmountOutstanding_Debt_OfficialCreditor_Concessional_PubliclyGuaranteed_Bilateral_LongTermExternalDebt_LenderCountryAGO"
"[USDollar]","109","[]","1970","[P1Y]","[]","AmountOutstanding_Debt_LongTermExternalDebt_LenderOtherMultipleLenders"
"[USDollar]","69","[]","1970","[P1Y]","[]","AmountOutstanding_Debt_PrivateCreditor_PubliclyGuaranteed_WorldBankOtherPrivate_LongTermExternalDebt_LenderMultipleLenders"
"[USDollar]","105","[]","1970","[P1Y]","[]","AmountOutstanding_Debt_LongTermExternalDebt_LenderWorldBankIBRD"
"[USDollar]","40","[]","1970","[P1Y]","[]","AmountOutstanding_Debt_PrivateCreditor_PubliclyGuaranteed_LongTermExternalDebt_LenderCountryIND"
"[USDollar]","23","[]","1974","[P1Y]","[]","AmountOutstanding_Debt_OfficialCreditor_PubliclyGuaranteed_LongTermExternalDebt_LenderArabAfricanInternationalBank"
"[USDollar]","112","[]","1976","[P1Y]","[]","AmountOutstanding_Debt_OfficialCreditor_PubliclyGuaranteed_LongTermExternalDebt_LenderOPECFundforInternationalDev"
"[USDollar]","5","[]","1970","[P1Y]","[]","AmountOutstanding_Debt_OfficialCreditor_PubliclyGuaranteed_Bilateral_LongTermExternalDebt_LenderCountryBHR"
"[USDollar]","6","[]","2003","[P1Y]","[]","AmountOutstanding_Debt_OfficialCreditor_PubliclyGuaranteed_Bilateral_LongTermExternalDebt_LenderCountryBHS"
"[USDollar]","7","[]","1979","[P1Y]","[]","AmountOutstanding_Debt_OfficialCreditor_PubliclyGuaranteed_LongTermExternalDebt_LenderCountryTZA"
"[USDollar]","38","[]","1970","[P1Y]","[]","AmountOutstanding_Debt_PubliclyGuaranteed_LongTermExternalDebt_LenderCountryTUR"
"[USDollar]","65","[]","1970","[P1Y]","[]","AmountOutstanding_Debt_PrivateCreditor_PubliclyGuaranteed_LongTermExternalDebt_LenderCountryCAN"
"[USDollar]","11","[]","1972","[P1Y]","[]","AmountOutstanding_Debt_PubliclyGuaranteed_LongTermExternalDebt_LenderCountryJAM"
"[USDollar]","87","[]","1970","[P1Y]","[]","AmountOutstanding_Debt_OfficialCreditor_PubliclyGuaranteed_LongTermExternalDebt_LenderCountryNLD"
"[USDollar]","16","[]","1971","[P1Y]","[]","AmountOutstanding_Debt_LongTermExternalDebt_LenderCaribbeanDevBank"
"[USDollar]","18","[]","1981","[P1Y]","[]","AmountOutstanding_Debt_PrivateCreditor_PubliclyGuaranteed_WorldBankOtherPrivate_LongTermExternalDebt_LenderCountryEGY"
"[USDollar]","5","[]","2004","[P1Y]","[]","AmountOutstanding_Debt_PrivateCreditor_PubliclyGuaranteed_LongTermExternalDebt_LenderCountryGIB"
"[USDollar]","16","[]","2000","[P1Y]","[]","AmountOutstanding_Debt_PrivateCreditor_PubliclyGuaranteed_LongTermExternalDebt_LenderCountryMUS"
"[USDollar]","42","[]","1970","[P1Y]","[]","AmountOutstanding_Debt_OfficialCreditor_PubliclyGuaranteed_Bilateral_LongTermExternalDebt_LenderCountryBGR"
"[USDollar]","5","[]","1979","[P1Y]","[]","AmountOutstanding_Debt_PubliclyGuaranteed_LongTermExternalDebt_LenderCountryNIC"
"[USDollar]","14","[]","1972","[P1Y]","[]","AmountOutstanding_Debt_PubliclyGuaranteed_LongTermExternalDebt_LenderCountryTUN"
"[USDollar]","12","[]","2004","[P1Y]","[]","AmountOutstanding_Debt_LongTermExternalDebt_LenderCaribbeanCommunity"
"[USDollar]","7","[]","2004","[P1Y]","[]","AmountOutstanding_Debt_OfficialCreditor_PubliclyGuaranteed_Bilateral_LongTermExternalDebt_LenderCountryJAM"
"[USDollar]","21","[]","1970","[P1Y]","[]","AmountOutstanding_Debt_PubliclyGuaranteed_LongTermExternalDebt_LenderCountryCUB"
"[USDollar]","24","[]","1970","[P1Y]","[]","AmountOutstanding_Debt_PrivateCreditor_PubliclyGuaranteed_CommercialBank_LongTermExternalDebt_LenderCountryNOR"
"[USDollar]","17","[]","2000","[P1Y]","[]","AmountOutstanding_Debt_LongTermExternalDebt_LenderCountryMUS"
"[USDollar]","44","[]","1970","[P1Y]","[]","AmountOutstanding_Debt_OfficialCreditor_PubliclyGuaranteed_LongTermExternalDebt_LenderGermanDemRep"
"[USDollar]","8","[]","1970","[P1Y]","[]","AmountOutstanding_Debt_PrivateCreditor_PubliclyGuaranteed_LongTermExternalDebt_LenderCountryCUB"
"[USDollar]","8","[]","1971","[P1Y]","[]","AmountOutstanding_Debt_OfficialCreditor_PubliclyGuaranteed_Multilateral_LongTermExternalDebt_LenderWorldBankMIGA"
"[USDollar]","24","[]","1993","[P1Y]","[]","AmountOutstanding_Debt_PrivateCreditor_PubliclyGuaranteed_CommercialBank_LongTermExternalDebt_LenderCountryCZE"
"[USDollar]","10","[]","2020","[P1Y]","[]","AmountOutstanding_Debt_OfficialCreditor_Concessional_PubliclyGuaranteed_Multilateral_LongTermExternalDebt_LenderNewDevelopmentBank"
"[USDollar]","5","[]","2004","[P1Y]","[]","AmountOutstanding_Debt_LongTermExternalDebt_LenderCountryGIB"
"[USDollar]","11","[]","2004","[P1Y]","[]","AmountOutstanding_Debt_OfficialCreditor_Concessional_PubliclyGuaranteed_Multilateral_LongTermExternalDebt_LenderArabAfricanInternationalBank"
"[USDollar]","69","[]","1970","[P1Y]","[]","AmountOutstanding_Debt_PrivateCreditor_PubliclyGuaranteed_CommercialBank_LongTermExternalDebt_LenderCountryAUT"
"[USDollar]","39","[]","1970","[P1Y]","[]","AmountOutstanding_Debt_PrivateCreditor_PubliclyGuaranteed_WorldBankOtherPrivate_LongTermExternalDebt_LenderCountryIND"
"[USDollar]","7","[]","1995","[P1Y]","[]","AmountOutstanding_Debt_PrivateCreditor_PubliclyGuaranteed_CommercialBank_LongTermExternalDebt_LenderCountryLKA"
"[USDollar]","107","[]","1970","[P1Y]","[]","AmountOutstanding_Debt_LongTermExternalDebt_LenderBondholders"
"[USDollar]","59","[]","1970","[P1Y]","[]","AmountOutstanding_Debt_PubliclyGuaranteed_LongTermExternalDebt_LenderAfricanDevBank"
"[USDollar]","24","[]","1971","[P1Y]","[]","AmountOutstanding_Debt_OfficialCreditor_Concessional_PubliclyGuaranteed_Bilateral_LongTermExternalDebt_LenderCountryPOL"
"[USDollar]","19","[]","1970","[P1Y]","[]","AmountOutstanding_Debt_PrivateCreditor_PubliclyGuaranteed_CommercialBank_LongTermExternalDebt_LenderCountryAUS"
"[USDollar]","11","[]","2001","[P1Y]","[]","AmountOutstanding_Debt_OfficialCreditor_Concessional_PubliclyGuaranteed_Multilateral_LongTermExternalDebt_LenderPlataBasinFinancialDevFund"
"[USDollar]","24","[]","1974","[P1Y]","[]","AmountOutstanding_Debt_OfficialCreditor_Concessional_PubliclyGuaranteed_Bilateral_LongTermExternalDebt_LenderCountryARE"
"[USDollar]","20","[]","1980","[P1Y]","[]","AmountOutstanding_Debt_OfficialCreditor_PubliclyGuaranteed_Bilateral_LongTermExternalDebt_LenderCountryCUB"
"[USDollar]","7","[]","1972","[P1Y]","[]","AmountOutstanding_Debt_PrivateCreditor_PubliclyGuaranteed_LongTermExternalDebt_LenderCountryJAM"
"[USDollar]","8","[]","1983","[P1Y]","[]","AmountOutstanding_Debt_PubliclyGuaranteed_LongTermExternalDebt_LenderFondoLatinoamericanodeReservas"
"[USDollar]","47","[]","1970","[P1Y]","[]","AmountOutstanding_Debt_PrivateCreditor_PubliclyGuaranteed_WorldBankOtherPrivate_LongTermExternalDebt_LenderCountryCAN"
"[USDollar]","5","[]","1970","[P1Y]","[]","AmountOutstanding_Debt_OfficialCreditor_Concessional_PubliclyGuaranteed_Bilateral_LongTermExternalDebt_LenderCountryARG"
"[USDollar]","5","[]","1998","[P1Y]","[]","AmountOutstanding_Debt_PubliclyGuaranteed_LongTermExternalDebt_LenderBankforInternationalSettlements"
"[USDollar]","85","[]","1972","[P1Y]","[]","AmountOutstanding_Debt_PubliclyGuaranteed_LongTermExternalDebt_LenderCountryARE"
"[USDollar]","39","[]","1970","[P1Y]","[]","AmountOutstanding_Debt_PubliclyGuaranteed_LongTermExternalDebt_LenderCountryARG"
"[USDollar]","17","[]","1973","[P1Y]","[]","AmountOutstanding_Debt_PrivateCreditor_PubliclyGuaranteed_LongTermExternalDebt_LenderCountryTUR"
"[USDollar]","17","[]","1970","[P1Y]","[]","AmountOutstanding_Debt_OfficialCreditor_PubliclyGuaranteed_Multilateral_LongTermExternalDebt_LenderCentralAmericanBankforEconIntegration"
"[USDollar]","8","[]","1993","[P1Y]","[]","AmountOutstanding_Debt_PubliclyGuaranteed_LongTermExternalDebt_LenderCountryARM"
"[USDollar]","5","[]","2004","[P1Y]","[]","AmountOutstanding_Debt_PrivateCreditor_PubliclyGuaranteed_WorldBankOtherPrivate_LongTermExternalDebt_LenderCountryGIB"
"[USDollar]","35","[]","1970","[P1Y]","[]","AmountOutstanding_Debt_OfficialCreditor_Concessional_PubliclyGuaranteed_Bilateral_LongTermExternalDebt_LenderCountryNLD"
"[USDollar]","90","[]","1970","[P1Y]","[]","AmountOutstanding_Debt_LongTermExternalDebt_LenderCountryIND"
"[USDollar]","15","[]","1970","[P1Y]","[]","AmountOutstanding_Debt_OfficialCreditor_PubliclyGuaranteed_LongTermExternalDebt_LenderCouncilofEurope"
"[USDollar]","59","[]","1970","[P1Y]","[]","AmountOutstanding_Debt_LongTermExternalDebt_LenderAfricanDevBank"
"[USDollar]","104","[]","1970","[P1Y]","[]","AmountOutstanding_Debt_PrivateCreditor_PubliclyGuaranteed_LongTermExternalDebt_LenderMultipleLenders"
"[USDollar]","94","[]","1970","[P1Y]","[]","AmountOutstanding_Debt_LongTermExternalDebt_LenderCountryCAN"
"[USDollar]","14","[]","1972","[P1Y]","[]","AmountOutstanding_Debt_PrivateCreditor_PubliclyGuaranteed_LongTermExternalDebt_LenderCountryTUN"
"[USDollar]","5","[]","1988","[P1Y]","[]","AmountOutstanding_Debt_OfficialCreditor_PubliclyGuaranteed_Bilateral_LongTermExternalDebt_LenderCountryTUN"
"[USDollar]","5","[]","1979","[P1Y]","[]","AmountOutstanding_Debt_PrivateCreditor_PubliclyGuaranteed_LongTermExternalDebt_LenderCountryNIC"
"[USDollar]","56","[]","1970","[P1Y]","[]","AmountOutstanding_Debt_PubliclyGuaranteed_LongTermExternalDebt_LenderCountryPOL"
"[USDollar]","36","[]","1970","[P1Y]","[]","AmountOutstanding_Debt_OfficialCreditor_PubliclyGuaranteed_Bilateral_LongTermExternalDebt_LenderCountryTUR"
"[USDollar]","7","[]","2011","[P1Y]","[]","AmountOutstanding_Debt_LongTermExternalDebt_LenderCountryTCD"
"[USDollar]","27","[]","1983","[P1Y]","[]","AmountOutstanding_Debt_PrivateCreditor_PubliclyGuaranteed_CommercialBank_LongTermExternalDebt_LenderCountryRUS"
"[USDollar]","28","[]","1970","[P1Y]","[]","AmountOutstanding_Debt_OfficialCreditor_PubliclyGuaranteed_Bilateral_LongTermExternalDebt_LenderCountryARG"
"[USDollar]","58","[]","1977","[P1Y]","[]","AmountOutstanding_Debt_PubliclyGuaranteed_LongTermExternalDebt_LenderEuropeanEconomicCommunity"
"[USDollar]","79","[]","1972","[P1Y]","[]","AmountOutstanding_Debt_OfficialCreditor_PubliclyGuaranteed_Bilateral_LongTermExternalDebt_LenderCountryARE"
"[USDollar]","55","[]","1970","[P1Y]","[]","AmountOutstanding_Debt_PubliclyGuaranteed_LongTermExternalDebt_LenderGermanDemRep"
"[USDollar]","134","[]","1970","[P1Y]","[]","AmountOutstanding_Debt_LongTermExternalDebt"
"[USDollar]","10","[]","1987","[P1Y]","[]","AmountOutstanding_Debt_OfficialCreditor_PubliclyGuaranteed_Multilateral_LongTermExternalDebt_LenderEuropeanReliefFund"
"[USDollar]","7","[]","2004","[P1Y]","[]","AmountOutstanding_Debt_OfficialCreditor_PubliclyGuaranteed_Bilateral_LongTermExternalDebt_LenderEuropeanInvestmentBank"
"[USDollar]","8","[]","1993","[P1Y]","[]","AmountOutstanding_Debt_OfficialCreditor_PubliclyGuaranteed_Bilateral_LongTermExternalDebt_LenderCountryARM"
"[USDollar]","14","[]","1974","[P1Y]","[]","AmountOutstanding_Debt_OfficialCreditor_PubliclyGuaranteed_Multilateral_LongTermExternalDebt_LenderOrgofArabPetroleumExportingCountries"
"[USDollar]","87","[]","1970","[P1Y]","[]","AmountOutstanding_Debt_OfficialCreditor_PubliclyGuaranteed_Bilateral_LongTermExternalDebt_LenderCountryNLD"
"[USDollar]","89","[]","1970","[P1Y]","[]","AmountOutstanding_Debt_PrivateCreditor_PubliclyGuaranteed_LongTermExternalDebt_LenderCountryNLD"
"[USDollar]","16","[]","1970","[P1Y]","[]","AmountOutstanding_Debt_PrivateCreditor_PubliclyGuaranteed_WorldBankOtherPrivate_LongTermExternalDebt_LenderCountryVEN"
"[USDollar]","98","[]","1970","[P1Y]","[]","AmountOutstanding_Debt_PubliclyGuaranteed_LongTermExternalDebt_LenderCountryNLD"
"[USDollar]","35","[]","1975","[P1Y]","[]","AmountOutstanding_Debt_OfficialCreditor_Concessional_PubliclyGuaranteed_Bilateral_LongTermExternalDebt_LenderCountryRUS"
"[USDollar]","122","[]","1970","[P1Y]","[]","AmountOutstanding_Debt_OfficialCreditor_PubliclyGuaranteed_Multilateral_LongTermExternalDebt_LenderEuropeanInvestmentBank"
"[USDollar]","23","[]","1978","[P1Y]","[]","AmountOutstanding_Debt_PubliclyGuaranteed_LongTermExternalDebt_LenderArabMonetaryFund"
"[USDollar]","37","[]","1976","[P1Y]","[]","AmountOutstanding_Debt_PrivateCreditor_PubliclyGuaranteed_LongTermExternalDebt_LenderCountryARE"
"[USDollar]","51","[]","1970","[P1Y]","[]","AmountOutstanding_Debt_LongTermExternalDebt_LenderArabBankforEconomicDevinAfrica"
"[USDollar]","40","[]","1976","[P1Y]","[]","AmountOutstanding_Debt_PrivateCreditor_PubliclyGuaranteed_WorldBankOtherPrivate_LongTermExternalDebt_LenderCountryKOR"
"[USDollar]","6","[]","2018","[P1Y]","[]","AmountOutstanding_Debt_OfficialCreditor_PubliclyGuaranteed_Multilateral_LongTermExternalDebt_LenderNordicEnvironmentFinanceCorporation"
"[USDollar]","19","[]","1980","[P1Y]","[]","AmountOutstanding_Debt_PrivateCreditor_PubliclyGuaranteed_CommercialBank_LongTermExternalDebt_LenderCountryPRT"
"[USDollar]","33","[]","1970","[P1Y]","[]","AmountOutstanding_Debt_PrivateCreditor_PubliclyGuaranteed_LongTermExternalDebt_LenderCountryARG"
"[USDollar]","83","[]","1975","[P1Y]","[]","AmountOutstanding_Debt_PubliclyGuaranteed_LongTermExternalDebt_LenderCountryRUS"
"[USDollar]","7","[]","1979","[P1Y]","[]","AmountOutstanding_Debt_OfficialCreditor_Concessional_PubliclyGuaranteed_Bilateral_LongTermExternalDebt_LenderCountryTZA"
"[USDollar]","18","[]","1972","[P1Y]","[]","AmountOutstanding_Debt_LongTermExternalDebt_LenderUNDevelopmentProgramme"
"[USDollar]","5","[]","1988","[P1Y]","[]","AmountOutstanding_Debt_PrivateCreditor_PubliclyGuaranteed_WorldBankOtherPrivate_LongTermExternalDebt_LenderCountryECU"
"[USDollar]","12","[]","1999","[P1Y]","[]","AmountOutstanding_Debt_PrivateCreditor_PubliclyGuaranteed_CommercialBank_LongTermExternalDebt_LenderCountryCYP"
"[USDollar]","11","[]","1970","[P1Y]","[]","AmountOutstanding_Debt_PubliclyGuaranteed_LongTermExternalDebt_LenderCountryTZA"
"[USDollar]","6","[]","1986","[P1Y]","[]","AmountOutstanding_Debt_PrivateCreditor_PubliclyGuaranteed_CommercialBank_LongTermExternalDebt_LenderCountryPRY"
"[USDollar]","18","[]","1970","[P1Y]","[]","AmountOutstanding_Debt_PrivateCreditor_PubliclyGuaranteed_CommercialBank_LongTermExternalDebt_LenderCountryCYM"
"[USDollar]","57","[]","1975","[P1Y]","[]","AmountOutstanding_Debt_OfficialCreditor_Concessional_PubliclyGuaranteed_Multilateral_LongTermExternalDebt_LenderIslamicDevBank"
"[USDollar]","15","[]","1978","[P1Y]","[]","AmountOutstanding_Debt_OfficialCreditor_Concessional_PubliclyGuaranteed_Bilateral_LongTermExternalDebt_LenderCountryPRK"
"[USDollar]","11","[]","1970","[P1Y]","[]","AmountOutstanding_Debt_OfficialCreditor_Concessional_PubliclyGuaranteed_Multilateral_LongTermExternalDebt_LenderCentralAmericanBankforEconIntegration"
"[USDollar]","16","[]","1970","[P1Y]","[]","AmountOutstanding_Debt_OfficialCreditor_PubliclyGuaranteed_LongTermExternalDebt_LenderCorporacionAndinadeFomento"
"[USDollar]","121","[]","1978","[P1Y]","[]","AmountOutstanding_Debt_LongTermExternalDebt_LenderInternationalFundforAgriculturalDev"
"[USDollar]","7","[]","1975","[P1Y]","[]","AmountOutstanding_Debt_PrivateCreditor_PubliclyGuaranteed_CommercialBank_LongTermExternalDebt_LenderCountryPRK"
"[USDollar]","102","[]","1970","[P1Y]","[]","AmountOutstanding_Debt_OfficialCreditor_PubliclyGuaranteed_LongTermExternalDebt_LenderCountryGBR"
"[USDollar]","39","[]","1970","[P1Y]","[]","AmountOutstanding_Debt_PrivateCreditor_PubliclyGuaranteed_LongTermExternalDebt_LenderCountryPOL"
"[USDollar]","49","[]","1970","[P1Y]","[]","AmountOutstanding_Debt_OfficialCreditor_PubliclyGuaranteed_Bilateral_LongTermExternalDebt_LenderCountryPOL"
"[USDollar]","15","[]","1987","[P1Y]","[]","AmountOutstanding_Debt_OfficialCreditor_Concessional_PubliclyGuaranteed_Multilateral_LongTermExternalDebt_LenderWestAfricanDevelopmentBank"
"[USDollar]","28","[]","1970","[P1Y]","[]","AmountOutstanding_Debt_LongTermExternalDebt_LenderCountryEGY"
"[USDollar]","6","[]","1981","[P1Y]","[]","AmountOutstanding_Debt_PrivateCreditor_PubliclyGuaranteed_CommercialBank_LongTermExternalDebt_LenderCountryPRI"
"[USDollar]","18","[]","1976","[P1Y]","[]","AmountOutstanding_Debt_OfficialCreditor_Concessional_PubliclyGuaranteed_Bilateral_LongTermExternalDebt_LenderCountryPRT"
"[USDollar]","30","[]","1972","[P1Y]","[]","AmountOutstanding_Debt_PubliclyGuaranteed_LongTermExternalDebt_LenderCountryPRT"
"[USDollar]","93","[]","1970","[P1Y]","[]","AmountOutstanding_Debt_OfficialCreditor_PubliclyGuaranteed_LongTermExternalDebt_LenderCountryCAN"
"[USDollar]","14","[]","1979","[P1Y]","[]","AmountOutstanding_Debt_PrivateCreditor_PubliclyGuaranteed_CommercialBank_LongTermExternalDebt_LenderCountryPOL"
"[USDollar]","7","[]","2011","[P1Y]","[]","AmountOutstanding_Debt_OfficialCreditor_PubliclyGuaranteed_Bilateral_LongTermExternalDebt_LenderCountryNER"
"[USDollar]","26","[]","1972","[P1Y]","[]","AmountOutstanding_Debt_PrivateCreditor_PubliclyGuaranteed_LongTermExternalDebt_LenderCountryPRT"
"[USDollar]","7","[]","1985","[P1Y]","[]","AmountOutstanding_Debt_PrivateCreditor_PubliclyGuaranteed_LongTermExternalDebt_LenderCountryRWA"
"[USDollar]","7","[]","2019","[P1Y]","[]","AmountOutstanding_Debt_OfficialCreditor_PubliclyGuaranteed_Multilateral_LongTermExternalDebt_LenderSouthAsianDevelopmentFund"
"[USDollar]","18","[]","1970","[P1Y]","[]","AmountOutstanding_Debt_PubliclyGuaranteed_LongTermExternalDebt_LenderCountryCYM"
"[USDollar]","77","[]","1970","[P1Y]","[]","AmountOutstanding_Debt_OfficialCreditor_PubliclyGuaranteed_Multilateral_LongTermExternalDebt_LenderEuropeanDevelopmentFund"
"[USDollar]","6","[]","1986","[P1Y]","[]","AmountOutstanding_Debt_PubliclyGuaranteed_LongTermExternalDebt_LenderCountryPRY"
"[USDollar]","22","[]","1989","[P1Y]","[]","AmountOutstanding_Debt_PubliclyGuaranteed_LongTermExternalDebt_LenderCountryCYP"
"[USDollar]","33","[]","1976","[P1Y]","[]","AmountOutstanding_Debt_PrivateCreditor_PubliclyGuaranteed_CommercialBank_LongTermExternalDebt_LenderCountryARE"
"[USDollar]","6","[]","1986","[P1Y]","[]","AmountOutstanding_Debt_PrivateCreditor_PubliclyGuaranteed_LongTermExternalDebt_LenderCountryPRY"
"[USDollar]","18","[]","1970","[P1Y]","[]","AmountOutstanding_Debt_PrivateCreditor_PubliclyGuaranteed_LongTermExternalDebt_LenderCountryCYM"
"[USDollar]","32","[]","1986","[P1Y]","[]","AmountOutstanding_Debt_LongTermExternalDebt_LenderCountryMYS"
"[USDollar]","14","[]","1970","[P1Y]","[]","AmountOutstanding_Debt_PrivateCreditor_PubliclyGuaranteed_CommercialBank_LongTermExternalDebt_LenderCountryARG"
"[USDollar]","22","[]","1989","[P1Y]","[]","AmountOutstanding_Debt_PrivateCreditor_PubliclyGuaranteed_LongTermExternalDebt_LenderCountryCYP"
"[USDollar]","18","[]","1970","[P1Y]","[]","AmountOutstanding_Debt_OfficialCreditor_Concessional_PubliclyGuaranteed_Bilateral_LongTermExternalDebt_LenderCountryLBY"
"[USDollar]","10","[]","2002","[P1Y]","[]","AmountOutstanding_Debt_OfficialCreditor_PubliclyGuaranteed_LongTermExternalDebt_LenderCountryMUS"
"[USDollar]","7","[]","1985","[P1Y]","[]","AmountOutstanding_Debt_PubliclyGuaranteed_LongTermExternalDebt_LenderCountryRWA"
"[USDollar]","8","[]","1972","[P1Y]","[]","AmountOutstanding_Debt_OfficialCreditor_Concessional_PubliclyGuaranteed_Bilateral_LongTermExternalDebt_LenderCountryNGA"
"[USDollar]","84","[]","1970","[P1Y]","[]","AmountOutstanding_Debt_OfficialCreditor_PubliclyGuaranteed_LongTermExternalDebt_LenderCountryIND"
"[USDollar]","5","[]","1990","[P1Y]","[]","AmountOutstanding_Debt_LongTermExternalDebt_LenderCountryGMB"
"[USDollar]","13","[]","1979","[P1Y]","[]","AmountOutstanding_Debt_OfficialCreditor_PubliclyGuaranteed_Bilateral_LongTermExternalDebt_LenderCountryCPV"
"[USDollar]","7","[]","2011","[P1Y]","[]","AmountOutstanding_Debt_OfficialCreditor_PubliclyGuaranteed_LongTermExternalDebt_LenderCountryTCD"
"[USDollar]","24","[]","1975","[P1Y]","[]","AmountOutstanding_Debt_PubliclyGuaranteed_LongTermExternalDebt_LenderCountryPRK"
"[USDollar]","7","[]","1981","[P1Y]","[]","AmountOutstanding_Debt_PubliclyGuaranteed_LongTermExternalDebt_LenderCountryPRI"
"[USDollar]","9","[]","1970","[P1Y]","[]","AmountOutstanding_Debt_LongTermExternalDebt_LenderEUROFIMA"
"[USDollar]","6","[]","1981","[P1Y]","[]","AmountOutstanding_Debt_PrivateCreditor_PubliclyGuaranteed_LongTermExternalDebt_LenderCountryPRI"
"[USDollar]","15","[]","1970","[P1Y]","[]","AmountOutstanding_Debt_OfficialCreditor_PubliclyGuaranteed_Multilateral_LongTermExternalDebt_LenderCouncilofEurope"
"[USDollar]","8","[]","1975","[P1Y]","[]","AmountOutstanding_Debt_PrivateCreditor_PubliclyGuaranteed_LongTermExternalDebt_LenderCountryPRK"
"[USDollar]","70","[]","1970","[P1Y]","[]","AmountOutstanding_Debt_PubliclyGuaranteed_LongTermExternalDebt_LenderCountryNOR"
"[USDollar]","11","[]","2011","[P1Y]","[]","AmountOutstanding_Debt_LongTermExternalDebt_LenderCountryGNQ"
"[USDollar]","14","[]","1970","[P1Y]","[]","AmountOutstanding_Debt_OfficialCreditor_Concessional_PubliclyGuaranteed_Bilateral_LongTermExternalDebt_LenderCountryROU"
"[USDollar]","10","[]","1970","[P1Y]","[]","AmountOutstanding_Debt_PubliclyGuaranteed_LongTermExternalDebt_LenderEuropeanSocialFund"
"[USDollar]","44","[]","1970","[P1Y]","[]","AmountOutstanding_Debt_LongTermExternalDebt_LenderCountryIRQ"
"[USDollar]","11","[]","2010","[P1Y]","[]","AmountOutstanding_Debt_PubliclyGuaranteed_LongTermExternalDebt_LenderWorldTradeOrganization"
"[USDollar]","42","[]","1983","[P1Y]","[]","AmountOutstanding_Debt_PrivateCreditor_PubliclyGuaranteed_LongTermExternalDebt_LenderCountryRUS"
"[USDollar]","13","[]","2011","[P1Y]","[]","AmountOutstanding_Debt_OfficialCreditor_PubliclyGuaranteed_Bilateral_LongTermExternalDebt_LenderCountryCOG"
"[USDollar]","8","[]","1970","[P1Y]","[]","AmountOutstanding_Debt_OfficialCreditor_PubliclyGuaranteed_Bilateral_LongTermExternalDebt_LenderCountryCOD"
"[USDollar]","19","[]","1971","[P1Y]","[]","AmountOutstanding_Debt_LongTermExternalDebt_LenderCountryTHA"
"[USDollar]","5","[]","1970","[P1Y]","[]","AmountOutstanding_Debt_PrivateCreditor_PubliclyGuaranteed_LongTermExternalDebt_LenderCountryTZA"
"[USDollar]","29","[]","1971","[P1Y]","[]","AmountOutstanding_Debt_LongTermExternalDebt_LenderCountryIRL"
"[USDollar]","85","[]","1970","[P1Y]","[]","AmountOutstanding_Debt_OfficialCreditor_PubliclyGuaranteed_Bilateral_LongTermExternalDebt_LenderCountryESP"
"[USDollar]","12","[]","2004","[P1Y]","[]","AmountOutstanding_Debt_OfficialCreditor_PubliclyGuaranteed_LongTermExternalDebt_LenderCaribbeanCommunity"
"[USDollar]","10","[]","1970","[P1Y]","[]","AmountOutstanding_Debt_OfficialCreditor_PubliclyGuaranteed_Bilateral_LongTermExternalDebt_LenderCountryCOL"
"[USDollar]","37","[]","1970","[P1Y]","[]","AmountOutstanding_Debt_LongTermExternalDebt_LenderCountryIRN"
"[USDollar]","98","[]","1970","[P1Y]","[]","AmountOutstanding_Debt_PubliclyGuaranteed_LongTermExternalDebt_LenderCountryAUT"
"[USDollar]","51","[]","1970","[P1Y]","[]","AmountOutstanding_Debt_PubliclyGuaranteed_LongTermExternalDebt_LenderCountryAUS"
"[USDollar]","7","[]","1995","[P1Y]","[]","AmountOutstanding_Debt_PubliclyGuaranteed_LongTermExternalDebt_LenderCountryLKA"
"[USDollar]","16","[]","1971","[P1Y]","[]","AmountOutstanding_Debt_PubliclyGuaranteed_LongTermExternalDebt_LenderCaribbeanDevBank"
"[USDollar]","134","[]","1970","[P1Y]","[]","AmountOutstanding_Debt_OfficialCreditor_PubliclyGuaranteed_LongTermExternalDebt"
"[USDollar]","10","[]","1975","[P1Y]","[]","AmountOutstanding_Debt_LongTermExternalDebt_LenderCountryTGO"
"[USDollar]","6","[]","1990","[P1Y]","[]","AmountOutstanding_Debt_OfficialCreditor_Concessional_PubliclyGuaranteed_Bilateral_LongTermExternalDebt_LenderCountryTTO"
"[USDollar]","35","[]","1979","[P1Y]","[]","AmountOutstanding_Debt_LongTermExternalDebt_LenderNordicInvestmentBank"
"[USDollar]","69","[]","1970","[P1Y]","[]","AmountOutstanding_Debt_PrivateCreditor_PubliclyGuaranteed_CommercialBank_LongTermExternalDebt_LenderCountryNLD"
"[USDollar]","59","[]","1990","[P1Y]","[]","AmountOutstanding_Debt_PubliclyGuaranteed_LongTermExternalDebt_LenderCountryCZE"
"[USDollar]","9","[]","1987","[P1Y]","[]","AmountOutstanding_Debt_PrivateCreditor_PubliclyGuaranteed_CommercialBank_LongTermExternalDebt_LenderCountryTUR"
"[USDollar]","71","[]","1975","[P1Y]","[]","AmountOutstanding_Debt_OfficialCreditor_PubliclyGuaranteed_LongTermExternalDebt_LenderCountryKOR"
"[USDollar]","9","[]","1970","[P1Y]","[]","AmountOutstanding_Debt_OfficialCreditor_PubliclyGuaranteed_LongTermExternalDebt_LenderCountryZMB"
"[USDollar]","110","[]","1970","[P1Y]","[]","AmountOutstanding_Debt_LongTermExternalDebt_LenderCountryKWT"
"[USDollar]","57","[]","1970","[P1Y]","[]","AmountOutstanding_Debt_LongTermExternalDebt_LenderCountryISR"
"[USDollar]","12","[]","1979","[P1Y]","[]","AmountOutstanding_Debt_OfficialCreditor_PubliclyGuaranteed_Bilateral_LongTermExternalDebt_LenderCountryCRI"
"[USDollar]","5","[]","1987","[P1Y]","[]","AmountOutstanding_Debt_PrivateCreditor_PubliclyGuaranteed_CommercialBank_LongTermExternalDebt_LenderCountryTUN"
"[USDollar]","47","[]","1970","[P1Y]","[]","AmountOutstanding_Debt_OfficialCreditor_PubliclyGuaranteed_Bilateral_LongTermExternalDebt_LenderCountryROU"
"[USDollar]","5","[]","1988","[P1Y]","[]","AmountOutstanding_Debt_LongTermExternalDebt_LenderCountryISL"
"[USDollar]","129","[]","1970","[P1Y]","[]","AmountOutstanding_Debt_PrivateCreditor_PubliclyGuaranteed_CommercialBank_LongTermExternalDebt"
"[USDollar]","132","[]","1970","[P1Y]","[]","AmountOutstanding_Debt_PrivateCreditor_PubliclyGuaranteed_LongTermExternalDebt"
"[USDollar]","7","[]","2014","[P1Y]","[]","AmountOutstanding_Debt_OfficialCreditor_PubliclyGuaranteed_Multilateral_LongTermExternalDebt_LenderIslamicSolidarityFundforDev"
"[USDollar]","7","[]","1972","[P1Y]","[]","AmountOutstanding_Debt_PrivateCreditor_PubliclyGuaranteed_CommercialBank_LongTermExternalDebt_LenderCountryJAM"
"[USDollar]","34","[]","1970","[P1Y]","[]","AmountOutstanding_Debt_OfficialCreditor_PubliclyGuaranteed_LongTermExternalDebt_LenderCountryVEN"
"[USDollar]","11","[]","1970","[P1Y]","[]","AmountOutstanding_Debt_OfficialCreditor_PubliclyGuaranteed_LongTermExternalDebt_LenderCountryGHA"
"[USDollar]","5","[]","1979","[P1Y]","[]","AmountOutstanding_Debt_PrivateCreditor_PubliclyGuaranteed_CommercialBank_LongTermExternalDebt_LenderCountryNIC"
"[USDollar]","7","[]","2012","[P1Y]","[]","AmountOutstanding_Debt_OfficialCreditor_Concessional_PubliclyGuaranteed_Bilateral_LongTermExternalDebt_LenderCountryTUR"
"[USDollar]","15","[]","1974","[P1Y]","[]","AmountOutstanding_Debt_OfficialCreditor_PubliclyGuaranteed_Bilateral_LongTermExternalDebt_LenderCountryTTO"
"[USDollar]","6","[]","1978","[P1Y]","[]","AmountOutstanding_Debt_OfficialCreditor_PubliclyGuaranteed_LongTermExternalDebt_LenderCountryECU"
"[USDollar]","81","[]","1976","[P1Y]","[]","AmountOutstanding_Debt_OfficialCreditor_Concessional_PubliclyGuaranteed_Multilateral_LongTermExternalDebt_LenderOPECFundforInternationalDev"
"[USDollar]","13","[]","1988","[P1Y]","[]","AmountOutstanding_Debt_OfficialCreditor_PubliclyGuaranteed_Multilateral_LongTermExternalDebt_LenderInternationalBankforEconomicCooperation"
"[USDollar]","17","[]","1980","[P1Y]","[]","AmountOutstanding_Debt_LongTermExternalDebt_LenderCentralBankofWestAfricanStates"
"[USDollar]","7","[]","2004","[P1Y]","[]","AmountOutstanding_Debt_OfficialCreditor_Concessional_PubliclyGuaranteed_Bilateral_LongTermExternalDebt_LenderCountryJAM"
"[USDollar]","123","[]","1970","[P1Y]","[]","AmountOutstanding_Debt_LongTermExternalDebt_LenderCountryCHN"
"[USDollar]","7","[]","1970","[P1Y]","[]","AmountOutstanding_Debt_OfficialCreditor_PubliclyGuaranteed_Bilateral_LongTermExternalDebt_LenderCountryLBN"
"[USDollar]","51","[]","1983","[P1Y]","[]","AmountOutstanding_Debt_LongTermExternalDebt_LenderNordicDevelopmentFund"
"[USDollar]","53","[]","1970","[P1Y]","[]","AmountOutstanding_Debt_PrivateCreditor_PubliclyGuaranteed_LongTermExternalDebt_LenderCountryNOR"
"[USDollar]","6","[]","2002","[P1Y]","[]","AmountOutstanding_Debt_OfficialCreditor_PubliclyGuaranteed_LongTermExternalDebt_LenderCountryVCT"
"[USDollar]","97","[]","1970","[P1Y]","[]","AmountOutstanding_Debt_LongTermExternalDebt_LenderCountryCHE"
"[USDollar]","23","[]","1978","[P1Y]","[]","AmountOutstanding_Debt_OfficialCreditor_PubliclyGuaranteed_Multilateral_LongTermExternalDebt_LenderArabMonetaryFund"
"[USDollar]","54","[]","1970","[P1Y]","[]","AmountOutstanding_Debt_OfficialCreditor_PubliclyGuaranteed_Bilateral_LongTermExternalDebt_LenderCountryLBY"
"[USDollar]","9","[]","1970","[P1Y]","[]","AmountOutstanding_Debt_LongTermExternalDebt_LenderCountryCHL"
"[USDollar]","23","[]","1970","[P1Y]","[]","AmountOutstanding_Debt_LongTermExternalDebt_LenderCountryPAK"
"[USDollar]","89","[]","1970","[P1Y]","[]","AmountOutstanding_Debt_PrivateCreditor_PubliclyGuaranteed_LongTermExternalDebt_LenderCountryAUT"
"[USDollar]","41","[]","1970","[P1Y]","[]","AmountOutstanding_Debt_PrivateCreditor_PubliclyGuaranteed_LongTermExternalDebt_LenderCountryAUS"
"[USDollar]","7","[]","1995","[P1Y]","[]","AmountOutstanding_Debt_PrivateCreditor_PubliclyGuaranteed_LongTermExternalDebt_LenderCountryLKA"
"[USDollar]","13","[]","1972","[P1Y]","[]","AmountOutstanding_Debt_OfficialCreditor_PubliclyGuaranteed_Bilateral_LongTermExternalDebt_LenderCountryNGA"
"[USDollar]","17","[]","1978","[P1Y]","[]","AmountOutstanding_Debt_LongTermExternalDebt_LenderDevBankoftheCentralAfricanStates"
"[USDollar]","38","[]","1970","[P1Y]","[]","AmountOutstanding_Debt_LongTermExternalDebt_LenderCountryPAN"
"[USDollar]","5","[]","1997","[P1Y]","[]","AmountOutstanding_Debt_OfficialCreditor_Concessional_PubliclyGuaranteed_Bilateral_LongTermExternalDebt_LenderCountryCUB"
"[USDollar]","37","[]","1992","[P1Y]","[]","AmountOutstanding_Debt_PrivateCreditor_PubliclyGuaranteed_LongTermExternalDebt_LenderCountryCZE"
"[USDollar]","5","[]","2020","[P1Y]","[]","AmountOutstanding_Debt_LongTermExternalDebt_LenderUNPopulationFund"
"[USDollar]","109","[]","1970","[P1Y]","[]","AmountOutstanding_Debt_LongTermExternalDebt_LenderCountryITA"
"[USDollar]","35","[]","1970","[P1Y]","[]","AmountOutstanding_Debt_PubliclyGuaranteed_LongTermExternalDebt_LenderInternationalFinanceCorporation"
"[USDollar]","12","[]","1970","[P1Y]","[]","AmountOutstanding_Debt_LongTermExternalDebt_LenderCountryZWE"
"[USDollar]","90","[]","1970","[P1Y]","[]","AmountOutstanding_Debt_OfficialCreditor_PubliclyGuaranteed_LongTermExternalDebt_LenderMultipleLenders"
"[USDollar]","58","[]","1977","[P1Y]","[]","AmountOutstanding_Debt_LongTermExternalDebt_LenderEuropeanEconomicCommunity"
"[USDollar]","7","[]","2019","[P1Y]","[]","AmountOutstanding_Debt_PubliclyGuaranteed_LongTermExternalDebt_LenderSouthAsianDevelopmentFund"
"[USDollar]","9","[]","1979","[P1Y]","[]","AmountOutstanding_Debt_PrivateCreditor_PubliclyGuaranteed_CommercialBank_LongTermExternalDebt_LenderCountryROU"
"[USDollar]","5","[]","1990","[P1Y]","[]","AmountOutstanding_Debt_OfficialCreditor_Concessional_PubliclyGuaranteed_Multilateral_LongTermExternalDebt_LenderUNDevelopmentProgramme"
"[USDollar]","104","[]","1970","[P1Y]","[]","AmountOutstanding_Debt_PrivateCreditor_PubliclyGuaranteed_WorldBankOtherPrivate_LongTermExternalDebt_LenderCountryGBR"
"[USDollar]","27","[]","1986","[P1Y]","[]","AmountOutstanding_Debt_OfficialCreditor_PubliclyGuaranteed_LongTermExternalDebt_LenderCountryMYS"
"[USDollar]","9","[]","1970","[P1Y]","[]","AmountOutstanding_Debt_OfficialCreditor_PubliclyGuaranteed_Multilateral_LongTermExternalDebt_LenderEUROFIMA"
"[USDollar]","35","[]","1970","[P1Y]","[]","AmountOutstanding_Debt_OfficialCreditor_PubliclyGuaranteed_LongTermExternalDebt_LenderInternationalFinanceCorporation"
"[USDollar]","12","[]","1985","[P1Y]","[]","AmountOutstanding_Debt_PrivateCreditor_PubliclyGuaranteed_CommercialBank_LongTermExternalDebt_LenderCountryLBY"
"[USDollar]","12","[]","1983","[P1Y]","[]","AmountOutstanding_Debt_PrivateCreditor_PubliclyGuaranteed_CommercialBank_LongTermExternalDebt_LenderCountryLBR"
"[USDollar]","7","[]","1997","[P1Y]","[]","AmountOutstanding_Debt_PrivateCreditor_PubliclyGuaranteed_LongTermExternalDebt_LenderCountryGTM"
"[USDollar]","14","[]","1979","[P1Y]","[]","AmountOutstanding_Debt_OfficialCreditor_PubliclyGuaranteed_LongTermExternalDebt_LenderCountryIRL"
"[USDollar]","7","[]","1977","[P1Y]","[]","AmountOutstanding_Debt_PrivateCreditor_PubliclyGuaranteed_CommercialBank_LongTermExternalDebt_LenderCountryNGA"
"[USDollar]","7","[]","2009","[P1Y]","[]","AmountOutstanding_Debt_PrivateCreditor_PubliclyGuaranteed_CommercialBank_LongTermExternalDebt_LenderCountryLCA"
"[USDollar]","10","[]","1975","[P1Y]","[]","AmountOutstanding_Debt_OfficialCreditor_PubliclyGuaranteed_LongTermExternalDebt_LenderCountryTGO"
"[USDollar]","9","[]","2005","[P1Y]","[]","AmountOutstanding_Debt_LongTermExternalDebt_LenderCountryVNM"
"[USDollar]","11","[]","2010","[P1Y]","[]","AmountOutstanding_Debt_OfficialCreditor_PubliclyGuaranteed_Multilateral_LongTermExternalDebt_LenderEurasianDevelopmentBank"
"[USDollar]","39","[]","2016","[P1Y]","[]","AmountOutstanding_Debt_OfficialCreditor_PubliclyGuaranteed_LongTermExternalDebt_LenderAsianInfrastructureInvestmentBank"
"[USDollar]","12","[]","1979","[P1Y]","[]","AmountOutstanding_Debt_PrivateCreditor_PubliclyGuaranteed_CommercialBank_LongTermExternalDebt_LenderCountryTTO"
"[USDollar]","9","[]","1975","[P1Y]","[]","AmountOutstanding_Debt_PrivateCreditor_PubliclyGuaranteed_LongTermExternalDebt_LenderCountryPER"
"[USDollar]","24","[]","1970","[P1Y]","[]","AmountOutstanding_Debt_LongTermExternalDebt_LenderCountryGRC"
"[USDollar]","6","[]","2012","[P1Y]","[]","AmountOutstanding_Debt_LongTermExternalDebt_LenderCountryGRD"
"[USDollar]","17","[]","1970","[P1Y]","[]","AmountOutstanding_Debt_LongTermExternalDebt_LenderCountryCIV"
"[USDollar]","6","[]","1976","[P1Y]","[]","AmountOutstanding_Debt_PrivateCreditor_PubliclyGuaranteed_WorldBankOtherPrivate_LongTermExternalDebt_LenderCountryGAB"
"[USDollar]","7","[]","1993","[P1Y]","[]","AmountOutstanding_Debt_PubliclyGuaranteed_LongTermExternalDebt_LenderCountryAZE"
"[USDollar]","12","[]","1993","[P1Y]","[]","AmountOutstanding_Debt_LongTermExternalDebt_LenderCountryTKM"
"[USDollar]","12","[]","1973","[P1Y]","[]","AmountOutstanding_Debt_PubliclyGuaranteed_LongTermExternalDebt_LenderWestAfricanMonetaryUnion"
"[USDollar]","5","[]","2006","[P1Y]","[]","AmountOutstanding_Debt_PrivateCreditor_PubliclyGuaranteed_WorldBankOtherPrivate_LongTermExternalDebt_LenderCountrySYR"
"[USDollar]","5","[]","1990","[P1Y]","[]","AmountOutstanding_Debt_OfficialCreditor_PubliclyGuaranteed_LongTermExternalDebt_LenderCountryGMB"
"[USDollar]","8","[]","1973","[P1Y]","[]","AmountOutstanding_Debt_PrivateCreditor_PubliclyGuaranteed_LongTermExternalDebt_LenderCountryPHL"
"[USDollar]","6","[]","2004","[P1Y]","[]","AmountOutstanding_Debt_OfficialCreditor_PubliclyGuaranteed_Multilateral_LongTermExternalDebt_LenderArabTownsOrganization"
"[USDollar]","17","[]","1978","[P1Y]","[]","AmountOutstanding_Debt_LongTermExternalDebt_LenderCountryAGO"
"[USDollar]","8","[]","1984","[P1Y]","[]","AmountOutstanding_Debt_PrivateCreditor_PubliclyGuaranteed_WorldBankOtherPrivate_LongTermExternalDebt_LenderCountryIDN"
"[USDollar]","11","[]","1982","[P1Y]","[]","AmountOutstanding_Debt_PrivateCreditor_PubliclyGuaranteed_WorldBankOtherPrivate_LongTermExternalDebt_LenderCountryMLT"
"[USDollar]","8","[]","1971","[P1Y]","[]","AmountOutstanding_Debt_PrivateCreditor_PubliclyGuaranteed_LongTermExternalDebt_LenderCountryCOD"
"[USDollar]","13","[]","1980","[P1Y]","[]","AmountOutstanding_Debt_PrivateCreditor_PubliclyGuaranteed_CommercialBank_LongTermExternalDebt_LenderCountryCOL"
"[USDollar]","58","[]","1970","[P1Y]","[]","AmountOutstanding_Debt_PrivateCreditor_PubliclyGuaranteed_CommercialBank_LongTermExternalDebt_LenderCountryESP"
"[USDollar]","19","[]","1970","[P1Y]","[]","AmountOutstanding_Debt_OfficialCreditor_PubliclyGuaranteed_LongTermExternalDebt_LenderCountryEGY"
"[USDollar]","11","[]","1975","[P1Y]","[]","AmountOutstanding_Debt_PrivateCreditor_PubliclyGuaranteed_WorldBankOtherPrivate_LongTermExternalDebt_LenderCountryMLI"
"[USDollar]","8","[]","1977","[P1Y]","[]","AmountOutstanding_Debt_PubliclyGuaranteed_LongTermExternalDebt_LenderUNRegularProgrammeofTechnicalCoop"
"[USDollar]","17","[]","1982","[P1Y]","[]","AmountOutstanding_Debt_OfficialCreditor_Concessional_PubliclyGuaranteed_Multilateral_LongTermExternalDebt_LenderMultipleLenders"
"[USDollar]","63","[]","1975","[P1Y]","[]","AmountOutstanding_Debt_OfficialCreditor_PubliclyGuaranteed_Multilateral_LongTermExternalDebt_LenderIslamicDevBank"
"[USDollar]","6","[]","1973","[P1Y]","[]","AmountOutstanding_Debt_PrivateCreditor_PubliclyGuaranteed_CommercialBank_LongTermExternalDebt_LenderCountryLBN"
"[USDollar]","8","[]","1977","[P1Y]","[]","AmountOutstanding_Debt_OfficialCreditor_PubliclyGuaranteed_Multilateral_LongTermExternalDebt_LenderUNRegularProgrammeofTechnicalCoop"
"[USDollar]","12","[]","2007","[P1Y]","[]","AmountOutstanding_Debt_OfficialCreditor_PubliclyGuaranteed_LongTermExternalDebt_LenderUNGeneralAssembly"
"[USDollar]","10","[]","1984","[P1Y]","[]","AmountOutstanding_Debt_LongTermExternalDebt_LenderCountryGTM"
"[USDollar]","7","[]","2003","[P1Y]","[]","AmountOutstanding_Debt_LongTermExternalDebt_LenderCountryNAM"
"[USDollar]","6","[]","1975","[P1Y]","[]","AmountOutstanding_Debt_LongTermExternalDebt_LenderUNChildrenFund"
"[USDollar]","64","[]","1970","[P1Y]","[]","AmountOutstanding_Debt_PrivateCreditor_PubliclyGuaranteed_WorldBankOtherPrivate_LongTermExternalDebt_LenderCountrySWE"
"[USDollar]","23","[]","1974","[P1Y]","[]","AmountOutstanding_Debt_PubliclyGuaranteed_LongTermExternalDebt_LenderArabAfricanInternationalBank"
"[USDollar]","8","[]","1971","[P1Y]","[]","AmountOutstanding_Debt_LongTermExternalDebt_LenderWorldBankMIGA"
"[USDollar]","15","[]","1970","[P1Y]","[]","AmountOutstanding_Debt_LongTermExternalDebt_LenderCountryPER"
"[USDollar]","6","[]","1994","[P1Y]","[]","AmountOutstanding_Debt_PrivateCreditor_PubliclyGuaranteed_WorldBankOtherPrivate_LongTermExternalDebt_LenderCountryMKD"
"[USDollar]","6","[]","2023","[P1Y]","[]","AmountOutstanding_Debt_PrivateCreditor_PubliclyGuaranteed_LongTermExternalDebt_LenderCountryGUY"
"[USDollar]","6","[]","1993","[P1Y]","[]","AmountOutstanding_Debt_OfficialCreditor_PubliclyGuaranteed_Bilateral_LongTermExternalDebt_LenderCountryAZE"
"[USDollar]","32","[]","1982","[P1Y]","[]","AmountOutstanding_Debt_OfficialCreditor_PubliclyGuaranteed_Multilateral_LongTermExternalDebt_LenderMultipleLenders"
"[USDollar]","10","[]","1970","[P1Y]","[]","AmountOutstanding_Debt_PrivateCreditor_PubliclyGuaranteed_WorldBankOtherPrivate_LongTermExternalDebt_LenderCountryDZA"
"[USDollar]","7","[]","1974","[P1Y]","[]","AmountOutstanding_Debt_LongTermExternalDebt_LenderCountryGUY"
"[USDollar]","12","[]","1995","[P1Y]","[]","AmountOutstanding_Debt_LongTermExternalDebt_LenderCountryCMR"
"[USDollar]","14","[]","1970","[P1Y]","[]","AmountOutstanding_Debt_OfficialCreditor_PubliclyGuaranteed_LongTermExternalDebt_LenderCountryCIV"
"[USDollar]","7","[]","1979","[P1Y]","[]","AmountOutstanding_Debt_OfficialCreditor_PubliclyGuaranteed_Bilateral_LongTermExternalDebt_LenderCountryTZA"
"[USDollar]","13","[]","1980","[P1Y]","[]","AmountOutstanding_Debt_PrivateCreditor_PubliclyGuaranteed_LongTermExternalDebt_LenderCountryLBR"
"[USDollar]","48","[]","1970","[P1Y]","[]","AmountOutstanding_Debt_OfficialCreditor_Concessional_PubliclyGuaranteed_Bilateral_LongTermExternalDebt_LenderCountryAUT"
"[USDollar]","18","[]","1992","[P1Y]","[]","AmountOutstanding_Debt_OfficialCreditor_Concessional_PubliclyGuaranteed_Bilateral_LongTermExternalDebt_LenderCountryAUS"
"[USDollar]","20","[]","2002","[P1Y]","[]","AmountOutstanding_Debt_PubliclyGuaranteed_LongTermExternalDebt_LenderEuropeanUnion"
"[USDollar]","8","[]","1984","[P1Y]","[]","AmountOutstanding_Debt_OfficialCreditor_PubliclyGuaranteed_LongTermExternalDebt_LenderCountryZWE"
"[USDollar]","18","[]","1971","[P1Y]","[]","AmountOutstanding_Debt_PrivateCreditor_PubliclyGuaranteed_LongTermExternalDebt_LenderCountryLBN"
"[USDollar]","5","[]","1985","[P1Y]","[]","AmountOutstanding_Debt_OfficialCreditor_PubliclyGuaranteed_Bilateral_LongTermExternalDebt_LenderCountryPRI"
"[USDollar]","23","[]","1978","[P1Y]","[]","AmountOutstanding_Debt_OfficialCreditor_PubliclyGuaranteed_Bilateral_LongTermExternalDebt_LenderCountryPRK"
"[USDollar]","11","[]","1977","[P1Y]","[]","AmountOutstanding_Debt_PrivateCreditor_PubliclyGuaranteed_WorldBankOtherPrivate_LongTermExternalDebt_LenderNethAntilles"
"[USDollar]","20","[]","1970","[P1Y]","[]","AmountOutstanding_Debt_OfficialCreditor_Concessional_PubliclyGuaranteed_Bilateral_LongTermExternalDebt_LenderCountryNOR"
"[USDollar]","14","[]","1976","[P1Y]","[]","AmountOutstanding_Debt_OfficialCreditor_Concessional_PubliclyGuaranteed_Multilateral_LongTermExternalDebt_LenderCaribbeanDevBank"
"[USDollar]","12","[]","1993","[P1Y]","[]","AmountOutstanding_Debt_OfficialCreditor_PubliclyGuaranteed_LongTermExternalDebt_LenderCountryTKM"
"[USDollar]","7","[]","1996","[P1Y]","[]","AmountOutstanding_Debt_PrivateCreditor_PubliclyGuaranteed_WorldBankOtherPrivate_LongTermExternalDebt_LenderCountrySVK"
"[USDollar]","5","[]","2015","[P1Y]","[]","AmountOutstanding_Debt_OfficialCreditor_Concessional_PubliclyGuaranteed_Multilateral_LongTermExternalDebt_LenderEuropeanReliefFund"
"[USDollar]","6","[]","2023","[P1Y]","[]","AmountOutstanding_Debt_PrivateCreditor_PubliclyGuaranteed_CommercialBank_LongTermExternalDebt_LenderCountryGUY"
"[USDollar]","16","[]","1993","[P1Y]","[]","AmountOutstanding_Debt_OfficialCreditor_Concessional_PubliclyGuaranteed_Bilateral_LongTermExternalDebt_LenderCountryCZE"
"[USDollar]","15","[]","1970","[P1Y]","[]","AmountOutstanding_Debt_OfficialCreditor_PubliclyGuaranteed_LongTermExternalDebt_LenderCountryGRC"
"[USDollar]","22","[]","1975","[P1Y]","[]","AmountOutstanding_Debt_OfficialCreditor_PubliclyGuaranteed_Bilateral_LongTermExternalDebt_LenderCountryPRT"
"[USDollar]","31","[]","2010","[P1Y]","[]","AmountOutstanding_Debt_OfficialCreditor_PubliclyGuaranteed_Multilateral_LongTermExternalDebt_LenderAfricanExportImportBank"
"[USDollar]","5","[]","2006","[P1Y]","[]","AmountOutstanding_Debt_PrivateCreditor_PubliclyGuaranteed_WorldBankOtherPrivate_LongTermExternalDebt_LenderCountrySVN"
"[USDollar]","9","[]","1990","[P1Y]","[]","AmountOutstanding_Debt_PrivateCreditor_PubliclyGuaranteed_LongTermExternalDebt_LenderCountryCPV"
"[USDollar]","10","[]","2017","[P1Y]","[]","AmountOutstanding_Debt_OfficialCreditor_PubliclyGuaranteed_Multilateral_LongTermExternalDebt_LenderNewDevelopmentBank"
"[USDollar]","7","[]","2010","[P1Y]","[]","AmountOutstanding_Debt_OfficialCreditor_Concessional_PubliclyGuaranteed_Multilateral_LongTermExternalDebt_LenderWorldTradeOrganization"
"[USDollar]","10","[]","1975","[P1Y]","[]","AmountOutstanding_Debt_PrivateCreditor_PubliclyGuaranteed_WorldBankOtherPrivate_LongTermExternalDebt_LenderCountryKEN"
"[USDollar]","8","[]","1971","[P1Y]","[]","AmountOutstanding_Debt_PrivateCreditor_PubliclyGuaranteed_CommercialBank_LongTermExternalDebt_LenderCountryCOD"
"[USDollar]","5","[]","1970","[P1Y]","[]","AmountOutstanding_Debt_OfficialCreditor_PubliclyGuaranteed_LongTermExternalDebt_LenderCountryCHL"
"[USDollar]","123","[]","1970","[P1Y]","[]","AmountOutstanding_Debt_OfficialCreditor_PubliclyGuaranteed_LongTermExternalDebt_LenderCountryCHN"
"[USDollar]","6","[]","1974","[P1Y]","[]","AmountOutstanding_Debt_PubliclyGuaranteed_LongTermExternalDebt_LenderUNHighCommissionerforRefugees"
"[USDollar]","14","[]","1976","[P1Y]","[]","AmountOutstanding_Debt_PrivateCreditor_PubliclyGuaranteed_LongTermExternalDebt_LenderCountryCOL"
"[USDollar]","38","[]","1974","[P1Y]","[]","AmountOutstanding_Debt_PubliclyGuaranteed_LongTermExternalDebt_LenderCountryHKG"
"[USDollar]","77","[]","1970","[P1Y]","[]","AmountOutstanding_Debt_PrivateCreditor_PubliclyGuaranteed_LongTermExternalDebt_LenderCountryESP"
"[USDollar]","9","[]","2005","[P1Y]","[]","AmountOutstanding_Debt_OfficialCreditor_PubliclyGuaranteed_LongTermExternalDebt_LenderCountryVNM"
"[USDollar]","62","[]","1989","[P1Y]","[]","AmountOutstanding_Debt_PrivateCreditor_PrivateNonGuaranteed_Bond_LongTermExternalDebt"
"[USDollar]","5","[]","1990","[P1Y]","[]","AmountOutstanding_Debt_LongTermExternalDebt_LenderInternationalInvestmentBank"
"[USDollar]","44","[]","1970","[P1Y]","[]","AmountOutstanding_Debt_PrivateCreditor_PubliclyGuaranteed_WorldBankOtherPrivate_LongTermExternalDebt_LenderCountrySUN"
"[USDollar]","79","[]","1975","[P1Y]","[]","AmountOutstanding_Debt_OfficialCreditor_PubliclyGuaranteed_Bilateral_LongTermExternalDebt_LenderCountryRUS"
"[USDollar]","11","[]","2009","[P1Y]","[]","AmountOutstanding_Debt_OfficialCreditor_PubliclyGuaranteed_LongTermExternalDebt_LenderECOTradeandDevBank"
"[USDollar]","9","[]","1977","[P1Y]","[]","AmountOutstanding_Debt_PubliclyGuaranteed_LongTermExternalDebt_LenderCountryJOR"
"[USDollar]","30","[]","1970","[P1Y]","[]","AmountOutstanding_Debt_OfficialCreditor_PubliclyGuaranteed_Multilateral_LongTermExternalDebt_LenderInterAmericanDevBank"
"[USDollar]","13","[]","1979","[P1Y]","[]","AmountOutstanding_Debt_PrivateCreditor_PubliclyGuaranteed_LongTermExternalDebt_LenderCountryTTO"
"[USDollar]","17","[]","1978","[P1Y]","[]","AmountOutstanding_Debt_OfficialCreditor_PubliclyGuaranteed_LongTermExternalDebt_LenderDevBankoftheCentralAfricanStates"
"[USDollar]","13","[]","1974","[P1Y]","[]","AmountOutstanding_Debt_OfficialCreditor_Concessional_PubliclyGuaranteed_Multilateral_LongTermExternalDebt_LenderArabLeague"
"[USDollar]","8","[]","1971","[P1Y]","[]","AmountOutstanding_Debt_PubliclyGuaranteed_LongTermExternalDebt_LenderInternationalCoffeeOrganization"
"[USDollar]","92","[]","1970","[P1Y]","[]","AmountOutstanding_Debt_LongTermExternalDebt_LenderCountryESP"
"[USDollar]","121","[]","1978","[P1Y]","[]","AmountOutstanding_Debt_OfficialCreditor_PubliclyGuaranteed_LongTermExternalDebt_LenderInternationalFundforAgriculturalDev"
"[USDollar]","16","[]","1970","[P1Y]","[]","AmountOutstanding_Debt_LongTermExternalDebt_LenderCountryCOL"
"[USDollar]","28","[]","1970","[P1Y]","[]","AmountOutstanding_Debt_OfficialCreditor_PubliclyGuaranteed_LongTermExternalDebt_LenderCountryISR"
"[USDollar]","109","[]","1970","[P1Y]","[]","AmountOutstanding_Debt_OfficialCreditor_PubliclyGuaranteed_LongTermExternalDebt_LenderCountryKWT"
"[USDollar]","12","[]","2007","[P1Y]","[]","AmountOutstanding_Debt_PubliclyGuaranteed_LongTermExternalDebt_LenderUNGeneralAssembly"
"[USDollar]","7","[]","1982","[P1Y]","[]","AmountOutstanding_Debt_OfficialCreditor_PubliclyGuaranteed_LongTermExternalDebt_LenderCountryPAN"
"[USDollar]","13","[]","2011","[P1Y]","[]","AmountOutstanding_Debt_LongTermExternalDebt_LenderCountryCOG"
"[USDollar]","13","[]","1974","[P1Y]","[]","AmountOutstanding_Debt_OfficialCreditor_PubliclyGuaranteed_Multilateral_LongTermExternalDebt_LenderArabLeague"
"[USDollar]","8","[]","1970","[P1Y]","[]","AmountOutstanding_Debt_LongTermExternalDebt_LenderCountryCOD"
"[USDollar]","26","[]","1970","[P1Y]","[]","AmountOutstanding_Debt_PrivateCreditor_PubliclyGuaranteed_WorldBankOtherPrivate_LongTermExternalDebt_LenderCountryZAF"
"[USDollar]","72","[]","1970","[P1Y]","[]","AmountOutstanding_Debt_OfficialCreditor_PubliclyGuaranteed_LongTermExternalDebt_LenderCountryCHE"
"[USDollar]","120","[]","1970","[P1Y]","[]","AmountOutstanding_Debt_PubliclyGuaranteed_LongTermExternalDebt_LenderWorldBankIDA"
"[USDollar]","20","[]","2002","[P1Y]","[]","AmountOutstanding_Debt_OfficialCreditor_PubliclyGuaranteed_Multilateral_LongTermExternalDebt_LenderEuropeanUnion"
"[USDollar]","116","[]","1970","[P1Y]","[]","AmountOutstanding_Debt_PubliclyGuaranteed_LongTermExternalDebt_LenderCountryJPN"
"[USDollar]","97","[]","1970","[P1Y]","[]","AmountOutstanding_Debt_OfficialCreditor_PubliclyGuaranteed_LongTermExternalDebt_LenderCountryITA"
"[USDollar]","96","[]","1970","[P1Y]","[]","AmountOutstanding_Debt_PubliclyGuaranteed_LongTermExternalDebt_LenderCountrySAU"
"[USDollar]","23","[]","1970","[P1Y]","[]","AmountOutstanding_Debt_OfficialCreditor_PubliclyGuaranteed_LongTermExternalDebt_LenderCountryPAK"
"[USDollar]","8","[]","1973","[P1Y]","[]","AmountOutstanding_Debt_LongTermExternalDebt_LenderCountryPHL"
"[USDollar]","18","[]","1971","[P1Y]","[]","AmountOutstanding_Debt_OfficialCreditor_PubliclyGuaranteed_LongTermExternalDebt_LenderCountryTHA"
"[USDollar]","134","[]","1970","[P1Y]","[]","AmountOutstanding_Debt_OfficialCreditor_PubliclyGuaranteed_Bilateral_LongTermExternalDebt"
"[USDollar]","47","[]","1970","[P1Y]","[]","AmountOutstanding_Debt_PubliclyGuaranteed_LongTermExternalDebt_LenderCountryLUX"
"[USDollar]","7","[]","2019","[P1Y]","[]","AmountOutstanding_Debt_OfficialCreditor_PubliclyGuaranteed_LongTermExternalDebt_LenderSouthAsianDevelopmentFund"
"[USDollar]","14","[]","1979","[P1Y]","[]","AmountOutstanding_Debt_LongTermExternalDebt_LenderCountryCPV"
"[USDollar]","49","[]","1970","[P1Y]","[]","AmountOutstanding_Debt_PrivateCreditor_PubliclyGuaranteed_WorldBankOtherPrivate_LongTermExternalDebt_LenderCountryBRA"
"[USDollar]","125","[]","1970","[P1Y]","[]","AmountOutstanding_Debt_PubliclyGuaranteed_LongTermExternalDebt_LenderCountryDEU"
"[USDollar]","6","[]","2009","[P1Y]","[]","AmountOutstanding_Debt_PrivateCreditor_PubliclyGuaranteed_WorldBankOtherPrivate_LongTermExternalDebt_LenderCountryBRB"
"[USDollar]","12","[]","1973","[P1Y]","[]","AmountOutstanding_Debt_OfficialCreditor_PubliclyGuaranteed_Multilateral_LongTermExternalDebt_LenderWestAfricanMonetaryUnion"
"[USDollar]","37","[]","1970","[P1Y]","[]","AmountOutstanding_Debt_OfficialCreditor_PubliclyGuaranteed_LongTermExternalDebt_LenderCountryIRN"
"[USDollar]","38","[]","1970","[P1Y]","[]","AmountOutstanding_Debt_OfficialCreditor_PubliclyGuaranteed_Bilateral_LongTermExternalDebt_LenderCountryAUS"
"[USDollar]","44","[]","1970","[P1Y]","[]","AmountOutstanding_Debt_OfficialCreditor_PubliclyGuaranteed_LongTermExternalDebt_LenderCountryIRQ"
"[USDollar]","39","[]","1970","[P1Y]","[]","AmountOutstanding_Debt_PrivateCreditor_PubliclyGuaranteed_LongTermExternalDebt_LenderCountryROU"
"[USDollar]","11","[]","2011","[P1Y]","[]","AmountOutstanding_Debt_OfficialCreditor_PubliclyGuaranteed_LongTermExternalDebt_LenderCountryGNQ"
"[USDollar]","76","[]","1970","[P1Y]","[]","AmountOutstanding_Debt_OfficialCreditor_PubliclyGuaranteed_Bilateral_LongTermExternalDebt_LenderCountryAUT"
"[USDollar]","9","[]","1981","[P1Y]","[]","AmountOutstanding_Debt_PubliclyGuaranteed_LongTermExternalDebt_LenderCountryHND"
"[USDollar]","7","[]","1997","[P1Y]","[]","AmountOutstanding_Debt_PrivateCreditor_PubliclyGuaranteed_CommercialBank_LongTermExternalDebt_LenderCountryGTM"
"[USDollar]","12","[]","1983","[P1Y]","[]","AmountOutstanding_Debt_PrivateCreditor_PubliclyGuaranteed_LongTermExternalDebt_LenderCountryLBY"
"[USDollar]","7","[]","2011","[P1Y]","[]","AmountOutstanding_Debt_LongTermExternalDebt_LenderCountryNER"
"[USDollar]","10","[]","1987","[P1Y]","[]","AmountOutstanding_Debt_OfficialCreditor_PubliclyGuaranteed_LongTermExternalDebt_LenderEuropeanReliefFund"
"[USDollar]","8","[]","1979","[P1Y]","[]","AmountOutstanding_Debt_PrivateCreditor_PubliclyGuaranteed_CommercialBank_LongTermExternalDebt_LenderCountryPER"
"[USDollar]","49","[]","1990","[P1Y]","[]","AmountOutstanding_Debt_OfficialCreditor_PubliclyGuaranteed_Bilateral_LongTermExternalDebt_LenderCountryCZE"
"[USDollar]","106","[]","1978","[P1Y]","[]","AmountOutstanding_Debt_OfficialCreditor_Concessional_PubliclyGuaranteed_Multilateral_LongTermExternalDebt_LenderInternationalFundforAgriculturalDev"
"[USDollar]","7","[]","1977","[P1Y]","[]","AmountOutstanding_Debt_PrivateCreditor_PubliclyGuaranteed_LongTermExternalDebt_LenderCountryNGA"
"[USDollar]","59","[]","1970","[P1Y]","[]","AmountOutstanding_Debt_PubliclyGuaranteed_LongTermExternalDebt_LenderCountryFIN"
"[USDollar]","7","[]","2009","[P1Y]","[]","AmountOutstanding_Debt_PrivateCreditor_PubliclyGuaranteed_LongTermExternalDebt_LenderCountryLCA"
"[USDollar]","63","[]","1970","[P1Y]","[]","AmountOutstanding_Debt_OfficialCreditor_PubliclyGuaranteed_Bilateral_LongTermExternalDebt_LenderCountryNOR"
"[USDollar]","8","[]","2020","[P1Y]","[]","AmountOutstanding_Debt_PrivateCreditor_PubliclyGuaranteed_CommercialBank_LongTermExternalDebt_LenderCountryCIV"
"[USDollar]","29","[]","2017","[P1Y]","[]","AmountOutstanding_Debt_OfficialCreditor_Concessional_PubliclyGuaranteed_Multilateral_LongTermExternalDebt_LenderAsianInfrastructureInvestmentBank"
"[USDollar]","19","[]","1970","[P1Y]","[]","AmountOutstanding_Debt_OfficialCreditor_PubliclyGuaranteed_Bilateral_LongTermExternalDebt_LenderCountryEGY"
"[USDollar]","30","[]","1970","[P1Y]","[]","AmountOutstanding_Debt_LongTermExternalDebt_LenderInterAmericanDevBank"
"[USDollar]","17","[]","2001","[P1Y]","[]","AmountOutstanding_Debt_PrivateCreditor_PubliclyGuaranteed_CommercialBank_LongTermExternalDebt_LenderCountryGRC"
"[USDollar]","6","[]","2012","[P1Y]","[]","AmountOutstanding_Debt_PrivateCreditor_PubliclyGuaranteed_CommercialBank_LongTermExternalDebt_LenderCountryGRD"
"[USDollar]","14","[]","1970","[P1Y]","[]","AmountOutstanding_Debt_LongTermExternalDebt_LenderNethAntilles"
"[USDollar]","15","[]","1970","[P1Y]","[]","AmountOutstanding_Debt_OfficialCreditor_PubliclyGuaranteed_LongTermExternalDebt_LenderCountryMAR"
"[USDollar]","18","[]","1970","[P1Y]","[]","AmountOutstanding_Debt_PrivateCreditor_PubliclyGuaranteed_WorldBankOtherPrivate_LongTermExternalDebt_LenderCountryMEX"
"[USDollar]","23","[]","1970","[P1Y]","[]","AmountOutstanding_Debt_PubliclyGuaranteed_LongTermExternalDebt_LenderCountryNZL"
"[USDollar]","16","[]","1972","[P1Y]","[]","AmountOutstanding_Debt_PrivateCreditor_PubliclyGuaranteed_LongTermExternalDebt_LenderCountryNZL"
"[USDollar]","6","[]","1971","[P1Y]","[]","AmountOutstanding_Debt_LongTermExternalDebt_LenderCountryBOL"
"[USDollar]","7","[]","1998","[P1Y]","[]","AmountOutstanding_Debt_PrivateCreditor_PubliclyGuaranteed_WorldBankOtherPrivate_LongTermExternalDebt_LenderCountryKAZ"
"[USDollar]","48","[]","1970","[P1Y]","[]","AmountOutstanding_Debt_PrivateCreditor_PubliclyGuaranteed_WorldBankOtherPrivate_LongTermExternalDebt_LenderCountrySRB"
"[USDollar]","7","[]","1987","[P1Y]","[]","AmountOutstanding_Debt_PrivateCreditor_PubliclyGuaranteed_CommercialBank_LongTermExternalDebt_LenderCountryZWE"
"[USDollar]","134","[]","1970","[P1Y]","[]","AmountOutstanding_Debt_PubliclyGuaranteed_LongTermExternalDebt"
"[USDollar]","106","[]","1970","[P1Y]","[]","AmountOutstanding_Debt_PrivateCreditor_PubliclyGuaranteed_LongTermExternalDebt_LenderCountryDEU"
"[USDollar]","44","[]","1970","[P1Y]","[]","AmountOutstanding_Debt_PrivateCreditor_PubliclyGuaranteed_LongTermExternalDebt_LenderCountryLUX"
"[USDollar]","7","[]","2011","[P1Y]","[]","AmountOutstanding_Debt_OfficialCreditor_Concessional_PubliclyGuaranteed_Bilateral_LongTermExternalDebt_LenderCountrySEN"
"[USDollar]","59","[]","1970","[P1Y]","[]","AmountOutstanding_Debt_LongTermExternalDebt_LenderCountrySRB"
"[USDollar]","5","[]","2016","[P1Y]","[]","AmountOutstanding_Debt_PrivateCreditor_PubliclyGuaranteed_LongTermExternalDebt_LenderCountryHND"
"[USDollar]","5","[]","2014","[P1Y]","[]","AmountOutstanding_Debt_OfficialCreditor_Concessional_PubliclyGuaranteed_Multilateral_LongTermExternalDebt_LenderEuropeanSocialFund"
"[USDollar]","23","[]","1970","[P1Y]","[]","AmountOutstanding_Debt_LongTermExternalDebt_LenderCountryMEX"
"[USDollar]","11","[]","2013","[P1Y]","[]","AmountOutstanding_Debt_OfficialCreditor_Concessional_PubliclyGuaranteed_Bilateral_LongTermExternalDebt_LenderCountryQAT"
"[USDollar]","11","[]","1993","[P1Y]","[]","AmountOutstanding_Debt_LongTermExternalDebt_LenderCountryKAZ"
"[USDollar]","13","[]","1970","[P1Y]","[]","AmountOutstanding_Debt_PubliclyGuaranteed_LongTermExternalDebt_LenderCountrySEN"
"[USDollar]","8","[]","1983","[P1Y]","[]","AmountOutstanding_Debt_OfficialCreditor_PubliclyGuaranteed_LongTermExternalDebt_LenderCountrySLV"
"[USDollar]","12","[]","2007","[P1Y]","[]","AmountOutstanding_Debt_LongTermExternalDebt_LenderUNGeneralAssembly"
"[USDollar]","120","[]","1970","[P1Y]","[]","AmountOutstanding_Debt_LongTermExternalDebt_LenderWorldBankIDA"
"[USDollar]","5","[]","1971","[P1Y]","[]","AmountOutstanding_Debt_PrivateCreditor_PubliclyGuaranteed_WorldBankOtherPrivate_LongTermExternalDebt_LenderCountryBOL"
"[USDollar]","32","[]","1972","[P1Y]","[]","AmountOutstanding_Debt_LongTermExternalDebt_LenderArabFundforEconomicSocialDevelopment"
"[USDollar]","45","[]","1970","[P1Y]","[]","AmountOutstanding_Debt_PrivateCreditor_PubliclyGuaranteed_LongTermExternalDebt_LenderCountryFIN"
"[USDollar]","12","[]","2004","[P1Y]","[]","AmountOutstanding_Debt_PubliclyGuaranteed_LongTermExternalDebt_LenderCaribbeanCommunity"
"[USDollar]","18","[]","1991","[P1Y]","[]","AmountOutstanding_Debt_OfficialCreditor_PubliclyGuaranteed_LongTermExternalDebt_LenderEasternSouthernAfricanTradeDevBank"
"[USDollar]","8","[]","1983","[P1Y]","[]","AmountOutstanding_Debt_OfficialCreditor_PubliclyGuaranteed_LongTermExternalDebt_LenderFondoLatinoamericanodeReservas"
"[USDollar]","10","[]","1975","[P1Y]","[]","AmountOutstanding_Debt_OfficialCreditor_PubliclyGuaranteed_Bilateral_LongTermExternalDebt_LenderCountryTGO"
"[USDollar]","7","[]","1985","[P1Y]","[]","AmountOutstanding_Debt_OfficialCreditor_PubliclyGuaranteed_Multilateral_LongTermExternalDebt_LenderEconCommoftheGreatLakesCountries"
"[USDollar]","43","[]","1970","[P1Y]","[]","AmountOutstanding_Debt_PubliclyGuaranteed_LongTermExternalDebt_LenderAsianDevBank"
"[USDollar]","11","[]","2010","[P1Y]","[]","AmountOutstanding_Debt_LongTermExternalDebt_LenderEurasianDevelopmentBank"
"[USDollar]","14","[]","1979","[P1Y]","[]","AmountOutstanding_Debt_OfficialCreditor_PubliclyGuaranteed_Bilateral_LongTermExternalDebt_LenderCountryIRL"
"[USDollar]","64","[]","1970","[P1Y]","[]","AmountOutstanding_Debt_PrivateCreditor_PubliclyGuaranteed_CommercialBank_LongTermExternalDebt_LenderCountryITA"
"[USDollar]","134","[]","1970","[P1Y]","[]","AmountOutstanding_Debt_OfficialCreditor_Concessional_PubliclyGuaranteed_Bilateral_LongTermExternalDebt"
"[USDollar]","14","[]","1980","[P1Y]","[]","AmountOutstanding_Debt_PrivateCreditor_PubliclyGuaranteed_LongTermExternalDebt_LenderCountryQAT"
"[USDollar]","75","[]","1970","[P1Y]","[]","AmountOutstanding_Debt_OfficialCreditor_Concessional_PubliclyGuaranteed_Bilateral_LongTermExternalDebt_LenderCountryBEL"
"[USDollar]","37","[]","1970","[P1Y]","[]","AmountOutstanding_Debt_OfficialCreditor_PubliclyGuaranteed_Bilateral_LongTermExternalDebt_LenderCountryIRN"
"[USDollar]","11","[]","2011","[P1Y]","[]","AmountOutstanding_Debt_OfficialCreditor_PubliclyGuaranteed_Bilateral_LongTermExternalDebt_LenderCountryGNQ"
"[USDollar]","79","[]","1970","[P1Y]","[]","AmountOutstanding_Debt_OfficialCreditor_PubliclyGuaranteed_LongTermExternalDebt_LenderCountryDNK"
"[USDollar]","7","[]","2011","[P1Y]","[]","AmountOutstanding_Debt_OfficialCreditor_Concessional_PubliclyGuaranteed_Bilateral_LongTermExternalDebt_LenderCountryBEN"
"[USDollar]","44","[]","1970","[P1Y]","[]","AmountOutstanding_Debt_OfficialCreditor_PubliclyGuaranteed_Bilateral_LongTermExternalDebt_LenderCountryIRQ"
"[USDollar]","27","[]","1970","[P1Y]","[]","AmountOutstanding_Debt_PubliclyGuaranteed_LongTermExternalDebt_LenderCountryQAT"
"[USDollar]","29","[]","1970","[P1Y]","[]","AmountOutstanding_Debt_PrivateCreditor_PubliclyGuaranteed_CommercialBank_LongTermExternalDebt_LenderCountryKWT"
"[USDollar]","33","[]","1976","[P1Y]","[]","AmountOutstanding_Debt_PrivateCreditor_PubliclyGuaranteed_CommercialBank_LongTermExternalDebt_LenderCountryISR"
"[USDollar]","123","[]","1970","[P1Y]","[]","AmountOutstanding_Debt_OfficialCreditor_PubliclyGuaranteed_LongTermExternalDebt_LenderCountryFRA"
"[USDollar]","8","[]","2001","[P1Y]","[]","AmountOutstanding_Debt_PubliclyGuaranteed_LongTermExternalDebt_LenderCountryBDI"
"[USDollar]","18","[]","1971","[P1Y]","[]","AmountOutstanding_Debt_OfficialCreditor_PubliclyGuaranteed_Bilateral_LongTermExternalDebt_LenderCountryTHA"
"[USDollar]","6","[]","2003","[P1Y]","[]","AmountOutstanding_Debt_OfficialCreditor_PubliclyGuaranteed_LongTermExternalDebt_LenderCountryBHS"
"[USDollar]","17","[]","1977","[P1Y]","[]","AmountOutstanding_Debt_OfficialCreditor_PubliclyGuaranteed_Multilateral_LongTermExternalDebt_LenderWestAfricanDevelopmentBank"
"[USDollar]","11","[]","1970","[P1Y]","[]","AmountOutstanding_Debt_PrivateCreditor_PubliclyGuaranteed_LongTermExternalDebt_LenderCountrySEN"
"[USDollar]","5","[]","1990","[P1Y]","[]","AmountOutstanding_Debt_OfficialCreditor_PubliclyGuaranteed_Bilateral_LongTermExternalDebt_LenderCountryGMB"
"[USDollar]","5","[]","1986","[P1Y]","[]","AmountOutstanding_Debt_PrivateCreditor_PubliclyGuaranteed_WorldBankOtherPrivate_LongTermExternalDebt_LenderCountryMCO"
"[USDollar]","5","[]","1970","[P1Y]","[]","AmountOutstanding_Debt_OfficialCreditor_PubliclyGuaranteed_LongTermExternalDebt_LenderCountryBHR"
"[USDollar]","10","[]","1980","[P1Y]","[]","AmountOutstanding_Debt_PubliclyGuaranteed_LongTermExternalDebt_LenderCountryBFA"
"[USDollar]","7","[]","1997","[P1Y]","[]","AmountOutstanding_Debt_PubliclyGuaranteed_LongTermExternalDebt_LenderCountryUKR"
"[USDollar]","35","[]","1973","[P1Y]","[]","AmountOutstanding_Debt_PubliclyGuaranteed_LongTermExternalDebt_LenderCountrySGP"
"[USDollar]","75","[]","1970","[P1Y]","[]","AmountOutstanding_Debt_PrivateCreditor_PubliclyGuaranteed_CommercialBank_LongTermExternalDebt_LenderCountryCHE"
"[USDollar]","27","[]","1986","[P1Y]","[]","AmountOutstanding_Debt_OfficialCreditor_PubliclyGuaranteed_Bilateral_LongTermExternalDebt_LenderCountryMYS"
"[USDollar]","63","[]","1975","[P1Y]","[]","AmountOutstanding_Debt_OfficialCreditor_PubliclyGuaranteed_LongTermExternalDebt_LenderIslamicDevBank"
"[USDollar]","6","[]","2008","[P1Y]","[]","AmountOutstanding_Debt_OfficialCreditor_PubliclyGuaranteed_LongTermExternalDebt_LenderCountryBIH"
"[USDollar]","52","[]","1970","[P1Y]","[]","AmountOutstanding_Debt_OfficialCreditor_PubliclyGuaranteed_LongTermExternalDebt_LenderCountryHUN"
"[USDollar]","7","[]","1988","[P1Y]","[]","AmountOutstanding_Debt_LongTermExternalDebt_LenderCountryBRN"
"[USDollar]","21","[]","1970","[P1Y]","[]","AmountOutstanding_Debt_PrivateCreditor_PubliclyGuaranteed_CommercialBank_LongTermExternalDebt_LenderCountryPAN"
"[USDollar]","44","[]","1970","[P1Y]","[]","AmountOutstanding_Debt_LongTermExternalDebt_LenderCountryZAF"
"[USDollar]","98","[]","1970","[P1Y]","[]","AmountOutstanding_Debt_PrivateCreditor_PubliclyGuaranteed_WorldBankOtherPrivate_LongTermExternalDebt_LenderCountryUSA"
"[USDollar]","18","[]","1991","[P1Y]","[]","AmountOutstanding_Debt_OfficialCreditor_PubliclyGuaranteed_Multilateral_LongTermExternalDebt_LenderEasternSouthernAfricanTradeDevBank"
"[USDollar]","12","[]","1976","[P1Y]","[]","AmountOutstanding_Debt_LongTermExternalDebt_LenderCountryBRB"
"[USDollar]","44","[]","1995","[P1Y]","[]","AmountOutstanding_Debt_PrivateCreditor_PubliclyGuaranteed_CommercialBank_LongTermExternalDebt_LenderCountryCHN"
"[USDollar]","102","[]","1970","[P1Y]","[]","AmountOutstanding_Debt_PubliclyGuaranteed_LongTermExternalDebt_LenderCountryBEL"
"[USDollar]","57","[]","1970","[P1Y]","[]","AmountOutstanding_Debt_LongTermExternalDebt_LenderCountryBRA"
"[USDollar]","17","[]","1970","[P1Y]","[]","AmountOutstanding_Debt_PrivateCreditor_PubliclyGuaranteed_WorldBankOtherPrivate_LongTermExternalDebt_LenderCountryBMU"
"[USDollar]","7","[]","2011","[P1Y]","[]","AmountOutstanding_Debt_PubliclyGuaranteed_LongTermExternalDebt_LenderCountryBEN"
"[USDollar]","7","[]","1979","[P1Y]","[]","AmountOutstanding_Debt_PrivateCreditor_PubliclyGuaranteed_CommercialBank_LongTermExternalDebt_LenderCountryCHL"
"[USDollar]","6","[]","1978","[P1Y]","[]","AmountOutstanding_Debt_OfficialCreditor_PubliclyGuaranteed_Bilateral_LongTermExternalDebt_LenderCountryECU"
"[USDollar]","5","[]","1978","[P1Y]","[]","AmountOutstanding_Debt_OfficialCreditor_PubliclyGuaranteed_Multilateral_LongTermExternalDebt_LenderEuropeanCoalandSteelCommunity"
"[USDollar]","67","[]","1970","[P1Y]","[]","AmountOutstanding_Debt_LongTermExternalDebt_LenderCountrySUN"
"[USDollar]","16","[]","1970","[P1Y]","[]","AmountOutstanding_Debt_LongTermExternalDebt_LenderCorporacionAndinadeFomento"
"[USDollar]","34","[]","1970","[P1Y]","[]","AmountOutstanding_Debt_OfficialCreditor_PubliclyGuaranteed_Bilateral_LongTermExternalDebt_LenderCountryVEN"
"[USDollar]","11","[]","2010","[P1Y]","[]","AmountOutstanding_Debt_OfficialCreditor_PubliclyGuaranteed_LongTermExternalDebt_LenderEurasianDevelopmentBank"
"[USDollar]","5","[]","1991","[P1Y]","[]","AmountOutstanding_Debt_PrivateCreditor_PubliclyGuaranteed_WorldBankOtherPrivate_LongTermExternalDebt_LenderCountryURY"
"[USDollar]","11","[]","1970","[P1Y]","[]","AmountOutstanding_Debt_OfficialCreditor_PubliclyGuaranteed_Bilateral_LongTermExternalDebt_LenderCountryGHA"
"[USDollar]","13","[]","1977","[P1Y]","[]","AmountOutstanding_Debt_PrivateCreditor_PubliclyGuaranteed_WorldBankOtherPrivate_LongTermExternalDebt_LenderCountryMAR"
"[USDollar]","22","[]","1970","[P1Y]","[]","AmountOutstanding_Debt_OfficialCreditor_PubliclyGuaranteed_LongTermExternalDebt_LenderCountryMEX"
"[USDollar]","48","[]","1970","[P1Y]","[]","AmountOutstanding_Debt_OfficialCreditor_PubliclyGuaranteed_LongTermExternalDebt_LenderCountrySRB"
"[USDollar]","11","[]","1993","[P1Y]","[]","AmountOutstanding_Debt_OfficialCreditor_PubliclyGuaranteed_LongTermExternalDebt_LenderCountryKAZ"
"[USDollar]","16","[]","1977","[P1Y]","[]","AmountOutstanding_Debt_PrivateCreditor_PubliclyGuaranteed_LongTermExternalDebt_LenderCountryHRV"
"[USDollar]","43","[]","1970","[P1Y]","[]","AmountOutstanding_Debt_OfficialCreditor_PubliclyGuaranteed_Multilateral_LongTermExternalDebt_LenderAsianDevBank"
"[USDollar]","19","[]","1977","[P1Y]","[]","AmountOutstanding_Debt_PubliclyGuaranteed_LongTermExternalDebt_LenderCountryHRV"
"[USDollar]","14","[]","1991","[P1Y]","[]","AmountOutstanding_Debt_PrivateCreditor_PubliclyGuaranteed_CommercialBank_LongTermExternalDebt_LenderCountryMYS"
"[USDollar]","8","[]","2001","[P1Y]","[]","AmountOutstanding_Debt_LongTermExternalDebt_LenderCountrySVN"
"[USDollar]","7","[]","1981","[P1Y]","[]","AmountOutstanding_Debt_PrivateCreditor_PubliclyGuaranteed_WorldBankOtherPrivate_LongTermExternalDebt_LenderCountryMAC"
"[USDollar]","25","[]","1995","[P1Y]","[]","AmountOutstanding_Debt_LongTermExternalDebt_LenderCountrySVK"
"[USDollar]","112","[]","1976","[P1Y]","[]","AmountOutstanding_Debt_OfficialCreditor_PubliclyGuaranteed_Multilateral_LongTermExternalDebt_LenderOPECFundforInternationalDev"
"[USDollar]","10","[]","1976","[P1Y]","[]","AmountOutstanding_Debt_OfficialCreditor_PubliclyGuaranteed_LongTermExternalDebt_LenderLatinAmericanAgribusinessDevCorp"
"[USDollar]","10","[]","1985","[P1Y]","[]","AmountOutstanding_Debt_PrivateCreditor_PubliclyGuaranteed_CommercialBank_LongTermExternalDebt_LenderCountryTHA"
"[USDollar]","105","[]","1970","[P1Y]","[]","AmountOutstanding_Debt_OfficialCreditor_PubliclyGuaranteed_Multilateral_LongTermExternalDebt_LenderWorldBankIBRD"
"[USDollar]","5","[]","2009","[P1Y]","[]","AmountOutstanding_Debt_PrivateCreditor_PubliclyGuaranteed_LongTermExternalDebt_LenderCountryUKR"
"[USDollar]","33","[]","1973","[P1Y]","[]","AmountOutstanding_Debt_PrivateCreditor_PubliclyGuaranteed_LongTermExternalDebt_LenderCountrySGP"
"[USDollar]","10","[]","1980","[P1Y]","[]","AmountOutstanding_Debt_PrivateCreditor_PubliclyGuaranteed_LongTermExternalDebt_LenderCountryBFA"
"[USDollar]","6","[]","1975","[P1Y]","[]","AmountOutstanding_Debt_OfficialCreditor_PubliclyGuaranteed_LongTermExternalDebt_LenderUNChildrenFund"
"[USDollar]","10","[]","1971","[P1Y]","[]","AmountOutstanding_Debt_OfficialCreditor_PubliclyGuaranteed_LongTermExternalDebt_LenderEastAfricanCommunity"
"[USDollar]","5","[]","1993","[P1Y]","[]","AmountOutstanding_Debt_OfficialCreditor_PubliclyGuaranteed_LongTermExternalDebt_LenderCountryMDA"
"[USDollar]","5","[]","1990","[P1Y]","[]","AmountOutstanding_Debt_PubliclyGuaranteed_LongTermExternalDebt_LenderCountryHTI"
"[USDollar]","5","[]","1970","[P1Y]","[]","AmountOutstanding_Debt_PrivateCreditor_PubliclyGuaranteed_WorldBankOtherPrivate_LongTermExternalDebt_LenderCountrySLV"
"[USDollar]","98","[]","1970","[P1Y]","[]","AmountOutstanding_Debt_OfficialCreditor_Concessional_PubliclyGuaranteed_Bilateral_LongTermExternalDebt_LenderCountryJPN"
"[USDollar]","7","[]","2000","[P1Y]","[]","AmountOutstanding_Debt_PubliclyGuaranteed_LongTermExternalDebt_LenderCountryBGD"
"[USDollar]","64","[]","1970","[P1Y]","[]","AmountOutstanding_Debt_OfficialCreditor_Concessional_PubliclyGuaranteed_Bilateral_LongTermExternalDebt_LenderCountrySAU"
"[USDollar]","5","[]","1996","[P1Y]","[]","AmountOutstanding_Debt_OfficialCreditor_PubliclyGuaranteed_LongTermExternalDebt_LenderCountryBOL"
"[USDollar]","18","[]","1998","[P1Y]","[]","AmountOutstanding_Debt_PrivateCreditor_PubliclyGuaranteed_CommercialBank_LongTermExternalDebt_LenderCountryIRL"
"[USDollar]","8","[]","1977","[P1Y]","[]","AmountOutstanding_Debt_OfficialCreditor_PubliclyGuaranteed_LongTermExternalDebt_LenderUNRegularProgrammeofTechnicalCoop"
"[USDollar]","10","[]","1993","[P1Y]","[]","AmountOutstanding_Debt_LongTermExternalDebt_LenderCountryUZB"
"[USDollar]","71","[]","1975","[P1Y]","[]","AmountOutstanding_Debt_OfficialCreditor_PubliclyGuaranteed_Bilateral_LongTermExternalDebt_LenderCountryKOR"
"[USDollar]","9","[]","1970","[P1Y]","[]","AmountOutstanding_Debt_OfficialCreditor_PubliclyGuaranteed_Bilateral_LongTermExternalDebt_LenderCountryZMB"
"[USDollar]","17","[]","1979","[P1Y]","[]","AmountOutstanding_Debt_LongTermExternalDebt_LenderCountryOMN"
"[USDollar]","13","[]","1972","[P1Y]","[]","AmountOutstanding_Debt_PubliclyGuaranteed_LongTermExternalDebt_LenderEntenteCouncil"
"[USDollar]","16","[]","1971","[P1Y]","[]","AmountOutstanding_Debt_OfficialCreditor_PubliclyGuaranteed_Multilateral_LongTermExternalDebt_LenderCaribbeanDevBank"
"[USDollar]","12","[]","1975","[P1Y]","[]","AmountOutstanding_Debt_LongTermExternalDebt_LenderCountryKEN"
"[USDollar]","78","[]","1970","[P1Y]","[]","AmountOutstanding_Debt_PrivateCreditor_PubliclyGuaranteed_LongTermExternalDebt_LenderCountryBEL"
"[USDollar]","44","[]","1970","[P1Y]","[]","AmountOutstanding_Debt_PubliclyGuaranteed_LongTermExternalDebt_LenderCountryBGR"
"[USDollar]","37","[]","1970","[P1Y]","[]","AmountOutstanding_Debt_LongTermExternalDebt_LenderCountryDZA"
"[USDollar]","7","[]","2011","[P1Y]","[]","AmountOutstanding_Debt_OfficialCreditor_PubliclyGuaranteed_Bilateral_LongTermExternalDebt_LenderCountryTCD"
"[USDollar]","17","[]","1978","[P1Y]","[]","AmountOutstanding_Debt_PubliclyGuaranteed_LongTermExternalDebt_LenderDevBankoftheCentralAfricanStates"
"[USDollar]","84","[]","1970","[P1Y]","[]","AmountOutstanding_Debt_OfficialCreditor_PubliclyGuaranteed_Bilateral_LongTermExternalDebt_LenderCountryIND"
"[USDollar]","83","[]","1970","[P1Y]","[]","AmountOutstanding_Debt_LongTermExternalDebt_LenderCountrySWE"
"[USDollar]","6","[]","1992","[P1Y]","[]","AmountOutstanding_Debt_LongTermExternalDebt_LenderCountryMKD"
"[USDollar]","20","[]","1993","[P1Y]","[]","AmountOutstanding_Debt_OfficialCreditor_Concessional_PubliclyGuaranteed_Multilateral_LongTermExternalDebt_LenderNordicInvestmentBank"
"[USDollar]","6","[]","1983","[P1Y]","[]","AmountOutstanding_Debt_PrivateCreditor_PubliclyGuaranteed_CommercialBank_LongTermExternalDebt_LenderCountryEGY"
"[USDollar]","26","[]","1970","[P1Y]","[]","AmountOutstanding_Debt_OfficialCreditor_Concessional_PubliclyGuaranteed_Multilateral_LongTermExternalDebt_LenderInterAmericanDevBank"
"[USDollar]","47","[]","1970","[P1Y]","[]","AmountOutstanding_Debt_PrivateCreditor_PubliclyGuaranteed_WorldBankOtherPrivate_LongTermExternalDebt_LenderCountryDNK"
"[USDollar]","27","[]","1972","[P1Y]","[]","AmountOutstanding_Debt_OfficialCreditor_Concessional_PubliclyGuaranteed_Bilateral_LongTermExternalDebt_LenderCountryFIN"
"[USDollar]","34","[]","1976","[P1Y]","[]","AmountOutstanding_Debt_PrivateCreditor_PubliclyGuaranteed_LongTermExternalDebt_LenderCountryBHR"
"[USDollar]","58","[]","1977","[P1Y]","[]","AmountOutstanding_Debt_OfficialCreditor_PubliclyGuaranteed_Multilateral_LongTermExternalDebt_LenderEuropeanEconomicCommunity"
"[USDollar]","11","[]","1986","[P1Y]","[]","AmountOutstanding_Debt_OfficialCreditor_Concessional_PubliclyGuaranteed_Bilateral_LongTermExternalDebt_LenderCountryLUX"
"[USDollar]","36","[]","1970","[P1Y]","[]","AmountOutstanding_Debt_PrivateCreditor_PubliclyGuaranteed_LongTermExternalDebt_LenderCountryBHS"
"[USDollar]","34","[]","1970","[P1Y]","[]","AmountOutstanding_Debt_PubliclyGuaranteed_LongTermExternalDebt_LenderCountryBHR"
"[USDollar]","108","[]","1970","[P1Y]","[]","AmountOutstanding_Debt_OfficialCreditor_Concessional_PubliclyGuaranteed_Bilateral_LongTermExternalDebt_LenderCountryDEU"
"[USDollar]","37","[]","1970","[P1Y]","[]","AmountOutstanding_Debt_PubliclyGuaranteed_LongTermExternalDebt_LenderCountryBHS"
"[USDollar]","13","[]","1972","[P1Y]","[]","AmountOutstanding_Debt_LongTermExternalDebt_LenderEntenteCouncil"
"[USDollar]","13","[]","1975","[P1Y]","[]","AmountOutstanding_Debt_LongTermExternalDebt_LenderCountryMLI"
"[USDollar]","6","[]","1974","[P1Y]","[]","AmountOutstanding_Debt_OfficialCreditor_PubliclyGuaranteed_LongTermExternalDebt_LenderUNHighCommissionerforRefugees"
"[USDollar]","6","[]","2003","[P1Y]","[]","AmountOutstanding_Debt_OfficialCreditor_PubliclyGuaranteed_LongTermExternalDebt_LenderCountryBLZ"
"[USDollar]","77","[]","1970","[P1Y]","[]","AmountOutstanding_Debt_OfficialCreditor_PubliclyGuaranteed_LongTermExternalDebt_LenderEuropeanDevelopmentFund"
"[USDollar]","62","[]","1989","[P1Y]","[]","AmountOutstanding_Debt_PrivateCreditor_PrivateNonGuaranteed_Bond_LongTermExternalDebt_LenderBondholders"
"[USDollar]","51","[]","1970","[P1Y]","[]","AmountOutstanding_Debt_PubliclyGuaranteed_LongTermExternalDebt_LenderArabBankforEconomicDevinAfrica"
"[USDollar]","127","[]","1970","[P1Y]","[]","AmountOutstanding_Debt_PubliclyGuaranteed_LongTermExternalDebt_LenderCountryFRA"
"[USDollar]","105","[]","1970","[P1Y]","[]","AmountOutstanding_Debt_PrivateCreditor_PubliclyGuaranteed_WorldBankOtherPrivate_LongTermExternalDebt_LenderCountryFRA"
"[USDollar]","5","[]","1990","[P1Y]","[]","AmountOutstanding_Debt_PrivateCreditor_PubliclyGuaranteed_LongTermExternalDebt_LenderCountryHTI"
"[USDollar]","16","[]","1994","[P1Y]","[]","AmountOutstanding_Debt_OfficialCreditor_PubliclyGuaranteed_LongTermExternalDebt_LenderCountryBLR"
"[USDollar]","10","[]","2017","[P1Y]","[]","AmountOutstanding_Debt_PubliclyGuaranteed_LongTermExternalDebt_LenderNewDevelopmentBank"
"[USDollar]","30","[]","1970","[P1Y]","[]","AmountOutstanding_Debt_PubliclyGuaranteed_LongTermExternalDebt_LenderInterAmericanDevBank"
"[USDollar]","8","[]","2005","[P1Y]","[]","AmountOutstanding_Debt_PubliclyGuaranteed_LongTermExternalDebt_LenderCountryBIH"
"[USDollar]","54","[]","1970","[P1Y]","[]","AmountOutstanding_Debt_PubliclyGuaranteed_LongTermExternalDebt_LenderCountryHUN"
"[USDollar]","5","[]","2005","[P1Y]","[]","AmountOutstanding_Debt_PrivateCreditor_PubliclyGuaranteed_WorldBankOtherPrivate_LongTermExternalDebt_LenderCountryBIH"
"[USDollar]","33","[]","1970","[P1Y]","[]","AmountOutstanding_Debt_PrivateCreditor_PubliclyGuaranteed_WorldBankOtherPrivate_LongTermExternalDebt_LenderCountryHUN"
"[USDollar]","7","[]","1998","[P1Y]","[]","AmountOutstanding_Debt_LongTermExternalDebt_LenderCountryKGZ"
"[USDollar]","7","[]","2000","[P1Y]","[]","AmountOutstanding_Debt_PrivateCreditor_PubliclyGuaranteed_LongTermExternalDebt_LenderCountryBGD"
"[USDollar]","10","[]","2002","[P1Y]","[]","AmountOutstanding_Debt_OfficialCreditor_PubliclyGuaranteed_Bilateral_LongTermExternalDebt_LenderCountryMUS"
"[USDollar]","106","[]","1970","[P1Y]","[]","AmountOutstanding_Debt_OfficialCreditor_IBRD_PubliclyGuaranteed_Multilateral_LongTermExternalDebt"
"[USDollar]","113","[]","1970","[P1Y]","[]","AmountOutstanding_Debt_OfficialCreditor_PubliclyGuaranteed_LongTermExternalDebt_LenderCountryUSA"
"[USDollar]","8","[]","1983","[P1Y]","[]","AmountOutstanding_Debt_LongTermExternalDebt_LenderFondoLatinoamericanodeReservas"
"[USDollar]","23","[]","1970","[P1Y]","[]","AmountOutstanding_Debt_PrivateCreditor_PubliclyGuaranteed_LongTermExternalDebt_LenderCountryBGR"
"[USDollar]","5","[]","2001","[P1Y]","[]","AmountOutstanding_Debt_LongTermExternalDebt_LenderCountrySWZ"
"[USDollar]","93","[]","1970","[P1Y]","[]","AmountOutstanding_Debt_OfficialCreditor_PubliclyGuaranteed_Bilateral_LongTermExternalDebt_LenderCountryCAN"
"[USDollar]","10","[]","1977","[P1Y]","[]","AmountOutstanding_Debt_OfficialCreditor_PubliclyGuaranteed_LongTermExternalDebt_LenderCountryURY"
"[USDollar]","14","[]","1971","[P1Y]","[]","AmountOutstanding_Debt_PrivateCreditor_PubliclyGuaranteed_WorldBankOtherPrivate_LongTermExternalDebt_LenderCountryBHS"
"[USDollar]","51","[]","1970","[P1Y]","[]","AmountOutstanding_Debt_PrivateCreditor_PubliclyGuaranteed_CommercialBank_LongTermExternalDebt_LenderCountryCAN"
"[USDollar]","106","[]","1970","[P1Y]","[]","AmountOutstanding_Debt_OfficialCreditor_IBRD_PubliclyGuaranteed_Multilateral_LongTermExternalDebt_LenderWorldBankIBRD"
"[USDollar]","10","[]","1974","[P1Y]","[]","AmountOutstanding_Debt_LongTermExternalDebt_LenderCountryGAB"
"[USDollar]","12","[]","1979","[P1Y]","[]","AmountOutstanding_Debt_OfficialCreditor_PubliclyGuaranteed_LongTermExternalDebt_LenderCountryOMN"
"[USDollar]","5","[]","1990","[P1Y]","[]","AmountOutstanding_Debt_PubliclyGuaranteed_LongTermExternalDebt_LenderInternationalInvestmentBank"
"[USDollar]","7","[]","2003","[P1Y]","[]","AmountOutstanding_Debt_OfficialCreditor_PubliclyGuaranteed_Bilateral_LongTermExternalDebt_LenderCountryNAM"
"[USDollar]","5","[]","2006","[P1Y]","[]","AmountOutstanding_Debt_LongTermExternalDebt_LenderCountrySYR"
"[USDollar]","7","[]","1981","[P1Y]","[]","AmountOutstanding_Debt_OfficialCreditor_PubliclyGuaranteed_LongTermExternalDebt_LenderCountryKEN"
"[USDollar]","103","[]","1970","[P1Y]","[]","AmountOutstanding_Debt_PrivateCreditor_PubliclyGuaranteed_Bond_LongTermExternalDebt"
"[USDollar]","10","[]","1970","[P1Y]","[]","AmountOutstanding_Debt_OfficialCreditor_PubliclyGuaranteed_Bilateral_LongTermExternalDebt_LenderCountryPER"
"[USDollar]","10","[]","1970","[P1Y]","[]","AmountOutstanding_Debt_PubliclyGuaranteed_LongTermExternalDebt_LenderCountrySLV"
"[USDollar]","10","[]","1984","[P1Y]","[]","AmountOutstanding_Debt_OfficialCreditor_PubliclyGuaranteed_Bilateral_LongTermExternalDebt_LenderCountryGTM"
"[USDollar]","51","[]","1970","[P1Y]","[]","AmountOutstanding_Debt_OfficialCreditor_PubliclyGuaranteed_LongTermExternalDebt_LenderArabBankforEconomicDevinAfrica"
"[USDollar]","64","[]","1970","[P1Y]","[]","AmountOutstanding_Debt_OfficialCreditor_PubliclyGuaranteed_LongTermExternalDebt_LenderCountrySUN"
"[USDollar]","10","[]","1993","[P1Y]","[]","AmountOutstanding_Debt_OfficialCreditor_PubliclyGuaranteed_LongTermExternalDebt_LenderCountryUZB"
"[USDollar]","120","[]","1970","[P1Y]","[]","AmountOutstanding_Debt_OfficialCreditor_PubliclyGuaranteed_LongTermExternalDebt_LenderWorldBankIDA"
"[USDollar]","86","[]","1970","[P1Y]","[]","AmountOutstanding_Debt_PubliclyGuaranteed_LongTermExternalDebt_LenderCountryDNK"
"[USDollar]","15","[]","1970","[P1Y]","[]","AmountOutstanding_Debt_LongTermExternalDebt_LenderCountryIDN"
"[USDollar]","16","[]","2000","[P1Y]","[]","AmountOutstanding_Debt_PrivateCreditor_PubliclyGuaranteed_CommercialBank_LongTermExternalDebt_LenderCountryMUS"
"[USDollar]","59","[]","1970","[P1Y]","[]","AmountOutstanding_Debt_OfficialCreditor_PubliclyGuaranteed_Multilateral_LongTermExternalDebt_LenderAfricanDevBank"
"[USDollar]","23","[]","1982","[P1Y]","[]","AmountOutstanding_Debt_PrivateCreditor_PubliclyGuaranteed_WorldBankOtherPrivate_LongTermExternalDebt_LenderCountryBHR"
"[USDollar]","14","[]","1982","[P1Y]","[]","AmountOutstanding_Debt_LongTermExternalDebt_LenderCountryMLT"
"[USDollar]","20","[]","1970","[P1Y]","[]","AmountOutstanding_Debt_PrivateCreditor_PubliclyGuaranteed_WorldBankOtherPrivate_LongTermExternalDebt_LenderCountryBGR"
"[USDollar]","7","[]","1981","[P1Y]","[]","AmountOutstanding_Debt_PubliclyGuaranteed_LongTermExternalDebt_LenderCountryMAC"
"[USDollar]","7","[]","2014","[P1Y]","[]","AmountOutstanding_Debt_OfficialCreditor_Concessional_PubliclyGuaranteed_Multilateral_LongTermExternalDebt_LenderIslamicSolidarityFundforDev"
"[USDollar]","8","[]","1978","[P1Y]","[]","AmountOutstanding_Debt_OfficialCreditor_Concessional_PubliclyGuaranteed_Bilateral_LongTermExternalDebt_LenderCountryMAR"
"[USDollar]","8","[]","1977","[P1Y]","[]","AmountOutstanding_Debt_LongTermExternalDebt_LenderUNRegularProgrammeofTechnicalCoop"
"[USDollar]","21","[]","1970","[P1Y]","[]","AmountOutstanding_Debt_PubliclyGuaranteed_LongTermExternalDebt_LenderCountryMAR"
"[USDollar]","5","[]","2014","[P1Y]","[]","AmountOutstanding_Debt_LongTermExternalDebt_LenderCountryMNE"
"[USDollar]","7","[]","2000","[P1Y]","[]","AmountOutstanding_Debt_PrivateCreditor_PubliclyGuaranteed_WorldBankOtherPrivate_LongTermExternalDebt_LenderCountryBGD"
"[USDollar]","11","[]","1982","[P1Y]","[]","AmountOutstanding_Debt_PrivateCreditor_PubliclyGuaranteed_CommercialBank_LongTermExternalDebt_LenderCountryIND"
"[USDollar]","17","[]","1978","[P1Y]","[]","AmountOutstanding_Debt_OfficialCreditor_PubliclyGuaranteed_Bilateral_LongTermExternalDebt_LenderCountryAGO"
"[USDollar]","17","[]","1970","[P1Y]","[]","AmountOutstanding_Debt_LongTermExternalDebt_LenderCentralAmericanBankforEconIntegration"
"[USDollar]","6","[]","2003","[P1Y]","[]","AmountOutstanding_Debt_PubliclyGuaranteed_LongTermExternalDebt_LenderCountryBLZ"
"[USDollar]","42","[]","1970","[P1Y]","[]","AmountOutstanding_Debt_OfficialCreditor_PubliclyGuaranteed_LongTermExternalDebt_LenderCountryBRA"
"[USDollar]","7","[]","2004","[P1Y]","[]","AmountOutstanding_Debt_OfficialCreditor_Concessional_PubliclyGuaranteed_Bilateral_LongTermExternalDebt_LenderCountryURY"
"[USDollar]","11","[]","1976","[P1Y]","[]","AmountOutstanding_Debt_OfficialCreditor_PubliclyGuaranteed_LongTermExternalDebt_LenderCountryBRB"
"[USDollar]","24","[]","1980","[P1Y]","[]","AmountOutstanding_Debt_PrivateCreditor_PubliclyGuaranteed_CommercialBank_LongTermExternalDebt_LenderCountryKOR"
"[USDollar]","8","[]","1993","[P1Y]","[]","AmountOutstanding_Debt_PrivateCreditor_PubliclyGuaranteed_CommercialBank_LongTermExternalDebt_LenderCountryZMB"
"[USDollar]","14","[]","1970","[P1Y]","[]","AmountOutstanding_Debt_PubliclyGuaranteed_LongTermExternalDebt_LenderNethAntilles"
"[USDollar]","77","[]","1970","[P1Y]","[]","AmountOutstanding_Debt_OfficialCreditor_Concessional_PubliclyGuaranteed_Bilateral_LongTermExternalDebt_LenderCountryUSA"
"[USDollar]","9","[]","1986","[P1Y]","[]","AmountOutstanding_Debt_PrivateCreditor_PubliclyGuaranteed_CommercialBank_LongTermExternalDebt_LenderCountryECU"
"[USDollar]","10","[]","1977","[P1Y]","[]","AmountOutstanding_Debt_PubliclyGuaranteed_LongTermExternalDebt_LenderCountryURY"
"[USDollar]","7","[]","2018","[P1Y]","[]","AmountOutstanding_Debt_PrivateCreditor_PubliclyGuaranteed_WorldBankOtherPrivate_LongTermExternalDebt_LenderCountryBFA"
"[USDollar]","7","[]","1988","[P1Y]","[]","AmountOutstanding_Debt_OfficialCreditor_PubliclyGuaranteed_LongTermExternalDebt_LenderCountryBRN"
"[USDollar]","35","[]","1970","[P1Y]","[]","AmountOutstanding_Debt_OfficialCreditor_PubliclyGuaranteed_LongTermExternalDebt_LenderCountryZAF"
"[USDollar]","11","[]","1986","[P1Y]","[]","AmountOutstanding_Debt_OfficialCreditor_Concessional_PubliclyGuaranteed_Multilateral_LongTermExternalDebt_LenderCentralBankofWestAfricanStates"
"[USDollar]","16","[]","1994","[P1Y]","[]","AmountOutstanding_Debt_PubliclyGuaranteed_LongTermExternalDebt_LenderCountryBLR"
"[USDollar]","120","[]","1970","[P1Y]","[]","AmountOutstanding_Debt_LongTermExternalDebt_LenderCountryGBR"
"[USDollar]","16","[]","1977","[P1Y]","[]","AmountOutstanding_Debt_PrivateCreditor_PubliclyGuaranteed_WorldBankOtherPrivate_LongTermExternalDebt_LenderCountryHRV"
"[USDollar]","120","[]","1970","[P1Y]","[]","AmountOutstanding_Debt_OfficialCreditor_IDA_PubliclyGuaranteed_Multilateral_LongTermExternalDebt"
"[USDollar]","5","[]","1986","[P1Y]","[]","AmountOutstanding_Debt_PubliclyGuaranteed_LongTermExternalDebt_LenderCountryMCO"
"[USDollar]","20","[]","2002","[P1Y]","[]","AmountOutstanding_Debt_LongTermExternalDebt_LenderEuropeanUnion"
"[USDollar]","22","[]","1974","[P1Y]","[]","AmountOutstanding_Debt_PrivateCreditor_PubliclyGuaranteed_WorldBankOtherPrivate_LongTermExternalDebt_LenderCountrySGP"
"[USDollar]","11","[]","2009","[P1Y]","[]","AmountOutstanding_Debt_OfficialCreditor_PubliclyGuaranteed_Multilateral_LongTermExternalDebt_LenderECOTradeandDevBank"
"[USDollar]","114","[]","1970","[P1Y]","[]","AmountOutstanding_Debt_LongTermExternalDebt_LenderMultipleLenders"
"[USDollar]","51","[]","1983","[P1Y]","[]","AmountOutstanding_Debt_OfficialCreditor_PubliclyGuaranteed_LongTermExternalDebt_LenderNordicDevelopmentFund"
"[USDollar]","7","[]","1974","[P1Y]","[]","AmountOutstanding_Debt_OfficialCreditor_PubliclyGuaranteed_Bilateral_LongTermExternalDebt_LenderCountryGUY"
"[USDollar]","12","[]","1995","[P1Y]","[]","AmountOutstanding_Debt_OfficialCreditor_PubliclyGuaranteed_Bilateral_LongTermExternalDebt_LenderCountryCMR"
"[USDollar]","8","[]","1971","[P1Y]","[]","AmountOutstanding_Debt_PubliclyGuaranteed_LongTermExternalDebt_LenderWorldBankMIGA"
"[USDollar]","125","[]","1970","[P1Y]","[]","AmountOutstanding_Debt_PubliclyGuaranteed_LongTermExternalDebt_LenderCountryUSA"
"[USDollar]","15","[]","1980","[P1Y]","[]","AmountOutstanding_Debt_PrivateCreditor_PubliclyGuaranteed_CommercialBank_LongTermExternalDebt_LenderCountryVEN"
"[USDollar]","5","[]","2011","[P1Y]","[]","AmountOutstanding_Debt_PrivateCreditor_PubliclyGuaranteed_LongTermExternalDebt_LenderCountryAZE"
"[USDollar]","18","[]","1970","[P1Y]","[]","AmountOutstanding_Debt_PubliclyGuaranteed_LongTermExternalDebt_LenderCountryBMU"
"[USDollar]","67","[]","1970","[P1Y]","[]","AmountOutstanding_Debt_PrivateCreditor_PubliclyGuaranteed_WorldBankOtherPrivate_LongTermExternalDebt_LenderCountryBEL"
"[USDollar]","97","[]","1970","[P1Y]","[]","AmountOutstanding_Debt_OfficialCreditor_PubliclyGuaranteed_Bilateral_LongTermExternalDebt_LenderCountryITA"
"[USDollar]","23","[]","1970","[P1Y]","[]","AmountOutstanding_Debt_OfficialCreditor_PubliclyGuaranteed_Bilateral_LongTermExternalDebt_LenderCountryPAK"
"[USDollar]","10","[]","1970","[P1Y]","[]","AmountOutstanding_Debt_LongTermExternalDebt_LenderEuropeanSocialFund"
"[USDollar]","7","[]","1982","[P1Y]","[]","AmountOutstanding_Debt_OfficialCreditor_PubliclyGuaranteed_Bilateral_LongTermExternalDebt_LenderCountryPAN"
"[USDollar]","10","[]","1974","[P1Y]","[]","AmountOutstanding_Debt_OfficialCreditor_PubliclyGuaranteed_LongTermExternalDebt_LenderCountryGAB"
"[USDollar]","72","[]","1970","[P1Y]","[]","AmountOutstanding_Debt_OfficialCreditor_PubliclyGuaranteed_Bilateral_LongTermExternalDebt_LenderCountryCHE"
"[USDollar]","5","[]","2023","[P1Y]","[]","AmountOutstanding_Debt_PrivateCreditor_PubliclyGuaranteed_LongTermExternalDebt_LenderArabMonetaryFund"
"[USDollar]","5","[]","1970","[P1Y]","[]","AmountOutstanding_Debt_OfficialCreditor_PubliclyGuaranteed_Bilateral_LongTermExternalDebt_LenderCountryCHL"
"[USDollar]","17","[]","1970","[P1Y]","[]","AmountOutstanding_Debt_OfficialCreditor_Concessional_PubliclyGuaranteed_Bilateral_LongTermExternalDebt_LenderCountryBGR"
"[USDollar]","5","[]","1988","[P1Y]","[]","AmountOutstanding_Debt_PrivateCreditor_PubliclyGuaranteed_WorldBankOtherPrivate_LongTermExternalDebt_LenderCountryQAT"
"[USDollar]","123","[]","1970","[P1Y]","[]","AmountOutstanding_Debt_OfficialCreditor_PubliclyGuaranteed_Bilateral_LongTermExternalDebt_LenderCountryCHN"
"[USDollar]","5","[]","1993","[P1Y]","[]","AmountOutstanding_Debt_PubliclyGuaranteed_LongTermExternalDebt_LenderCountryMDA"
"[USDollar]","45","[]","1989","[P1Y]","[]","AmountOutstanding_Debt_OfficialCreditor_Concessional_PubliclyGuaranteed_Multilateral_LongTermExternalDebt_LenderNordicDevelopmentFund"
"[USDollar]","32","[]","1972","[P1Y]","[]","AmountOutstanding_Debt_PubliclyGuaranteed_LongTermExternalDebt_LenderArabFundforEconomicSocialDevelopment"
"[USDollar]","11","[]","1976","[P1Y]","[]","AmountOutstanding_Debt_OfficialCreditor_Concessional_PubliclyGuaranteed_Multilateral_LongTermExternalDebt_LenderEntenteCouncil"
"[USDollar]","14","[]","1970","[P1Y]","[]","AmountOutstanding_Debt_OfficialCreditor_PubliclyGuaranteed_LongTermExternalDebt_LenderCountryIDN"
"[USDollar]","10","[]","1976","[P1Y]","[]","AmountOutstanding_Debt_PubliclyGuaranteed_LongTermExternalDebt_LenderLatinAmericanAgribusinessDevCorp"
"[USDollar]","109","[]","1970","[P1Y]","[]","AmountOutstanding_Debt_PrivateNonGuaranteed_LongTermExternalDebt_LenderOtherMultipleLenders"
"[USDollar]","5","[]","2020","[P1Y]","[]","AmountOutstanding_Debt_OfficialCreditor_PubliclyGuaranteed_Multilateral_LongTermExternalDebt_LenderUNPopulationFund"
"[USDollar]","5","[]","2023","[P1Y]","[]","AmountOutstanding_Debt_PrivateCreditor_PubliclyGuaranteed_CommercialBank_LongTermExternalDebt_LenderArabMonetaryFund"
"[USDollar]","7","[]","2011","[P1Y]","[]","AmountOutstanding_Debt_OfficialCreditor_PubliclyGuaranteed_LongTermExternalDebt_LenderCountryMLI"
"[USDollar]","6","[]","2010","[P1Y]","[]","AmountOutstanding_Debt_PubliclyGuaranteed_LongTermExternalDebt_LenderBolivarianAlliancefortheAmericas"
"[USDollar]","6","[]","2002","[P1Y]","[]","AmountOutstanding_Debt_LongTermExternalDebt_LenderCountryVCT"
"[USDollar]","8","[]","1970","[P1Y]","[]","AmountOutstanding_Debt_PrivateCreditor_PubliclyGuaranteed_WorldBankOtherPrivate_LongTermExternalDebt_LenderCountrySEN"
"[USDollar]","41","[]","1970","[P1Y]","[]","AmountOutstanding_Debt_PrivateCreditor_PubliclyGuaranteed_LongTermExternalDebt_LenderGermanDemRep"
"[USDollar]","6","[]","1971","[P1Y]","[]","AmountOutstanding_Debt_PubliclyGuaranteed_LongTermExternalDebt_LenderCountryBOL"
"[USDollar]","6","[]","2012","[P1Y]","[]","AmountOutstanding_Debt_LongTermExternalDebt_LenderCountryKNA"
"[USDollar]","6","[]","2012","[P1Y]","[]","AmountOutstanding_Debt_PrivateCreditor_PubliclyGuaranteed_CommercialBank_LongTermExternalDebt_LenderCountryKNA"
"[USDollar]","28","[]","1970","[P1Y]","[]","AmountOutstanding_Debt_OfficialCreditor_PubliclyGuaranteed_Bilateral_LongTermExternalDebt_LenderCountryISR"
"[USDollar]","109","[]","1970","[P1Y]","[]","AmountOutstanding_Debt_OfficialCreditor_PubliclyGuaranteed_Bilateral_LongTermExternalDebt_LenderCountryKWT"
"[USDollar]","8","[]","1989","[P1Y]","[]","AmountOutstanding_Debt_LongTermExternalDebt_LenderLatinAmerConfofSavingCreditCoop"
"[USDollar]","13","[]","1972","[P1Y]","[]","AmountOutstanding_Debt_OfficialCreditor_PubliclyGuaranteed_Multilateral_LongTermExternalDebt_LenderEntenteCouncil"
"[USDollar]","6","[]","2012","[P1Y]","[]","AmountOutstanding_Debt_PrivateCreditor_PubliclyGuaranteed_CommercialBank_LongTermExternalDebt_LenderCountryVCT"
"[USDollar]","7","[]","2014","[P1Y]","[]","AmountOutstanding_Debt_PubliclyGuaranteed_LongTermExternalDebt_LenderIslamicSolidarityFundforDev"
"[USDollar]","12","[]","1993","[P1Y]","[]","AmountOutstanding_Debt_OfficialCreditor_PubliclyGuaranteed_Bilateral_LongTermExternalDebt_LenderCountryTKM"
"[USDollar]","5","[]","1990","[P1Y]","[]","AmountOutstanding_Debt_OfficialCreditor_PubliclyGuaranteed_LongTermExternalDebt_LenderInternationalInvestmentBank"
"[USDollar]","12","[]","1979","[P1Y]","[]","AmountOutstanding_Debt_LongTermExternalDebt_LenderPlataBasinFinancialDevFund"
"[USDollar]","12","[]","2004","[P1Y]","[]","AmountOutstanding_Debt_OfficialCreditor_PubliclyGuaranteed_Multilateral_LongTermExternalDebt_LenderCaribbeanCommunity"
"[USDollar]","7","[]","1998","[P1Y]","[]","AmountOutstanding_Debt_OfficialCreditor_Concessional_PubliclyGuaranteed_Multilateral_LongTermExternalDebt_LenderArabMonetaryFund"
"[USDollar]","76","[]","1975","[P1Y]","[]","AmountOutstanding_Debt_LongTermExternalDebt_LenderCountryKOR"
"[USDollar]","9","[]","1970","[P1Y]","[]","AmountOutstanding_Debt_LongTermExternalDebt_LenderCountryZMB"
"[USDollar]","15","[]","1970","[P1Y]","[]","AmountOutstanding_Debt_OfficialCreditor_PubliclyGuaranteed_Bilateral_LongTermExternalDebt_LenderCountryGRC"
"[USDollar]","7","[]","1982","[P1Y]","[]","AmountOutstanding_Debt_OfficialCreditor_PubliclyGuaranteed_Multilateral_LongTermExternalDebt_LenderUNWorldFoodProgramme"
"[USDollar]","16","[]","1981","[P1Y]","[]","AmountOutstanding_Debt_OfficialCreditor_Concessional_PubliclyGuaranteed_Bilateral_LongTermExternalDebt_LenderCountryHUN"
"[USDollar]","6","[]","2018","[P1Y]","[]","AmountOutstanding_Debt_OfficialCreditor_PubliclyGuaranteed_LongTermExternalDebt_LenderNordicEnvironmentFinanceCorporation"
"[USDollar]","12","[]","2007","[P1Y]","[]","AmountOutstanding_Debt_OfficialCreditor_PubliclyGuaranteed_Multilateral_LongTermExternalDebt_LenderUNGeneralAssembly"
"[USDollar]","36","[]","1970","[P1Y]","[]","AmountOutstanding_Debt_OfficialCreditor_PubliclyGuaranteed_LongTermExternalDebt_LenderCountryDZA"
"[USDollar]","23","[]","1970","[P1Y]","[]","AmountOutstanding_Debt_PubliclyGuaranteed_LongTermExternalDebt_LenderCountryMEX"
"[USDollar]","7","[]","1998","[P1Y]","[]","AmountOutstanding_Debt_OfficialCreditor_PubliclyGuaranteed_LongTermExternalDebt_LenderCountryKGZ"
"[USDollar]","13","[]","1972","[P1Y]","[]","AmountOutstanding_Debt_PrivateCreditor_PubliclyGuaranteed_WorldBankOtherPrivate_LongTermExternalDebt_LenderCountryNZL"
"[USDollar]","77","[]","1970","[P1Y]","[]","AmountOutstanding_Debt_LongTermExternalDebt_LenderEuropeanDevelopmentFund"
"[USDollar]","11","[]","1993","[P1Y]","[]","AmountOutstanding_Debt_PubliclyGuaranteed_LongTermExternalDebt_LenderCountryKAZ"
"[USDollar]","10","[]","1987","[P1Y]","[]","AmountOutstanding_Debt_OfficialCreditor_PubliclyGuaranteed_Multilateral_LongTermExternalDebt_LenderArabFundforTechAssisttoAfricanCountries"
"[USDollar]","59","[]","1970","[P1Y]","[]","AmountOutstanding_Debt_PubliclyGuaranteed_LongTermExternalDebt_LenderCountrySRB"
"[USDollar]","35","[]","1979","[P1Y]","[]","AmountOutstanding_Debt_OfficialCreditor_PubliclyGuaranteed_Multilateral_LongTermExternalDebt_LenderNordicInvestmentBank"
"[USDollar]","89","[]","1970","[P1Y]","[]","AmountOutstanding_Debt_PrivateCreditor_PubliclyGuaranteed_LongTermExternalDebt_LenderCountryJPN"
"[USDollar]","103","[]","1970","[P1Y]","[]","AmountOutstanding_Debt_OfficialCreditor_Concessional_PubliclyGuaranteed_Bilateral_LongTermExternalDebt_LenderCountryFRA"
"[USDollar]","28","[]","1970","[P1Y]","[]","AmountOutstanding_Debt_PrivateCreditor_PubliclyGuaranteed_LongTermExternalDebt_LenderCountrySAU"
"[USDollar]","10","[]","2007","[P1Y]","[]","AmountOutstanding_Debt_OfficialCreditor_Concessional_PubliclyGuaranteed_Multilateral_LongTermExternalDebt_LenderUNGeneralAssembly"
"[USDollar]","58","[]","1977","[P1Y]","[]","AmountOutstanding_Debt_OfficialCreditor_PubliclyGuaranteed_LongTermExternalDebt_LenderEuropeanEconomicCommunity"
"[USDollar]","33","[]","1970","[P1Y]","[]","AmountOutstanding_Debt_PrivateCreditor_PubliclyGuaranteed_WorldBankOtherPrivate_LongTermExternalDebt_LenderCountryLUX"
"[USDollar]","12","[]","1976","[P1Y]","[]","AmountOutstanding_Debt_PubliclyGuaranteed_LongTermExternalDebt_LenderCountryBRB"
"[USDollar]","9","[]","2005","[P1Y]","[]","AmountOutstanding_Debt_OfficialCreditor_PubliclyGuaranteed_Bilateral_LongTermExternalDebt_LenderCountryVNM"
"[USDollar]","57","[]","1970","[P1Y]","[]","AmountOutstanding_Debt_PubliclyGuaranteed_LongTermExternalDebt_LenderCountryBRA"
"[USDollar]","96","[]","1970","[P1Y]","[]","AmountOutstanding_Debt_PrivateCreditor_PubliclyGuaranteed_WorldBankOtherPrivate_LongTermExternalDebt_LenderCountryDEU"
"[USDollar]","9","[]","1970","[P1Y]","[]","AmountOutstanding_Debt_OfficialCreditor_PubliclyGuaranteed_LongTermExternalDebt_LenderEUROFIMA"
"[USDollar]","67","[]","1970","[P1Y]","[]","AmountOutstanding_Debt_OfficialCreditor_Concessional_PubliclyGuaranteed_Bilateral_LongTermExternalDebt_LenderCountryDNK"
"[USDollar]","7","[]","2014","[P1Y]","[]","AmountOutstanding_Debt_OfficialCreditor_PubliclyGuaranteed_LongTermExternalDebt_LenderIslamicSolidarityFundforDev"
"[USDollar]","11","[]","1970","[P1Y]","[]","AmountOutstanding_Debt_LongTermExternalDebt_LenderCountryGHA"
"[USDollar]","86","[]","1970","[P1Y]","[]","AmountOutstanding_Debt_OfficialCreditor_PubliclyGuaranteed_Bilateral_LongTermExternalDebt_LenderMultipleLenders"
"[USDollar]","25","[]","1995","[P1Y]","[]","AmountOutstanding_Debt_OfficialCreditor_PubliclyGuaranteed_LongTermExternalDebt_LenderCountrySVK"
"[USDollar]","103","[]","1970","[P1Y]","[]","AmountOutstanding_Debt_PrivateCreditor_PubliclyGuaranteed_LongTermExternalDebt_LenderBondholders"
"[USDollar]","40","[]","1970","[P1Y]","[]","AmountOutstanding_Debt_OfficialCreditor_Concessional_PubliclyGuaranteed_Multilateral_LongTermExternalDebt_LenderAsianDevBank"
"[USDollar]","6","[]","2008","[P1Y]","[]","AmountOutstanding_Debt_OfficialCreditor_PubliclyGuaranteed_LongTermExternalDebt_LenderCountrySVN"
"[USDollar]","7","[]","1988","[P1Y]","[]","AmountOutstanding_Debt_PubliclyGuaranteed_LongTermExternalDebt_LenderCountryBRN"
"[USDollar]","37","[]","1974","[P1Y]","[]","AmountOutstanding_Debt_PrivateCreditor_PubliclyGuaranteed_LongTermExternalDebt_LenderCountryHKG"
"[USDollar]","10","[]","1976","[P1Y]","[]","AmountOutstanding_Debt_LongTermExternalDebt_LenderLatinAmericanAgribusinessDevCorp"
"[USDollar]","11","[]","2010","[P1Y]","[]","AmountOutstanding_Debt_OfficialCreditor_PubliclyGuaranteed_LongTermExternalDebt_LenderWorldTradeOrganization"
"[USDollar]","105","[]","1970","[P1Y]","[]","AmountOutstanding_Debt_OfficialCreditor_PubliclyGuaranteed_LongTermExternalDebt_LenderWorldBankIBRD"
"[USDollar]","69","[]","1970","[P1Y]","[]","AmountOutstanding_Debt_OfficialCreditor_PubliclyGuaranteed_LongTermExternalDebt_LenderCountrySWE"
"[USDollar]","34","[]","1970","[P1Y]","[]","AmountOutstanding_Debt_LongTermExternalDebt_LenderCountryVEN"
"[USDollar]","8","[]","1984","[P1Y]","[]","AmountOutstanding_Debt_OfficialCreditor_PubliclyGuaranteed_Bilateral_LongTermExternalDebt_LenderCountryZWE"
"[USDollar]","6","[]","2010","[P1Y]","[]","AmountOutstanding_Debt_LongTermExternalDebt_LenderBolivarianAlliancefortheAmericas"
"[USDollar]","9","[]","1977","[P1Y]","[]","AmountOutstanding_Debt_PrivateCreditor_PubliclyGuaranteed_LongTermExternalDebt_LenderCountryJOR"
"[USDollar]","11","[]","1978","[P1Y]","[]","AmountOutstanding_Debt_LongTermExternalDebt_LenderCountryECU"
"[USDollar]","41","[]","1970","[P1Y]","[]","AmountOutstanding_Debt_PrivateCreditor_PubliclyGuaranteed_WorldBankOtherPrivate_LongTermExternalDebt_LenderCountryFIN"
"[USDollar]","14","[]","1970","[P1Y]","[]","AmountOutstanding_Debt_OfficialCreditor_PubliclyGuaranteed_Bilateral_LongTermExternalDebt_LenderCountryCIV"
