"MinDate","StatVar","NumPlaces","observationPeriods","MeasurementMethods","Units","ScalingFactors"
"1970","AmountInterestRepayment_Debt_PubliclyGuaranteed_LongTermExternalDebt_LenderCountrySRB","57","[P1Y]","[, WorldBankProjection]","[USDollar]","[]"
"2000","AmountInterestRepayment_Debt_PrivateCreditor_PubliclyGuaranteed_LongTermExternalDebt_LenderCountryMUS","16","[P1Y]","[, WorldBankProjection]","[USDollar]","[]"
"1970","AmountInterestRepayment_Debt_PubliclyGuaranteed_LongTermExternalDebt_LenderCountryMEX","23","[P1Y]","[]","[USDollar]","[]"
"1970","AmountInterestRepayment_Debt_OfficialCreditor_PubliclyGuaranteed_LongTermExternalDebt_LenderCountryQAT","19","[P1Y]","[, WorldBankProjection]","[USDollar]","[]"
"1970","AmountInterestRepayment_Debt_PrivateCreditor_PrivateNonGuaranteed_WorldBankCommercialBankAndOther_LongTermExternalDebt","107","[P1Y]","[, WorldBankProjection]","[USDollar]","[]"
"2007","AmountInterestRepayment_Debt_OfficialCreditor_PubliclyGuaranteed_LongTermExternalDebt_LenderCountryBDI","7","[P1Y]","[]","[USDollar]","[]"
"1994","AmountInterestRepayment_Debt_PubliclyGuaranteed_LongTermExternalDebt_LenderCountryKAZ","11","[P1Y]","[, WorldBankProjection]","[USDollar]","[]"
"1978","AmountInterestRepayment_Debt_OfficialCreditor_PubliclyGuaranteed_Bilateral_LongTermExternalDebt_LenderCountryECU","5","[P1Y]","[]","[USDollar]","[]"
"1975","AmountInterestRepayment_Debt_OfficialCreditor_PubliclyGuaranteed_Bilateral_LongTermExternalDebt_LenderCountryVEN","34","[P1Y]","[, WorldBankProjection]","[USDollar]","[]"
"2004","AmountInterestRepayment_Debt_PrivateCreditor_PubliclyGuaranteed_LongTermExternalDebt_LenderCountryGIB","5","[P1Y]","[]","[USDollar]","[]"
"1970","AmountInterestRepayment_Debt_OfficialCreditor_PubliclyGuaranteed_Bilateral_LongTermExternalDebt_LenderCountryGHA","11","[P1Y]","[]","[USDollar]","[]"
"1974","AmountInterestRepayment_Debt_PrivateCreditor_PubliclyGuaranteed_CommercialBank_LongTermExternalDebt_LenderCountryHKG","28","[P1Y]","[, WorldBankProjection]","[USDollar]","[]"
"1970","AmountInterestRepayment_Debt_PrivateCreditor_PubliclyGuaranteed_LongTermExternalDebt_LenderBondholders","102","[P1Y]","[, WorldBankProjection]","[USDollar]","[]"
"1970","AmountInterestRepayment_Debt_LongTermExternalDebt_LenderInternationalFinanceCorporation","35","[P1Y]","[, WorldBankProjection]","[USDollar]","[]"
"1975","AmountInterestRepayment_Debt_LongTermExternalDebt_LenderUNDevelopmentProgramme","14","[P1Y]","[]","[USDollar]","[]"
"1970","AmountInterestRepayment_Debt_OfficialCreditor_PubliclyGuaranteed_Bilateral_LongTermExternalDebt_LenderCountryZMB","9","[P1Y]","[]","[USDollar]","[]"
"1983","AmountInterestRepayment_Debt_OfficialCreditor_PubliclyGuaranteed_Bilateral_LongTermExternalDebt_LenderCountryKOR","69","[P1Y]","[, WorldBankProjection]","[USDollar]","[]"
"2007","AmountInterestRepayment_Debt_OfficialCreditor_PubliclyGuaranteed_Multilateral_LongTermExternalDebt_LenderArabTownsOrganization","6","[P1Y]","[]","[USDollar]","[]"
"2004","AmountInterestRepayment_Debt_OfficialCreditor_PubliclyGuaranteed_Multilateral_LongTermExternalDebt_LenderInternationalCoffeeOrganization","7","[P1Y]","[]","[USDollar]","[]"
"1977","AmountInterestRepayment_Debt_OfficialCreditor_PubliclyGuaranteed_LongTermExternalDebt_LenderIslamicDevBank","63","[P1Y]","[, WorldBankProjection]","[USDollar]","[]"
"1970","AmountInterestRepayment_Debt_OfficialCreditor_PubliclyGuaranteed_LongTermExternalDebt_LenderCountryBEL","83","[P1Y]","[, WorldBankProjection]","[USDollar]","[]"
"2016","AmountInterestRepayment_Debt_OfficialCreditor_Concessional_PubliclyGuaranteed_Multilateral_LongTermExternalDebt_LenderEuropeanUnion","18","[P1Y]","[]","[USDollar]","[]"
"1979","AmountInterestRepayment_Debt_PubliclyGuaranteed_LongTermExternalDebt_LenderArabMonetaryFund","23","[P1Y]","[, WorldBankProjection]","[USDollar]","[]"
"1970","AmountInterestRepayment_Debt_PrivateCreditor_PubliclyGuaranteed_CommercialBank_LongTermExternalDebt_LenderCountrySAU","24","[P1Y]","[]","[USDollar]","[]"
"1970","AmountInterestRepayment_Debt_PrivateCreditor_PubliclyGuaranteed_CommercialBank_LongTermExternalDebt_LenderCountryJPN","55","[P1Y]","[, WorldBankProjection]","[USDollar]","[]"
"1970","AmountInterestRepayment_Debt_LongTermExternalDebt_LenderGermanDemRep","54","[P1Y]","[]","[USDollar]","[]"
"1991","AmountInterestRepayment_Debt_OfficialCreditor_PubliclyGuaranteed_Multilateral_LongTermExternalDebt_LenderInternationalInvestmentBank","5","[P1Y]","[]","[USDollar]","[]"
"2003","AmountInterestRepayment_Debt_OfficialCreditor_PubliclyGuaranteed_Bilateral_LongTermExternalDebt_LenderCountryVCT","6","[P1Y]","[]","[USDollar]","[]"
"1970","AmountInterestRepayment_Debt_PrivateCreditor_PubliclyGuaranteed_LongTermExternalDebt_LenderCountryIND","37","[P1Y]","[, WorldBankProjection]","[USDollar]","[]"
"1970","AmountInterestRepayment_Debt_PrivateCreditor_PubliclyGuaranteed_LongTermExternalDebt_LenderCountryCAN","64","[P1Y]","[, WorldBankProjection]","[USDollar]","[]"
"1997","AmountInterestRepayment_Debt_LongTermExternalDebt_LenderCountryAZE","7","[P1Y]","[, WorldBankProjection]","[USDollar]","[]"
"1979","AmountInterestRepayment_Debt_LongTermExternalDebt_LenderInternationalFundforAgriculturalDev","121","[P1Y]","[, WorldBankProjection]","[USDollar]","[]"
"1977","AmountInterestRepayment_Debt_PrivateCreditor_PubliclyGuaranteed_LongTermExternalDebt_LenderCountryKOR","42","[P1Y]","[, WorldBankProjection]","[USDollar]","[]"
"1995","AmountInterestRepayment_Debt_PrivateCreditor_PubliclyGuaranteed_LongTermExternalDebt_LenderCountryZMB","8","[P1Y]","[]","[USDollar]","[]"
"1970","AmountInterestRepayment_Debt_OfficialCreditor_PubliclyGuaranteed_LongTermExternalDebt_LenderEuropeanSocialFund","10","[P1Y]","[, WorldBankProjection]","[USDollar]","[]"
"1970","AmountInterestRepayment_Debt_PrivateCreditor_PubliclyGuaranteed_WorldBankOtherPrivate_LongTermExternalDebt_LenderCountryESP","66","[P1Y]","[, WorldBankProjection]","[USDollar]","[]"
"1970","AmountInterestRepayment_Debt_OfficialCreditor_PubliclyGuaranteed_Multilateral_LongTermExternalDebt_LenderAsianDevBank","43","[P1Y]","[, WorldBankProjection]","[USDollar]","[]"
"1996","AmountInterestRepayment_Debt_PubliclyGuaranteed_LongTermExternalDebt_LenderCountryMDA","5","[P1Y]","[]","[USDollar]","[]"
"1970","AmountInterestRepayment_Debt_OfficialCreditor_PubliclyGuaranteed_LongTermExternalDebt_LenderAsianDevBank","43","[P1Y]","[, WorldBankProjection]","[USDollar]","[]"
"1977","AmountInterestRepayment_Debt_PrivateCreditor_PubliclyGuaranteed_WorldBankOtherPrivate_LongTermExternalDebt_LenderCountryCOL","11","[P1Y]","[]","[USDollar]","[]"
"1970","AmountInterestRepayment_Debt_OfficialCreditor_PubliclyGuaranteed_Bilateral_LongTermExternalDebt_LenderCountryIND","83","[P1Y]","[, WorldBankProjection]","[USDollar]","[]"
"1976","AmountInterestRepayment_Debt_OfficialCreditor_PubliclyGuaranteed_LongTermExternalDebt_LenderUNHighCommissionerforRefugees","6","[P1Y]","[]","[USDollar]","[]"
"1988","AmountInterestRepayment_Debt_LongTermExternalDebt_LenderInternationalBankforEconomicCooperation","13","[P1Y]","[, WorldBankProjection]","[USDollar]","[]"
"1979","AmountInterestRepayment_Debt_PrivateCreditor_PubliclyGuaranteed_CommercialBank_LongTermExternalDebt_LenderGermanDemRep","8","[P1Y]","[]","[USDollar]","[]"
"1970","AmountInterestRepayment_Debt_OfficialCreditor_PubliclyGuaranteed_LongTermExternalDebt_LenderCountryDEU","123","[P1Y]","[, WorldBankProjection]","[USDollar]","[]"
"1971","AmountInterestRepayment_Debt_OfficialCreditor_PubliclyGuaranteed_LongTermExternalDebt_LenderCountryNZL","13","[P1Y]","[]","[USDollar]","[]"
"1976","AmountInterestRepayment_Debt_PrivateCreditor_PubliclyGuaranteed_WorldBankOtherPrivate_LongTermExternalDebt_LenderCountryPHL","6","[P1Y]","[]","[USDollar]","[]"
"1970","AmountInterestRepayment_Debt_OfficialCreditor_PubliclyGuaranteed_Multilateral_LongTermExternalDebt_LenderEuropeanDevelopmentFund","75","[P1Y]","[, WorldBankProjection]","[USDollar]","[]"
"1988","AmountInterestRepayment_Debt_PubliclyGuaranteed_LongTermExternalDebt_LenderCountryMCO","5","[P1Y]","[]","[USDollar]","[]"
"2007","AmountInterestRepayment_Debt_PubliclyGuaranteed_LongTermExternalDebt_LenderArabTownsOrganization","6","[P1Y]","[]","[USDollar]","[]"
"2011","AmountInterestRepayment_Debt_LongTermExternalDebt_LenderCaribbeanCommunity","12","[P1Y]","[, WorldBankProjection]","[USDollar]","[]"
"2004","AmountInterestRepayment_Debt_OfficialCreditor_PubliclyGuaranteed_Bilateral_LongTermExternalDebt_LenderCountryMUS","7","[P1Y]","[]","[USDollar]","[]"
"1979","AmountInterestRepayment_Debt_OfficialCreditor_PubliclyGuaranteed_Multilateral_LongTermExternalDebt_LenderArabMonetaryFund","23","[P1Y]","[, WorldBankProjection]","[USDollar]","[]"
"1981","AmountInterestRepayment_Debt_OfficialCreditor_PubliclyGuaranteed_LongTermExternalDebt_LenderCountryHND","7","[P1Y]","[]","[USDollar]","[]"
"1970","AmountInterestRepayment_Debt_OfficialCreditor_PubliclyGuaranteed_Bilateral_LongTermExternalDebt_LenderCountryCAN","79","[P1Y]","[, WorldBankProjection]","[USDollar]","[]"
"1991","AmountInterestRepayment_Debt_PubliclyGuaranteed_LongTermExternalDebt_LenderLatinAmerConfofSavingCreditCoop","8","[P1Y]","[]","[USDollar]","[]"
"1970","AmountInterestRepayment_Debt_PubliclyGuaranteed_LongTermExternalDebt_LenderMultipleLenders","110","[P1Y]","[, WorldBankProjection]","[USDollar]","[]"
"1991","AmountInterestRepayment_Debt_PrivateCreditor_PubliclyGuaranteed_WorldBankOtherPrivate_LongTermExternalDebt_LenderCountryCPV","9","[P1Y]","[]","[USDollar]","[]"
"2018","AmountInterestRepayment_Debt_OfficialCreditor_PubliclyGuaranteed_Multilateral_LongTermExternalDebt_LenderOrgofArabPetroleumExportingCountries","5","[P1Y]","[]","[USDollar]","[]"
"1970","AmountInterestRepayment_Debt_OfficialCreditor_Concessional_PubliclyGuaranteed_Bilateral_LongTermExternalDebt_LenderCountryGBR","38","[P1Y]","[, WorldBankProjection]","[USDollar]","[]"
"1970","AmountInterestRepayment_Debt_PrivateCreditor_PrivateNonGuaranteed_WorldBankCommercialBankAndOther_LongTermExternalDebt_LenderOtherMultipleLenders","107","[P1Y]","[, WorldBankProjection]","[USDollar]","[]"
"1970","AmountInterestRepayment_Debt_PrivateCreditor_PubliclyGuaranteed_LongTermExternalDebt_LenderCountryVEN","21","[P1Y]","[]","[USDollar]","[]"
"1974","AmountInterestRepayment_Debt_PubliclyGuaranteed_LongTermExternalDebt_LenderCountryBOL","6","[P1Y]","[]","[USDollar]","[]"
"2004","AmountInterestRepayment_Debt_PrivateCreditor_PubliclyGuaranteed_LongTermExternalDebt_LenderCountryECU","7","[P1Y]","[]","[USDollar]","[]"
"1970","AmountInterestRepayment_Debt_OfficialCreditor_PubliclyGuaranteed_LongTermExternalDebt_LenderCountryJPN","113","[P1Y]","[, WorldBankProjection]","[USDollar]","[]"
"1970","AmountInterestRepayment_Debt_PrivateCreditor_PubliclyGuaranteed_WorldBankOtherPrivate_LongTermExternalDebt_LenderCountryZWE","10","[P1Y]","[]","[USDollar]","[]"
"1974","AmountInterestRepayment_Debt_OfficialCreditor_PubliclyGuaranteed_LongTermExternalDebt_LenderCountrySAU","93","[P1Y]","[, WorldBankProjection]","[USDollar]","[]"
"1975","AmountInterestRepayment_Debt_OfficialCreditor_PubliclyGuaranteed_Bilateral_LongTermExternalDebt_LenderCountryEGY","14","[P1Y]","[, WorldBankProjection]","[USDollar]","[]"
"2002","AmountInterestRepayment_Debt_PubliclyGuaranteed_LongTermExternalDebt_LenderCountrySVN","8","[P1Y]","[, WorldBankProjection]","[USDollar]","[]"
"1996","AmountInterestRepayment_Debt_PubliclyGuaranteed_LongTermExternalDebt_LenderCountrySVK","21","[P1Y]","[]","[USDollar]","[]"
"1970","AmountInterestRepayment_Debt_PrivateNonGuaranteed_LongTermExternalDebt_LenderOtherMultipleLenders","107","[P1Y]","[, WorldBankProjection]","[USDollar]","[]"
"1992","AmountInterestRepayment_Debt_PrivateCreditor_PubliclyGuaranteed_LongTermExternalDebt_LenderCountryMYS","18","[P1Y]","[]","[USDollar]","[]"
"2012","AmountInterestRepayment_Debt_OfficialCreditor_PubliclyGuaranteed_LongTermExternalDebt_LenderAfricanExportImportBank","31","[P1Y]","[, WorldBankProjection]","[USDollar]","[]"
"1975","AmountInterestRepayment_Debt_LongTermExternalDebt_LenderArabAfricanInternationalBank","22","[P1Y]","[, WorldBankProjection]","[USDollar]","[]"
"1982","AmountInterestRepayment_Debt_PubliclyGuaranteed_LongTermExternalDebt_LenderCountryOMN","17","[P1Y]","[]","[USDollar]","[]"
"2008","AmountInterestRepayment_Debt_LongTermExternalDebt_LenderUNGeneralAssembly","12","[P1Y]","[, WorldBankProjection]","[USDollar]","[]"
"1978","AmountInterestRepayment_Debt_PubliclyGuaranteed_LongTermExternalDebt_LenderCountryKEN","12","[P1Y]","[]","[USDollar]","[]"
"1981","AmountInterestRepayment_Debt_OfficialCreditor_Concessional_PubliclyGuaranteed_Bilateral_LongTermExternalDebt_LenderCountrySUN","9","[P1Y]","[]","[USDollar]","[]"
"1970","AmountInterestRepayment_Debt_OfficialCreditor_PubliclyGuaranteed_LongTermExternalDebt_LenderInternationalFinanceCorporation","35","[P1Y]","[, WorldBankProjection]","[USDollar]","[]"
"1994","AmountInterestRepayment_Debt_PubliclyGuaranteed_LongTermExternalDebt_LenderCountryUZB","10","[P1Y]","[]","[USDollar]","[]"
"1970","AmountInterestRepayment_Debt_PubliclyGuaranteed_LongTermExternalDebt_LenderCountrySWE","81","[P1Y]","[, WorldBankProjection]","[USDollar]","[]"
"1973","AmountInterestRepayment_Debt_OfficialCreditor_PubliclyGuaranteed_LongTermExternalDebt_LenderCountryFIN","47","[P1Y]","[, WorldBankProjection]","[USDollar]","[]"
"1993","AmountInterestRepayment_Debt_PubliclyGuaranteed_LongTermExternalDebt_LenderCountryMKD","6","[P1Y]","[]","[USDollar]","[]"
"1985","AmountInterestRepayment_Debt_PrivateCreditor_PubliclyGuaranteed_LongTermExternalDebt_LenderCountryTHA","11","[P1Y]","[, WorldBankProjection]","[USDollar]","[]"
"1974","AmountInterestRepayment_Debt_PubliclyGuaranteed_LongTermExternalDebt_LenderCountryDZA","35","[P1Y]","[, WorldBankProjection]","[USDollar]","[]"
"1972","AmountInterestRepayment_Debt_PrivateCreditor_PubliclyGuaranteed_LongTermExternalDebt_LenderCountryIRL","26","[P1Y]","[, WorldBankProjection]","[USDollar]","[]"
"1982","AmountInterestRepayment_Debt_PrivateCreditor_PubliclyGuaranteed_CommercialBank_LongTermExternalDebt_LenderCountryQAT","14","[P1Y]","[, WorldBankProjection]","[USDollar]","[]"
"1978","AmountInterestRepayment_Debt_OfficialCreditor_PubliclyGuaranteed_LongTermExternalDebt_LenderCountryLUX","12","[P1Y]","[]","[USDollar]","[]"
"1974","AmountInterestRepayment_Debt_LongTermExternalDebt_LenderCountryHKG","36","[P1Y]","[, WorldBankProjection]","[USDollar]","[]"
"1982","AmountInterestRepayment_Debt_PrivateCreditor_PubliclyGuaranteed_WorldBankOtherPrivate_LongTermExternalDebt_LenderCountryGRC","17","[P1Y]","[, WorldBankProjection]","[USDollar]","[]"
"1970","AmountInterestRepayment_Debt_LongTermExternalDebt_LenderMultipleLenders","110","[P1Y]","[, WorldBankProjection]","[USDollar]","[]"
"1985","AmountInterestRepayment_Debt_LongTermExternalDebt_LenderCountryJOR","9","[P1Y]","[]","[USDollar]","[]"
"1970","AmountInterestRepayment_Debt_OfficialCreditor_IBRD_PubliclyGuaranteed_Multilateral_LongTermExternalDebt_LenderWorldBankIBRD","107","[P1Y]","[]","[USDollar]","[]"
"1993","AmountInterestRepayment_Debt_PrivateCreditor_PubliclyGuaranteed_WorldBankOtherPrivate_LongTermExternalDebt_LenderCountryCIV","8","[P1Y]","[, WorldBankProjection]","[USDollar]","[]"
"1970","AmountInterestRepayment_Debt_LongTermExternalDebt_LenderWorldBankIBRD","106","[P1Y]","[, WorldBankProjection]","[USDollar]","[]"
"1983","AmountInterestRepayment_Debt_OfficialCreditor_PubliclyGuaranteed_LongTermExternalDebt_LenderNordicDevelopmentFund","51","[P1Y]","[, WorldBankProjection]","[USDollar]","[]"
"2020","AmountInterestRepayment_Debt_OfficialCreditor_PubliclyGuaranteed_LongTermExternalDebt_LenderUNPopulationFund","5","[P1Y]","[, WorldBankProjection]","[USDollar]","[]"
"2000","AmountInterestRepayment_Debt_PubliclyGuaranteed_LongTermExternalDebt_LenderUNWorldFoodProgramme","7","[P1Y]","[]","[USDollar]","[]"
"1991","AmountInterestRepayment_Debt_LongTermExternalDebt_LenderInternationalInvestmentBank","5","[P1Y]","[]","[USDollar]","[]"
"1970","AmountInterestRepayment_Debt_PubliclyGuaranteed_LongTermExternalDebt_LenderEuropeanDevelopmentFund","75","[P1Y]","[, WorldBankProjection]","[USDollar]","[]"
"1976","AmountInterestRepayment_Debt_OfficialCreditor_PubliclyGuaranteed_Bilateral_LongTermExternalDebt_LenderCountryTGO","10","[P1Y]","[]","[USDollar]","[]"
"1977","AmountInterestRepayment_Debt_PubliclyGuaranteed_LongTermExternalDebt_LenderCountryBRB","12","[P1Y]","[, WorldBankProjection]","[USDollar]","[]"
"1970","AmountInterestRepayment_Debt_PubliclyGuaranteed_LongTermExternalDebt_LenderCountryBRA","57","[P1Y]","[, WorldBankProjection]","[USDollar]","[]"
"1988","AmountInterestRepayment_Debt_OfficialCreditor_PubliclyGuaranteed_Bilateral_LongTermExternalDebt_LenderCountryMYS","26","[P1Y]","[, WorldBankProjection]","[USDollar]","[]"
"1976","AmountInterestRepayment_Debt_OfficialCreditor_Concessional_PubliclyGuaranteed_Bilateral_LongTermExternalDebt_LenderCountryDZA","15","[P1Y]","[, WorldBankProjection]","[USDollar]","[]"
"1970","AmountInterestRepayment_Debt_PubliclyGuaranteed_LongTermExternalDebt_LenderCountryZAF","44","[P1Y]","[, WorldBankProjection]","[USDollar]","[]"
"1989","AmountInterestRepayment_Debt_PubliclyGuaranteed_LongTermExternalDebt_LenderCountryBRN","7","[P1Y]","[]","[USDollar]","[]"
"1970","AmountInterestRepayment_Debt_PubliclyGuaranteed_LongTermExternalDebt_LenderAsianDevBank","43","[P1Y]","[, WorldBankProjection]","[USDollar]","[]"
"1974","AmountInterestRepayment_Debt_PrivateCreditor_PubliclyGuaranteed_CommercialBank_LongTermExternalDebt_LenderCountryNZL","9","[P1Y]","[]","[USDollar]","[]"
"1988","AmountInterestRepayment_Debt_OfficialCreditor_PubliclyGuaranteed_LongTermExternalDebt_LenderCountryHKG","14","[P1Y]","[]","[USDollar]","[]"
"2017","AmountInterestRepayment_Debt_PrivateCreditor_PubliclyGuaranteed_CommercialBank_LongTermExternalDebt_LenderCountryHND","5","[P1Y]","[, WorldBankProjection]","[USDollar]","[]"
"1970","AmountInterestRepayment_Debt_OfficialCreditor_Concessional_PubliclyGuaranteed_Bilateral_LongTermExternalDebt_LenderCountrySWE","30","[P1Y]","[, WorldBankProjection]","[USDollar]","[]"
"1991","AmountInterestRepayment_Debt_OfficialCreditor_PubliclyGuaranteed_Bilateral_LongTermExternalDebt_LenderCountryGMB","5","[P1Y]","[]","[USDollar]","[]"
"1981","AmountInterestRepayment_Debt_OfficialCreditor_PubliclyGuaranteed_LongTermExternalDebt_LenderUNRegularProgrammeofTechnicalCoop","8","[P1Y]","[]","[USDollar]","[]"
"1974","AmountInterestRepayment_Debt_OfficialCreditor_PubliclyGuaranteed_Multilateral_LongTermExternalDebt_LenderEconomicCommunityofWestAfricanStates","24","[P1Y]","[, WorldBankProjection]","[USDollar]","[]"
"1988","AmountInterestRepayment_Debt_OfficialCreditor_PubliclyGuaranteed_LongTermExternalDebt_LenderArabFundforTechAssisttoAfricanCountries","10","[P1Y]","[]","[USDollar]","[]"
"1973","AmountInterestRepayment_Debt_LongTermExternalDebt_LenderCorporacionAndinadeFomento","16","[P1Y]","[, WorldBankProjection]","[USDollar]","[]"
"1970","AmountInterestRepayment_Debt_PubliclyGuaranteed_LongTermExternalDebt_LenderCountrySUN","60","[P1Y]","[]","[USDollar]","[]"
"1970","AmountInterestRepayment_Debt_PrivateCreditor_PubliclyGuaranteed_CommercialBank_LongTermExternalDebt_LenderCountryLUX","30","[P1Y]","[, WorldBankProjection]","[USDollar]","[]"
"1976","AmountInterestRepayment_Debt_PrivateCreditor_PubliclyGuaranteed_WorldBankOtherPrivate_LongTermExternalDebt_LenderCountryPER","7","[P1Y]","[]","[USDollar]","[]"
"1973","AmountInterestRepayment_Debt_OfficialCreditor_PubliclyGuaranteed_Multilateral_LongTermExternalDebt_LenderEastAfricanCommunity","10","[P1Y]","[]","[USDollar]","[]"
"1977","AmountInterestRepayment_Debt_PrivateCreditor_PubliclyGuaranteed_CommercialBank_LongTermExternalDebt_LenderCountryFIN","25","[P1Y]","[, WorldBankProjection]","[USDollar]","[]"
"2018","AmountInterestRepayment_Debt_OfficialCreditor_Concessional_PubliclyGuaranteed_Multilateral_LongTermExternalDebt_LenderAsianInfrastructureInvestmentBank","28","[P1Y]","[]","[USDollar]","[]"
"1970","AmountInterestRepayment_Debt_PubliclyGuaranteed_LongTermExternalDebt_LenderInterAmericanDevBank","30","[P1Y]","[, WorldBankProjection]","[USDollar]","[]"
"1983","AmountInterestRepayment_Debt_PrivateCreditor_PubliclyGuaranteed_LongTermExternalDebt_LenderCountryEGY","17","[P1Y]","[, WorldBankProjection]","[USDollar]","[]"
"1970","AmountInterestRepayment_Debt_PrivateCreditor_PubliclyGuaranteed_CommercialBank_LongTermExternalDebt_LenderCountryDEU","88","[P1Y]","[, WorldBankProjection]","[USDollar]","[]"
"1995","AmountInterestRepayment_Debt_OfficialCreditor_PubliclyGuaranteed_LongTermExternalDebt_LenderCountryBLR","16","[P1Y]","[, WorldBankProjection]","[USDollar]","[]"
"1970","AmountInterestRepayment_Debt_OfficialCreditor_PubliclyGuaranteed_Bilateral_LongTermExternalDebt_LenderCountryITA","95","[P1Y]","[, WorldBankProjection]","[USDollar]","[]"
"1989","AmountInterestRepayment_Debt_OfficialCreditor_PubliclyGuaranteed_LongTermExternalDebt_LenderEconCommoftheGreatLakesCountries","7","[P1Y]","[]","[USDollar]","[]"
"1970","AmountInterestRepayment_Debt_PrivateCreditor_PubliclyGuaranteed_WorldBankOtherPrivate_LongTermExternalDebt_LenderCountryPOL","37","[P1Y]","[, WorldBankProjection]","[USDollar]","[]"
"2017","AmountInterestRepayment_Debt_PubliclyGuaranteed_LongTermExternalDebt_LenderNewDevelopmentBank","10","[P1Y]","[, WorldBankProjection]","[USDollar]","[]"
"1985","AmountInterestRepayment_Debt_OfficialCreditor_PubliclyGuaranteed_Bilateral_LongTermExternalDebt_LenderCountryPAK","20","[P1Y]","[, WorldBankProjection]","[USDollar]","[]"
"1999","AmountInterestRepayment_Debt_OfficialCreditor_Concessional_PubliclyGuaranteed_Bilateral_LongTermExternalDebt_LenderCountryIND","40","[P1Y]","[, WorldBankProjection]","[USDollar]","[]"
"1986","AmountInterestRepayment_Debt_LongTermExternalDebt_LenderCountryCUB","13","[P1Y]","[]","[USDollar]","[]"
"2015","AmountInterestRepayment_Debt_PubliclyGuaranteed_LongTermExternalDebt_LenderCountryMNE","5","[P1Y]","[]","[USDollar]","[]"
"2003","AmountInterestRepayment_Debt_OfficialCreditor_PubliclyGuaranteed_LongTermExternalDebt_LenderCountryBLZ","6","[P1Y]","[, WorldBankProjection]","[USDollar]","[]"
"1983","AmountInterestRepayment_Debt_OfficialCreditor_PubliclyGuaranteed_Bilateral_LongTermExternalDebt_LenderCountryPAN","7","[P1Y]","[]","[USDollar]","[]"
"2023","AmountInterestRepayment_Debt_PrivateCreditor_PubliclyGuaranteed_LongTermExternalDebt_LenderArabMonetaryFund","5","[P1Y]","[, WorldBankProjection]","[USDollar]","[]"
"1970","AmountInterestRepayment_Debt_OfficialCreditor_PubliclyGuaranteed_Bilateral_LongTermExternalDebt_LenderCountryCHE","67","[P1Y]","[, WorldBankProjection]","[USDollar]","[]"
"1970","AmountInterestRepayment_Debt_OfficialCreditor_Concessional_PubliclyGuaranteed_Bilateral_LongTermExternalDebt_LenderCountryCAN","44","[P1Y]","[, WorldBankProjection]","[USDollar]","[]"
"1970","AmountInterestRepayment_Debt_OfficialCreditor_PubliclyGuaranteed_Bilateral_LongTermExternalDebt_LenderCountryISR","28","[P1Y]","[, WorldBankProjection]","[USDollar]","[]"
"1970","AmountInterestRepayment_Debt_OfficialCreditor_PubliclyGuaranteed_Bilateral_LongTermExternalDebt_LenderCountryKWT","108","[P1Y]","[, WorldBankProjection]","[USDollar]","[]"
"1975","AmountInterestRepayment_Debt_PubliclyGuaranteed_LongTermExternalDebt_LenderArabAfricanInternationalBank","22","[P1Y]","[, WorldBankProjection]","[USDollar]","[]"
"1981","AmountInterestRepayment_Debt_LongTermExternalDebt_LenderDevBankoftheCentralAfricanStates","16","[P1Y]","[, WorldBankProjection]","[USDollar]","[]"
"1985","AmountInterestRepayment_Debt_PrivateCreditor_PubliclyGuaranteed_LongTermExternalDebt_LenderCountryIDN","5","[P1Y]","[]","[USDollar]","[]"
"1999","AmountInterestRepayment_Debt_LongTermExternalDebt_LenderBankforInternationalSettlements","5","[P1Y]","[]","[USDollar]","[]"
"1970","AmountInterestRepayment_Debt_OfficialCreditor_PubliclyGuaranteed_LongTermExternalDebt_LenderCountryMAR","13","[P1Y]","[]","[USDollar]","[]"
"1984","AmountInterestRepayment_Debt_PrivateCreditor_PubliclyGuaranteed_LongTermExternalDebt_LenderCountryMLT","8","[P1Y]","[]","[USDollar]","[]"
"1970","AmountInterestRepayment_Debt_LongTermExternalDebt_LenderCountryARG","37","[P1Y]","[]","[USDollar]","[]"
"1975","AmountInterestRepayment_Debt_LongTermExternalDebt_LenderCountryARE","82","[P1Y]","[, WorldBankProjection]","[USDollar]","[]"
"1970","AmountInterestRepayment_Debt_PrivateCreditor_PubliclyGuaranteed_WorldBankOtherPrivate_LongTermExternalDebt_LenderCountryNLD","80","[P1Y]","[, WorldBankProjection]","[USDollar]","[]"
"2011","AmountInterestRepayment_Debt_OfficialCreditor_PubliclyGuaranteed_LongTermExternalDebt_LenderEurasianDevelopmentBank","11","[P1Y]","[, WorldBankProjection]","[USDollar]","[]"
"2004","AmountInterestRepayment_Debt_PubliclyGuaranteed_LongTermExternalDebt_LenderInternationalCoffeeOrganization","7","[P1Y]","[]","[USDollar]","[]"
"1997","AmountInterestRepayment_Debt_LongTermExternalDebt_LenderCountryARM","8","[P1Y]","[, WorldBankProjection]","[USDollar]","[]"
"2015","AmountInterestRepayment_Debt_PrivateCreditor_PubliclyGuaranteed_LongTermExternalDebt_LenderCountryMNE","5","[P1Y]","[]","[USDollar]","[]"
"1970","AmountInterestRepayment_Debt_OfficialCreditor_PubliclyGuaranteed_Bilateral_LongTermExternalDebt_LenderCountryIRN","32","[P1Y]","[, WorldBankProjection]","[USDollar]","[]"
"1990","AmountInterestRepayment_Debt_PrivateCreditor_PrivateNonGuaranteed_Bond_LongTermExternalDebt_LenderBondholders","62","[P1Y]","[, WorldBankProjection]","[USDollar]","[]"
"1982","AmountInterestRepayment_Debt_OfficialCreditor_PubliclyGuaranteed_Bilateral_LongTermExternalDebt_LenderCountryIRL","13","[P1Y]","[]","[USDollar]","[]"
"1971","AmountInterestRepayment_Debt_PrivateCreditor_PubliclyGuaranteed_WorldBankOtherPrivate_LongTermExternalDebt_LenderCountryARG","31","[P1Y]","[]","[USDollar]","[]"
"2023","AmountInterestRepayment_Debt_PrivateCreditor_PubliclyGuaranteed_CommercialBank_LongTermExternalDebt_LenderCountryBGR","5","[P1Y]","[, WorldBankProjection]","[USDollar]","[]"
"1970","AmountInterestRepayment_Debt_PubliclyGuaranteed_LongTermExternalDebt_LenderCountryGBR","119","[P1Y]","[, WorldBankProjection]","[USDollar]","[]"
"2024","AmountInterestRepayment_Debt_OfficialCreditor_PubliclyGuaranteed_Bilateral_LongTermExternalDebt_LenderCountryGNQ","7","[P1Y]","[WorldBankProjection]","[USDollar]","[]"
"1970","AmountInterestRepayment_Debt_LongTermExternalDebt_LenderCountryPOL","53","[P1Y]","[, WorldBankProjection]","[USDollar]","[]"
"1973","AmountInterestRepayment_Debt_OfficialCreditor_PubliclyGuaranteed_Bilateral_LongTermExternalDebt_LenderCountryIRQ","38","[P1Y]","[, WorldBankProjection]","[USDollar]","[]"
"1989","AmountInterestRepayment_Debt_PrivateCreditor_PubliclyGuaranteed_WorldBankOtherPrivate_LongTermExternalDebt_LenderCountryARE","14","[P1Y]","[, WorldBankProjection]","[USDollar]","[]"
"1970","AmountInterestRepayment_Debt_PubliclyGuaranteed_LongTermExternalDebt_LenderWorldBankIBRD","106","[P1Y]","[, WorldBankProjection]","[USDollar]","[]"
"1970","AmountInterestRepayment_Debt_OfficialCreditor_PubliclyGuaranteed_LongTermExternalDebt_LenderCountryUSA","112","[P1Y]","[, WorldBankProjection]","[USDollar]","[]"
"2004","AmountInterestRepayment_Debt_OfficialCreditor_PubliclyGuaranteed_LongTermExternalDebt_LenderCountryURY","9","[P1Y]","[]","[USDollar]","[]"
"1970","AmountInterestRepayment_Debt_LongTermExternalDebt_LenderWorldBankIDA","119","[P1Y]","[, WorldBankProjection]","[USDollar]","[]"
"1972","AmountInterestRepayment_Debt_OfficialCreditor_PubliclyGuaranteed_Bilateral_LongTermExternalDebt_LenderCountryTHA","16","[P1Y]","[, WorldBankProjection]","[USDollar]","[]"
"1974","AmountInterestRepayment_Debt_PrivateCreditor_PubliclyGuaranteed_LongTermExternalDebt_LenderCountryDZA","7","[P1Y]","[]","[USDollar]","[]"
"1970","AmountInterestRepayment_Debt_OfficialCreditor_PubliclyGuaranteed_Bilateral_LongTermExternalDebt_LenderCountryGRC","15","[P1Y]","[, WorldBankProjection]","[USDollar]","[]"
"1995","AmountInterestRepayment_Debt_OfficialCreditor_PubliclyGuaranteed_Bilateral_LongTermExternalDebt_LenderCountryTKM","8","[P1Y]","[]","[USDollar]","[]"
"1970","AmountInterestRepayment_Debt_PrivateCreditor_PubliclyGuaranteed_CommercialBank_LongTermExternalDebt_LenderCountryBEL","63","[P1Y]","[, WorldBankProjection]","[USDollar]","[]"
"1975","AmountInterestRepayment_Debt_LongTermExternalDebt_LenderCountryTTO","15","[P1Y]","[, WorldBankProjection]","[USDollar]","[]"
"1975","AmountInterestRepayment_Debt_PubliclyGuaranteed_LongTermExternalDebt_LenderCountryMLI","8","[P1Y]","[]","[USDollar]","[]"
"1970","AmountInterestRepayment_Debt_PrivateCreditor_PubliclyGuaranteed_LongTermExternalDebt_LenderCountrySWE","66","[P1Y]","[, WorldBankProjection]","[USDollar]","[]"
"1993","AmountInterestRepayment_Debt_PrivateCreditor_PubliclyGuaranteed_LongTermExternalDebt_LenderCountryMKD","6","[P1Y]","[]","[USDollar]","[]"
"1985","AmountInterestRepayment_Debt_OfficialCreditor_PubliclyGuaranteed_Bilateral_LongTermExternalDebt_LenderCountryZWE","8","[P1Y]","[]","[USDollar]","[]"
"1970","AmountInterestRepayment_Debt_OfficialCreditor_PubliclyGuaranteed_LongTermExternalDebt_LenderCountryFRA","123","[P1Y]","[, WorldBankProjection]","[USDollar]","[]"
"2001","AmountInterestRepayment_Debt_PubliclyGuaranteed_LongTermExternalDebt_LenderCountrySWZ","5","[P1Y]","[]","[USDollar]","[]"
"1978","AmountInterestRepayment_Debt_OfficialCreditor_PubliclyGuaranteed_LongTermExternalDebt_LenderEuropeanCoalandSteelCommunity","5","[P1Y]","[]","[USDollar]","[]"
"1970","AmountInterestRepayment_Debt_OfficialCreditor_PubliclyGuaranteed_LongTermExternalDebt_LenderCountryDNK","56","[P1Y]","[, WorldBankProjection]","[USDollar]","[]"
"2000","AmountInterestRepayment_Debt_PubliclyGuaranteed_LongTermExternalDebt_LenderCountryKGZ","7","[P1Y]","[]","[USDollar]","[]"
"1979","AmountInterestRepayment_Debt_OfficialCreditor_PubliclyGuaranteed_Bilateral_LongTermExternalDebt_LenderCountryCIV","8","[P1Y]","[]","[USDollar]","[]"
"1975","AmountInterestRepayment_Debt_PrivateCreditor_PubliclyGuaranteed_LongTermExternalDebt_LenderCountryMLI","8","[P1Y]","[]","[USDollar]","[]"
"1972","AmountInterestRepayment_Debt_LongTermExternalDebt_LenderCountryJAM","11","[P1Y]","[]","[USDollar]","[]"
"1981","AmountInterestRepayment_Debt_PrivateCreditor_PubliclyGuaranteed_CommercialBank_LongTermExternalDebt_LenderCountryBFA","7","[P1Y]","[]","[USDollar]","[]"
"2014","AmountInterestRepayment_Debt_OfficialCreditor_PubliclyGuaranteed_LongTermExternalDebt_LenderBolivarianAlliancefortheAmericas","6","[P1Y]","[, WorldBankProjection]","[USDollar]","[]"
"2007","AmountInterestRepayment_Debt_OfficialCreditor_PubliclyGuaranteed_Bilateral_LongTermExternalDebt_LenderCountryVNM","9","[P1Y]","[, WorldBankProjection]","[USDollar]","[]"
"2010","AmountInterestRepayment_Debt_PrivateCreditor_PubliclyGuaranteed_CommercialBank_LongTermExternalDebt_LenderCountryUKR","5","[P1Y]","[]","[USDollar]","[]"
"1974","AmountInterestRepayment_Debt_PrivateCreditor_PubliclyGuaranteed_CommercialBank_LongTermExternalDebt_LenderCountrySGP","27","[P1Y]","[, WorldBankProjection]","[USDollar]","[]"
"1974","AmountInterestRepayment_Debt_LongTermExternalDebt_LenderCountryTUR","38","[P1Y]","[, WorldBankProjection]","[USDollar]","[]"
"1973","AmountInterestRepayment_Debt_OfficialCreditor_PubliclyGuaranteed_Multilateral_LongTermExternalDebt_LenderCaribbeanDevBank","16","[P1Y]","[, WorldBankProjection]","[USDollar]","[]"
"1976","AmountInterestRepayment_Debt_PubliclyGuaranteed_LongTermExternalDebt_LenderCountryGAB","6","[P1Y]","[]","[USDollar]","[]"
"1974","AmountInterestRepayment_Debt_OfficialCreditor_PubliclyGuaranteed_LongTermExternalDebt_LenderEntenteCouncil","13","[P1Y]","[]","[USDollar]","[]"
"1985","AmountInterestRepayment_Debt_PubliclyGuaranteed_LongTermExternalDebt_LenderCountryIDN","8","[P1Y]","[, WorldBankProjection]","[USDollar]","[]"
"1972","AmountInterestRepayment_Debt_PrivateCreditor_PubliclyGuaranteed_WorldBankOtherPrivate_LongTermExternalDebt_LenderCountryTZA","5","[P1Y]","[]","[USDollar]","[]"
"1982","AmountInterestRepayment_Debt_LongTermExternalDebt_LenderCountryNIC","5","[P1Y]","[]","[USDollar]","[]"
"1971","AmountInterestRepayment_Debt_OfficialCreditor_PubliclyGuaranteed_Bilateral_LongTermExternalDebt_LenderCountryCHN","120","[P1Y]","[, WorldBankProjection]","[USDollar]","[]"
"1984","AmountInterestRepayment_Debt_PubliclyGuaranteed_LongTermExternalDebt_LenderCountryMLT","8","[P1Y]","[]","[USDollar]","[]"
"1985","AmountInterestRepayment_Debt_LongTermExternalDebt_LenderCountryTUN","5","[P1Y]","[]","[USDollar]","[]"
"1995","AmountInterestRepayment_Debt_PubliclyGuaranteed_LongTermExternalDebt_LenderEasternSouthernAfricanTradeDevBank","18","[P1Y]","[, WorldBankProjection]","[USDollar]","[]"
"2001","AmountInterestRepayment_Debt_PrivateCreditor_PubliclyGuaranteed_LongTermExternalDebt_LenderCountrySWZ","5","[P1Y]","[]","[USDollar]","[]"
"1983","AmountInterestRepayment_Debt_OfficialCreditor_PubliclyGuaranteed_LongTermExternalDebt_LenderCountrySLV","7","[P1Y]","[]","[USDollar]","[]"
"1991","AmountInterestRepayment_Debt_PrivateCreditor_PubliclyGuaranteed_WorldBankOtherPrivate_LongTermExternalDebt_LenderCountryRUS","31","[P1Y]","[, WorldBankProjection]","[USDollar]","[]"
"1995","AmountInterestRepayment_Debt_LongTermExternalDebt_LenderCountryPRY","5","[P1Y]","[]","[USDollar]","[]"
"1970","AmountInterestRepayment_Debt_OfficialCreditor_PubliclyGuaranteed_LongTermExternalDebt_LenderEuropeanDevelopmentFund","75","[P1Y]","[, WorldBankProjection]","[USDollar]","[]"
"2003","AmountInterestRepayment_Debt_PubliclyGuaranteed_LongTermExternalDebt_LenderCountryVCT","6","[P1Y]","[, WorldBankProjection]","[USDollar]","[]"
"1987","AmountInterestRepayment_Debt_PrivateCreditor_PubliclyGuaranteed_WorldBankOtherPrivate_LongTermExternalDebt_LenderCountryLBY","5","[P1Y]","[]","[USDollar]","[]"
"1975","AmountInterestRepayment_Debt_OfficialCreditor_PubliclyGuaranteed_Bilateral_LongTermExternalDebt_LenderCountryPER","10","[P1Y]","[]","[USDollar]","[]"
"1989","AmountInterestRepayment_Debt_OfficialCreditor_PubliclyGuaranteed_Multilateral_LongTermExternalDebt_LenderEconCommoftheGreatLakesCountries","7","[P1Y]","[]","[USDollar]","[]"
"1973","AmountInterestRepayment_Debt_LongTermExternalDebt_LenderCountryPRT","27","[P1Y]","[, WorldBankProjection]","[USDollar]","[]"
"1970","AmountInterestRepayment_Debt_OfficialCreditor_PubliclyGuaranteed_LongTermExternalDebt_LenderCountryBHR","5","[P1Y]","[]","[USDollar]","[]"
"1999","AmountInterestRepayment_Debt_LongTermExternalDebt_LenderCountryCYP","19","[P1Y]","[]","[USDollar]","[]"
"2004","AmountInterestRepayment_Debt_OfficialCreditor_PubliclyGuaranteed_LongTermExternalDebt_LenderCountryBHS","6","[P1Y]","[]","[USDollar]","[]"
"1970","AmountInterestRepayment_Debt_OfficialCreditor_PubliclyGuaranteed_LongTermExternalDebt_LenderMultipleLenders","85","[P1Y]","[, WorldBankProjection]","[USDollar]","[]"
"1984","AmountInterestRepayment_Debt_OfficialCreditor_PubliclyGuaranteed_Bilateral_LongTermExternalDebt_LenderCountryGTM","9","[P1Y]","[]","[USDollar]","[]"
"1972","AmountInterestRepayment_Debt_LongTermExternalDebt_LenderCountryCYM","18","[P1Y]","[, WorldBankProjection]","[USDollar]","[]"
"1982","AmountInterestRepayment_Debt_LongTermExternalDebt_LenderCountryPRI","7","[P1Y]","[]","[USDollar]","[]"
"1982","AmountInterestRepayment_Debt_PrivateCreditor_PubliclyGuaranteed_WorldBankOtherPrivate_LongTermExternalDebt_LenderCountryLBR","9","[P1Y]","[]","[USDollar]","[]"
"1973","AmountInterestRepayment_Debt_PubliclyGuaranteed_LongTermExternalDebt_LenderCorporacionAndinadeFomento","16","[P1Y]","[, WorldBankProjection]","[USDollar]","[]"
"1980","AmountInterestRepayment_Debt_LongTermExternalDebt_LenderCountryPRK","14","[P1Y]","[, WorldBankProjection]","[USDollar]","[]"
"2014","AmountInterestRepayment_Debt_OfficialCreditor_Concessional_PubliclyGuaranteed_Multilateral_LongTermExternalDebt_LenderWorldTradeOrganization","7","[P1Y]","[]","[USDollar]","[]"
"1970","AmountInterestRepayment_Debt_LongTermExternalDebt_LenderCouncilofEurope","15","[P1Y]","[, WorldBankProjection]","[USDollar]","[]"
"1976","AmountInterestRepayment_Debt_OfficialCreditor_Concessional_PubliclyGuaranteed_Multilateral_LongTermExternalDebt_LenderArabLeague","13","[P1Y]","[]","[USDollar]","[]"
"1980","AmountInterestRepayment_Debt_OfficialCreditor_PubliclyGuaranteed_Bilateral_LongTermExternalDebt_LenderCountryAGO","15","[P1Y]","[, WorldBankProjection]","[USDollar]","[]"
"1972","AmountInterestRepayment_Debt_PrivateCreditor_PubliclyGuaranteed_WorldBankOtherPrivate_LongTermExternalDebt_LenderCountryLBN","13","[P1Y]","[]","[USDollar]","[]"
"2013","AmountInterestRepayment_Debt_PubliclyGuaranteed_LongTermExternalDebt_LenderCountryKNA","6","[P1Y]","[, WorldBankProjection]","[USDollar]","[]"
"1994","AmountInterestRepayment_Debt_PrivateCreditor_PubliclyGuaranteed_CommercialBank_LongTermExternalDebt_LenderCountryMAR","12","[P1Y]","[, WorldBankProjection]","[USDollar]","[]"
"2014","AmountInterestRepayment_Debt_OfficialCreditor_PubliclyGuaranteed_Multilateral_LongTermExternalDebt_LenderBolivarianAlliancefortheAmericas","6","[P1Y]","[, WorldBankProjection]","[USDollar]","[]"
"1970","AmountInterestRepayment_Debt_LongTermExternalDebt_LenderCountryNOR","69","[P1Y]","[, WorldBankProjection]","[USDollar]","[]"
"1970","AmountInterestRepayment_Debt_PubliclyGuaranteed_LongTermExternalDebt_LenderCountryZMB","9","[P1Y]","[]","[USDollar]","[]"
"1977","AmountInterestRepayment_Debt_PubliclyGuaranteed_LongTermExternalDebt_LenderCountryKOR","71","[P1Y]","[, WorldBankProjection]","[USDollar]","[]"
"2013","AmountInterestRepayment_Debt_PrivateCreditor_PubliclyGuaranteed_LongTermExternalDebt_LenderCountryVCT","6","[P1Y]","[, WorldBankProjection]","[USDollar]","[]"
"1985","AmountInterestRepayment_Debt_PrivateCreditor_PubliclyGuaranteed_CommercialBank_LongTermExternalDebt_LenderCountryMAC","5","[P1Y]","[]","[USDollar]","[]"
"1970","AmountInterestRepayment_Debt_PubliclyGuaranteed_LongTermExternalDebt_LenderGermanDemRep","54","[P1Y]","[]","[USDollar]","[]"
"2013","AmountInterestRepayment_Debt_PrivateCreditor_PubliclyGuaranteed_LongTermExternalDebt_LenderCountryKNA","6","[P1Y]","[, WorldBankProjection]","[USDollar]","[]"
"1970","AmountInterestRepayment_Debt_LongTermExternalDebt_LenderCentralAmericanBankforEconIntegration","17","[P1Y]","[, WorldBankProjection]","[USDollar]","[]"
"2011","AmountInterestRepayment_Debt_OfficialCreditor_PubliclyGuaranteed_Multilateral_LongTermExternalDebt_LenderEurasianDevelopmentBank","11","[P1Y]","[, WorldBankProjection]","[USDollar]","[]"
"1970","AmountInterestRepayment_Debt_PrivateCreditor_PubliclyGuaranteed_WorldBankOtherPrivate_LongTermExternalDebt_LenderCountryROU","36","[P1Y]","[]","[USDollar]","[]"
"2008","AmountInterestRepayment_Debt_OfficialCreditor_Concessional_PubliclyGuaranteed_Multilateral_LongTermExternalDebt_LenderUNGeneralAssembly","7","[P1Y]","[]","[USDollar]","[]"
"1970","AmountInterestRepayment_Debt_LongTermExternalDebt_LenderCountryAUT","95","[P1Y]","[, WorldBankProjection]","[USDollar]","[]"
"1970","AmountInterestRepayment_Debt_LongTermExternalDebt_LenderCountryAUS","50","[P1Y]","[, WorldBankProjection]","[USDollar]","[]"
"1971","AmountInterestRepayment_Debt_OfficialCreditor_Concessional_PubliclyGuaranteed_Multilateral_LongTermExternalDebt_LenderAsianDevBank","40","[P1Y]","[]","[USDollar]","[]"
"1993","AmountInterestRepayment_Debt_LongTermExternalDebt_LenderCountryCZE","51","[P1Y]","[, WorldBankProjection]","[USDollar]","[]"
"2008","AmountInterestRepayment_Debt_OfficialCreditor_PubliclyGuaranteed_LongTermExternalDebt_LenderCountryBIH","6","[P1Y]","[]","[USDollar]","[]"
"1970","AmountInterestRepayment_Debt_OfficialCreditor_PubliclyGuaranteed_LongTermExternalDebt_LenderCountryHUN","49","[P1Y]","[, WorldBankProjection]","[USDollar]","[]"
"1995","AmountInterestRepayment_Debt_LongTermExternalDebt_LenderCountryLKA","7","[P1Y]","[, WorldBankProjection]","[USDollar]","[]"
"1973","AmountInterestRepayment_Debt_PrivateCreditor_PubliclyGuaranteed_CommercialBank_LongTermExternalDebt_LenderCountryHUN","17","[P1Y]","[]","[USDollar]","[]"
"1985","AmountInterestRepayment_Debt_PrivateCreditor_PubliclyGuaranteed_WorldBankOtherPrivate_LongTermExternalDebt_LenderCountryTUN","5","[P1Y]","[]","[USDollar]","[]"
"1976","AmountInterestRepayment_Debt_OfficialCreditor_Concessional_PubliclyGuaranteed_Bilateral_LongTermExternalDebt_LenderCountryVEN","15","[P1Y]","[, WorldBankProjection]","[USDollar]","[]"
"2004","AmountInterestRepayment_Debt_OfficialCreditor_PubliclyGuaranteed_LongTermExternalDebt_LenderInternationalCoffeeOrganization","7","[P1Y]","[]","[USDollar]","[]"
"1981","AmountInterestRepayment_Debt_PubliclyGuaranteed_LongTermExternalDebt_LenderDevBankoftheCentralAfricanStates","16","[P1Y]","[, WorldBankProjection]","[USDollar]","[]"
"2013","AmountInterestRepayment_Debt_OfficialCreditor_PubliclyGuaranteed_LongTermExternalDebt_LenderCountryHRV","5","[P1Y]","[]","[USDollar]","[]"
"2012","AmountInterestRepayment_Debt_OfficialCreditor_PubliclyGuaranteed_Multilateral_LongTermExternalDebt_LenderAfricanExportImportBank","31","[P1Y]","[, WorldBankProjection]","[USDollar]","[]"
"1979","AmountInterestRepayment_Debt_LongTermExternalDebt_LenderArabMonetaryFund","23","[P1Y]","[, WorldBankProjection]","[USDollar]","[]"
"1970","AmountInterestRepayment_Debt_PrivateCreditor_PubliclyGuaranteed_CommercialBank_LongTermExternalDebt_LenderCountryBHS","33","[P1Y]","[, WorldBankProjection]","[USDollar]","[]"
"2011","AmountInterestRepayment_Debt_OfficialCreditor_Concessional_PubliclyGuaranteed_Multilateral_LongTermExternalDebt_LenderPlataBasinFinancialDevFund","8","[P1Y]","[]","[USDollar]","[]"
"1996","AmountInterestRepayment_Debt_OfficialCreditor_PubliclyGuaranteed_Bilateral_LongTermExternalDebt_LenderCountryCMR","11","[P1Y]","[, WorldBankProjection]","[USDollar]","[]"
"1977","AmountInterestRepayment_Debt_PrivateCreditor_PubliclyGuaranteed_CommercialBank_LongTermExternalDebt_LenderCountryBHR","28","[P1Y]","[, WorldBankProjection]","[USDollar]","[]"
"1973","AmountInterestRepayment_Debt_OfficialCreditor_PubliclyGuaranteed_Multilateral_LongTermExternalDebt_LenderCorporacionAndinadeFomento","16","[P1Y]","[, WorldBankProjection]","[USDollar]","[]"
"1970","AmountInterestRepayment_Debt_PubliclyGuaranteed_LongTermExternalDebt_LenderArabBankforEconomicDevinAfrica","51","[P1Y]","[, WorldBankProjection]","[USDollar]","[]"
"1998","AmountInterestRepayment_Debt_OfficialCreditor_Concessional_PubliclyGuaranteed_Bilateral_LongTermExternalDebt_LenderCountryKOR","56","[P1Y]","[, WorldBankProjection]","[USDollar]","[]"
"1977","AmountInterestRepayment_Debt_OfficialCreditor_PubliclyGuaranteed_Bilateral_LongTermExternalDebt_LenderCountryGUY","7","[P1Y]","[]","[USDollar]","[]"
"1997","AmountInterestRepayment_Debt_OfficialCreditor_PubliclyGuaranteed_LongTermExternalDebt_LenderCountryUKR","5","[P1Y]","[]","[USDollar]","[]"
"1980","AmountInterestRepayment_Debt_OfficialCreditor_PubliclyGuaranteed_LongTermExternalDebt_LenderCountrySGP","15","[P1Y]","[]","[USDollar]","[]"
"1989","AmountInterestRepayment_Debt_PrivateCreditor_PubliclyGuaranteed_WorldBankOtherPrivate_LongTermExternalDebt_LenderCountryTTO","8","[P1Y]","[, WorldBankProjection]","[USDollar]","[]"
"1975","AmountInterestRepayment_Debt_OfficialCreditor_PubliclyGuaranteed_Multilateral_LongTermExternalDebt_LenderArabFundforEconomicSocialDevelopment","30","[P1Y]","[, WorldBankProjection]","[USDollar]","[]"
"1970","AmountInterestRepayment_Debt_PrivateCreditor_PubliclyGuaranteed_LongTermExternalDebt_LenderCountryGBR","113","[P1Y]","[, WorldBankProjection]","[USDollar]","[]"
"1970","AmountInterestRepayment_Debt_LongTermExternalDebt_LenderCountryNLD","96","[P1Y]","[, WorldBankProjection]","[USDollar]","[]"
"1970","AmountInterestRepayment_Debt_PrivateCreditor_PubliclyGuaranteed_CommercialBank_LongTermExternalDebt_LenderCountryDNK","36","[P1Y]","[, WorldBankProjection]","[USDollar]","[]"
"1988","AmountInterestRepayment_Debt_OfficialCreditor_PubliclyGuaranteed_Multilateral_LongTermExternalDebt_LenderInternationalBankforEconomicCooperation","13","[P1Y]","[, WorldBankProjection]","[USDollar]","[]"
"1970","AmountInterestRepayment_Debt_PrivateCreditor_PubliclyGuaranteed_Bond_LongTermExternalDebt_LenderBondholders","102","[P1Y]","[, WorldBankProjection]","[USDollar]","[]"
"2003","AmountInterestRepayment_Debt_OfficialCreditor_PubliclyGuaranteed_Multilateral_LongTermExternalDebt_LenderEuropeanUnion","20","[P1Y]","[, WorldBankProjection]","[USDollar]","[]"
"1972","AmountInterestRepayment_Debt_LongTermExternalDebt_LenderCountryTZA","11","[P1Y]","[]","[USDollar]","[]"
"1993","AmountInterestRepayment_Debt_OfficialCreditor_PubliclyGuaranteed_LongTermExternalDebt_LenderEuropeanBankforReconstructionandDev","31","[P1Y]","[, WorldBankProjection]","[USDollar]","[]"
"1978","AmountInterestRepayment_Debt_LongTermExternalDebt_LenderCountryRUS","78","[P1Y]","[, WorldBankProjection]","[USDollar]","[]"
"1978","AmountInterestRepayment_Debt_OfficialCreditor_Concessional_PubliclyGuaranteed_Multilateral_LongTermExternalDebt_LenderEuropeanEconomicCommunity","50","[P1Y]","[]","[USDollar]","[]"
"1970","AmountInterestRepayment_Debt_OfficialCreditor_PubliclyGuaranteed_LongTermExternalDebt_LenderCountryBGR","38","[P1Y]","[, WorldBankProjection]","[USDollar]","[]"
"1976","AmountInterestRepayment_Debt_PubliclyGuaranteed_LongTermExternalDebt_LenderArabLeague","13","[P1Y]","[]","[USDollar]","[]"
"1970","AmountInterestRepayment_Debt_PrivateCreditor_PubliclyGuaranteed_CommercialBank_LongTermExternalDebt_LenderCountryFRA","98","[P1Y]","[, WorldBankProjection]","[USDollar]","[]"
"1970","AmountInterestRepayment_Debt_OfficialCreditor_Concessional_PubliclyGuaranteed_Multilateral_LongTermExternalDebt","131","[P1Y]","[]","[USDollar]","[]"
"2007","AmountInterestRepayment_Debt_LongTermExternalDebt_LenderArabTownsOrganization","6","[P1Y]","[]","[USDollar]","[]"
"1974","AmountInterestRepayment_Debt_PrivateCreditor_PubliclyGuaranteed_WorldBankOtherPrivate_LongTermExternalDebt_LenderCountryTUR","14","[P1Y]","[, WorldBankProjection]","[USDollar]","[]"
"2009","AmountInterestRepayment_Debt_PrivateCreditor_PubliclyGuaranteed_LongTermExternalDebt_LenderCountryLCA","7","[P1Y]","[, WorldBankProjection]","[USDollar]","[]"
"1979","AmountInterestRepayment_Debt_PrivateCreditor_PubliclyGuaranteed_LongTermExternalDebt_LenderCountryNGA","7","[P1Y]","[]","[USDollar]","[]"
"1970","AmountInterestRepayment_Debt_OfficialCreditor_PubliclyGuaranteed_LongTermExternalDebt_LenderCountryNLD","85","[P1Y]","[, WorldBankProjection]","[USDollar]","[]"
"1970","AmountInterestRepayment_Debt_LongTermExternalDebt_LenderCountrySLV","9","[P1Y]","[]","[USDollar]","[]"
"1986","AmountInterestRepayment_Debt_PrivateCreditor_PubliclyGuaranteed_CommercialBank_LongTermExternalDebt_LenderCountryLBR","12","[P1Y]","[]","[USDollar]","[]"
"2009","AmountInterestRepayment_Debt_PrivateCreditor_PubliclyGuaranteed_CommercialBank_LongTermExternalDebt_LenderCountryLCA","7","[P1Y]","[, WorldBankProjection]","[USDollar]","[]"
"1986","AmountInterestRepayment_Debt_PrivateCreditor_PubliclyGuaranteed_LongTermExternalDebt_LenderCountryLBY","8","[P1Y]","[]","[USDollar]","[]"
"1979","AmountInterestRepayment_Debt_PrivateCreditor_PubliclyGuaranteed_CommercialBank_LongTermExternalDebt_LenderCountryNGA","7","[P1Y]","[]","[USDollar]","[]"
"1986","AmountInterestRepayment_Debt_PrivateCreditor_PubliclyGuaranteed_CommercialBank_LongTermExternalDebt_LenderCountryLBY","8","[P1Y]","[]","[USDollar]","[]"
"1972","AmountInterestRepayment_Debt_PrivateCreditor_PubliclyGuaranteed_LongTermExternalDebt_LenderCountryLBN","16","[P1Y]","[]","[USDollar]","[]"
"1970","AmountInterestRepayment_Debt_PubliclyGuaranteed_LongTermExternalDebt_LenderCountryCAN","83","[P1Y]","[, WorldBankProjection]","[USDollar]","[]"
"1975","AmountInterestRepayment_Debt_OfficialCreditor_PubliclyGuaranteed_LongTermExternalDebt_LenderCountryARE","78","[P1Y]","[, WorldBankProjection]","[USDollar]","[]"
"1970","AmountInterestRepayment_Debt_OfficialCreditor_PubliclyGuaranteed_Bilateral_LongTermExternalDebt_LenderCountryUSA","112","[P1Y]","[, WorldBankProjection]","[USDollar]","[]"
"1970","AmountInterestRepayment_Debt_LongTermExternalDebt_LenderCountryDNK","68","[P1Y]","[, WorldBankProjection]","[USDollar]","[]"
"1970","AmountInterestRepayment_Debt_OfficialCreditor_PubliclyGuaranteed_LongTermExternalDebt_LenderCountryARG","27","[P1Y]","[]","[USDollar]","[]"
"1982","AmountInterestRepayment_Debt_PrivateCreditor_PubliclyGuaranteed_LongTermExternalDebt_LenderCountryLBR","13","[P1Y]","[]","[USDollar]","[]"
"1976","AmountInterestRepayment_Debt_OfficialCreditor_PubliclyGuaranteed_Multilateral_LongTermExternalDebt_LenderLatinAmericanAgribusinessDevCorp","10","[P1Y]","[]","[USDollar]","[]"
"1974","AmountInterestRepayment_Debt_PrivateCreditor_PubliclyGuaranteed_CommercialBank_LongTermExternalDebt_LenderCountryLBN","6","[P1Y]","[]","[USDollar]","[]"
"1976","AmountInterestRepayment_Debt_OfficialCreditor_Concessional_PubliclyGuaranteed_Bilateral_LongTermExternalDebt_LenderCountryBGR","14","[P1Y]","[]","[USDollar]","[]"
"1997","AmountInterestRepayment_Debt_OfficialCreditor_PubliclyGuaranteed_LongTermExternalDebt_LenderCountryARM","8","[P1Y]","[, WorldBankProjection]","[USDollar]","[]"
"1970","AmountInterestRepayment_Debt_PubliclyGuaranteed_LongTermExternalDebt_LenderCountryIND","89","[P1Y]","[, WorldBankProjection]","[USDollar]","[]"
"1981","AmountInterestRepayment_Debt_PrivateCreditor_PubliclyGuaranteed_LongTermExternalDebt_LenderCountryTTO","13","[P1Y]","[, WorldBankProjection]","[USDollar]","[]"
"1970","AmountInterestRepayment_Debt_LongTermExternalDebt_LenderCountryMAR","18","[P1Y]","[, WorldBankProjection]","[USDollar]","[]"
"1978","AmountInterestRepayment_Debt_OfficialCreditor_PubliclyGuaranteed_LongTermExternalDebt_LenderCountryRUS","74","[P1Y]","[, WorldBankProjection]","[USDollar]","[]"
"1985","AmountInterestRepayment_Debt_LongTermExternalDebt_LenderCountryMAC","7","[P1Y]","[]","[USDollar]","[]"
"2004","AmountInterestRepayment_Debt_OfficialCreditor_PubliclyGuaranteed_Bilateral_LongTermExternalDebt_LenderCountryURY","9","[P1Y]","[]","[USDollar]","[]"
"1970","AmountInterestRepayment_Debt_PrivateCreditor_PubliclyGuaranteed_LongTermExternalDebt_LenderCountryROU","36","[P1Y]","[]","[USDollar]","[]"
"1970","AmountInterestRepayment_Debt_OfficialCreditor_PubliclyGuaranteed_Multilateral_LongTermExternalDebt_LenderInternationalFinanceCorporation","35","[P1Y]","[, WorldBankProjection]","[USDollar]","[]"
"1995","AmountInterestRepayment_Debt_OfficialCreditor_PubliclyGuaranteed_Bilateral_LongTermExternalDebt_LenderCountryBLR","16","[P1Y]","[, WorldBankProjection]","[USDollar]","[]"
"1973","AmountInterestRepayment_Debt_PubliclyGuaranteed_LongTermExternalDebt_LenderWestAfricanMonetaryUnion","12","[P1Y]","[]","[USDollar]","[]"
"1981","AmountInterestRepayment_Debt_PrivateCreditor_PubliclyGuaranteed_CommercialBank_LongTermExternalDebt_LenderCountryROU","6","[P1Y]","[]","[USDollar]","[]"
"1975","AmountInterestRepayment_Debt_OfficialCreditor_Concessional_PubliclyGuaranteed_Multilateral_LongTermExternalDebt_LenderArabBankforEconomicDevinAfrica","45","[P1Y]","[]","[USDollar]","[]"
"2003","AmountInterestRepayment_Debt_OfficialCreditor_PubliclyGuaranteed_Bilateral_LongTermExternalDebt_LenderCountryBLZ","6","[P1Y]","[, WorldBankProjection]","[USDollar]","[]"
"1970","AmountInterestRepayment_Debt_PrivateCreditor_PubliclyGuaranteed_CommercialBank_LongTermExternalDebt_LenderCountryESP","58","[P1Y]","[, WorldBankProjection]","[USDollar]","[]"
"1973","AmountInterestRepayment_Debt_OfficialCreditor_PubliclyGuaranteed_LongTermExternalDebt_LenderWestAfricanMonetaryUnion","12","[P1Y]","[]","[USDollar]","[]"
"1982","AmountInterestRepayment_Debt_PubliclyGuaranteed_LongTermExternalDebt_LenderNordicInvestmentBank","35","[P1Y]","[, WorldBankProjection]","[USDollar]","[]"
"1983","AmountInterestRepayment_Debt_PrivateCreditor_PubliclyGuaranteed_CommercialBank_LongTermExternalDebt_LenderCountryCOL","11","[P1Y]","[]","[USDollar]","[]"
"1970","AmountInterestRepayment_Debt_PubliclyGuaranteed_LongTermExternalDebt_LenderCountryGHA","11","[P1Y]","[]","[USDollar]","[]"
"2008","AmountInterestRepayment_Debt_OfficialCreditor_PubliclyGuaranteed_Multilateral_LongTermExternalDebt_LenderUNGeneralAssembly","12","[P1Y]","[, WorldBankProjection]","[USDollar]","[]"
"1977","AmountInterestRepayment_Debt_OfficialCreditor_Concessional_PubliclyGuaranteed_Bilateral_LongTermExternalDebt_LenderCountryDNK","35","[P1Y]","[, WorldBankProjection]","[USDollar]","[]"
"1986","AmountInterestRepayment_Debt_OfficialCreditor_PubliclyGuaranteed_LongTermExternalDebt_LenderCountryCUB","13","[P1Y]","[]","[USDollar]","[]"
"1970","AmountInterestRepayment_Debt_PrivateCreditor_PubliclyGuaranteed_LongTermExternalDebt_LenderCountryESP","75","[P1Y]","[, WorldBankProjection]","[USDollar]","[]"
"1977","AmountInterestRepayment_Debt_PrivateCreditor_PubliclyGuaranteed_LongTermExternalDebt_LenderCountryCOL","12","[P1Y]","[]","[USDollar]","[]"
"1970","AmountInterestRepayment_Debt_PubliclyGuaranteed_LongTermExternalDebt_LenderAfricanDevBank","59","[P1Y]","[, WorldBankProjection]","[USDollar]","[]"
"1970","AmountInterestRepayment_Debt_OfficialCreditor_PubliclyGuaranteed_Bilateral_LongTermExternalDebt_LenderCountryMEX","22","[P1Y]","[]","[USDollar]","[]"
"1972","AmountInterestRepayment_Debt_PrivateCreditor_PubliclyGuaranteed_LongTermExternalDebt_LenderCountryCOD","8","[P1Y]","[]","[USDollar]","[]"
"1970","AmountInterestRepayment_Debt_OfficialCreditor_Concessional_PubliclyGuaranteed_Bilateral_LongTermExternalDebt_LenderCountryFRA","101","[P1Y]","[, WorldBankProjection]","[USDollar]","[]"
"1978","AmountInterestRepayment_Debt_PubliclyGuaranteed_LongTermExternalDebt_LenderCountryECU","9","[P1Y]","[]","[USDollar]","[]"
"1976","AmountInterestRepayment_Debt_LongTermExternalDebt_LenderArabLeague","13","[P1Y]","[]","[USDollar]","[]"
"2004","AmountInterestRepayment_Debt_OfficialCreditor_PubliclyGuaranteed_LongTermExternalDebt_LenderCountryJAM","7","[P1Y]","[]","[USDollar]","[]"
"1970","AmountInterestRepayment_Debt_LongTermExternalDebt_LenderCountryBHS","37","[P1Y]","[, WorldBankProjection]","[USDollar]","[]"
"1970","AmountInterestRepayment_Debt_LongTermExternalDebt_LenderCountryBHR","33","[P1Y]","[, WorldBankProjection]","[USDollar]","[]"
"1972","AmountInterestRepayment_Debt_PrivateCreditor_PubliclyGuaranteed_CommercialBank_LongTermExternalDebt_LenderCountryCOD","8","[P1Y]","[]","[USDollar]","[]"
"1970","AmountInterestRepayment_Debt_PubliclyGuaranteed_LongTermExternalDebt_LenderCountryVEN","34","[P1Y]","[, WorldBankProjection]","[USDollar]","[]"
"1976","AmountInterestRepayment_Debt_PrivateCreditor_PubliclyGuaranteed_LongTermExternalDebt_LenderCountryPHL","6","[P1Y]","[]","[USDollar]","[]"
"1970","AmountInterestRepayment_Debt_LongTermExternalDebt_LenderCountryFRA","127","[P1Y]","[, WorldBankProjection]","[USDollar]","[]"
"1970","AmountInterestRepayment_Debt_LongTermExternalDebt_LenderAsianDevBank","43","[P1Y]","[, WorldBankProjection]","[USDollar]","[]"
"2004","AmountInterestRepayment_Debt_PubliclyGuaranteed_LongTermExternalDebt_LenderCountryGIB","5","[P1Y]","[]","[USDollar]","[]"
"1991","AmountInterestRepayment_Debt_PrivateCreditor_PubliclyGuaranteed_LongTermExternalDebt_LenderCountryCPV","9","[P1Y]","[]","[USDollar]","[]"
"1974","AmountInterestRepayment_Debt_PubliclyGuaranteed_LongTermExternalDebt_LenderEconomicCommunityofWestAfricanStates","24","[P1Y]","[, WorldBankProjection]","[USDollar]","[]"
"2013","AmountInterestRepayment_Debt_OfficialCreditor_Concessional_PubliclyGuaranteed_Bilateral_LongTermExternalDebt_LenderCountryHUN","16","[P1Y]","[, WorldBankProjection]","[USDollar]","[]"
"2000","AmountInterestRepayment_Debt_PubliclyGuaranteed_LongTermExternalDebt_LenderCountryMUS","16","[P1Y]","[, WorldBankProjection]","[USDollar]","[]"
"2019","AmountInterestRepayment_Debt_OfficialCreditor_PubliclyGuaranteed_LongTermExternalDebt_LenderNordicEnvironmentFinanceCorporation","6","[P1Y]","[, WorldBankProjection]","[USDollar]","[]"
"1970","AmountInterestRepayment_Debt_PrivateCreditor_PubliclyGuaranteed_WorldBankOtherPrivate_LongTermExternalDebt_LenderCountryVEN","16","[P1Y]","[]","[USDollar]","[]"
"1970","AmountInterestRepayment_Debt_OfficialCreditor_PubliclyGuaranteed_LongTermExternalDebt_LenderCountryPOL","45","[P1Y]","[, WorldBankProjection]","[USDollar]","[]"
"1975","AmountInterestRepayment_Debt_PubliclyGuaranteed_LongTermExternalDebt_LenderUNDevelopmentProgramme","14","[P1Y]","[]","[USDollar]","[]"
"1996","AmountInterestRepayment_Debt_OfficialCreditor_PubliclyGuaranteed_Bilateral_LongTermExternalDebt_LenderCountryMDA","5","[P1Y]","[]","[USDollar]","[]"
"2008","AmountInterestRepayment_Debt_LongTermExternalDebt_LenderCountryBIH","8","[P1Y]","[, WorldBankProjection]","[USDollar]","[]"
"1970","AmountInterestRepayment_Debt_LongTermExternalDebt_LenderCountryHUN","51","[P1Y]","[, WorldBankProjection]","[USDollar]","[]"
"1982","AmountInterestRepayment_Debt_OfficialCreditor_Concessional_PubliclyGuaranteed_Multilateral_LongTermExternalDebt_LenderWestAfricanMonetaryUnion","7","[P1Y]","[]","[USDollar]","[]"
"1974","AmountInterestRepayment_Debt_LongTermExternalDebt_LenderEconomicCommunityofWestAfricanStates","24","[P1Y]","[, WorldBankProjection]","[USDollar]","[]"
"1977","AmountInterestRepayment_Debt_PrivateCreditor_PubliclyGuaranteed_WorldBankOtherPrivate_LongTermExternalDebt_LenderCountryKOR","38","[P1Y]","[, WorldBankProjection]","[USDollar]","[]"
"1972","AmountInterestRepayment_Debt_PubliclyGuaranteed_LongTermExternalDebt_LenderCountryIRL","28","[P1Y]","[, WorldBankProjection]","[USDollar]","[]"
"2023","AmountInterestRepayment_Debt_OfficialCreditor_Concessional_PubliclyGuaranteed_Bilateral_LongTermExternalDebt_LenderCountryQAT","11","[P1Y]","[, WorldBankProjection]","[USDollar]","[]"
"1981","AmountInterestRepayment_Debt_LongTermExternalDebt_LenderUNRegularProgrammeofTechnicalCoop","8","[P1Y]","[]","[USDollar]","[]"
"1970","AmountInterestRepayment_Debt_PubliclyGuaranteed_LongTermExternalDebt_LenderCountryIRN","32","[P1Y]","[, WorldBankProjection]","[USDollar]","[]"
"1970","AmountInterestRepayment_Debt_PrivateCreditor_PubliclyGuaranteed_LongTermExternalDebt_LenderCountryPOL","38","[P1Y]","[, WorldBankProjection]","[USDollar]","[]"
"1970","AmountInterestRepayment_Debt_OfficialCreditor_PubliclyGuaranteed_Bilateral_LongTermExternalDebt_LenderCountryZAF","35","[P1Y]","[, WorldBankProjection]","[USDollar]","[]"
"1989","AmountInterestRepayment_Debt_OfficialCreditor_PubliclyGuaranteed_Bilateral_LongTermExternalDebt_LenderCountryBRN","7","[P1Y]","[]","[USDollar]","[]"
"2024","AmountInterestRepayment_Debt_PubliclyGuaranteed_LongTermExternalDebt_LenderCountryGNQ","7","[P1Y]","[WorldBankProjection]","[USDollar]","[]"
"1973","AmountInterestRepayment_Debt_PubliclyGuaranteed_LongTermExternalDebt_LenderCountryIRQ","38","[P1Y]","[, WorldBankProjection]","[USDollar]","[]"
"1972","AmountInterestRepayment_Debt_PubliclyGuaranteed_LongTermExternalDebt_LenderCountryTHA","17","[P1Y]","[, WorldBankProjection]","[USDollar]","[]"
"1977","AmountInterestRepayment_Debt_PubliclyGuaranteed_LongTermExternalDebt_LenderOPECFundforInternationalDev","111","[P1Y]","[, WorldBankProjection]","[USDollar]","[]"
"1975","AmountInterestRepayment_Debt_OfficialCreditor_PubliclyGuaranteed_LongTermExternalDebt_LenderCountryTTO","14","[P1Y]","[, WorldBankProjection]","[USDollar]","[]"
"1970","AmountInterestRepayment_Debt_OfficialCreditor_PubliclyGuaranteed_LongTermExternalDebt_LenderCountryROU","42","[P1Y]","[, WorldBankProjection]","[USDollar]","[]"
"1982","AmountInterestRepayment_Debt_OfficialCreditor_PubliclyGuaranteed_LongTermExternalDebt_LenderCountryCRI","11","[P1Y]","[]","[USDollar]","[]"
"2018","AmountInterestRepayment_Debt_PubliclyGuaranteed_LongTermExternalDebt_LenderOrgofArabPetroleumExportingCountries","5","[P1Y]","[]","[USDollar]","[]"
"1996","AmountInterestRepayment_Debt_LongTermExternalDebt_LenderCountryMDA","5","[P1Y]","[]","[USDollar]","[]"
"1985","AmountInterestRepayment_Debt_PrivateCreditor_PubliclyGuaranteed_WorldBankOtherPrivate_LongTermExternalDebt_LenderCountryIDN","5","[P1Y]","[]","[USDollar]","[]"
"1984","AmountInterestRepayment_Debt_PrivateCreditor_PubliclyGuaranteed_WorldBankOtherPrivate_LongTermExternalDebt_LenderCountryMLT","5","[P1Y]","[]","[USDollar]","[]"
"1977","AmountInterestRepayment_Debt_OfficialCreditor_PubliclyGuaranteed_Bilateral_LongTermExternalDebt_LenderCountryBRB","11","[P1Y]","[, WorldBankProjection]","[USDollar]","[]"
"1972","AmountInterestRepayment_Debt_OfficialCreditor_PubliclyGuaranteed_Bilateral_LongTermExternalDebt_LenderCountryBRA","42","[P1Y]","[, WorldBankProjection]","[USDollar]","[]"
"1976","AmountInterestRepayment_Debt_PubliclyGuaranteed_LongTermExternalDebt_LenderCountryTGO","10","[P1Y]","[]","[USDollar]","[]"
"1989","AmountInterestRepayment_Debt_PubliclyGuaranteed_LongTermExternalDebt_LenderCountryISL","5","[P1Y]","[]","[USDollar]","[]"
"1981","AmountInterestRepayment_Debt_OfficialCreditor_PubliclyGuaranteed_LongTermExternalDebt_LenderCountryTUR","36","[P1Y]","[, WorldBankProjection]","[USDollar]","[]"
"1975","AmountInterestRepayment_Debt_OfficialCreditor_PubliclyGuaranteed_Multilateral_LongTermExternalDebt_LenderUNDevelopmentProgramme","14","[P1Y]","[]","[USDollar]","[]"
"1970","AmountInterestRepayment_Debt_PubliclyGuaranteed_LongTermExternalDebt_LenderCountryKWT","109","[P1Y]","[, WorldBankProjection]","[USDollar]","[]"
"1970","AmountInterestRepayment_Debt_PubliclyGuaranteed_LongTermExternalDebt_LenderCountryISR","56","[P1Y]","[, WorldBankProjection]","[USDollar]","[]"
"1970","AmountInterestRepayment_Debt_PrivateCreditor_PubliclyGuaranteed_LongTermExternalDebt_LenderCountryNLD","88","[P1Y]","[, WorldBankProjection]","[USDollar]","[]"
"1970","AmountInterestRepayment_Debt_PrivateCreditor_PubliclyGuaranteed_CommercialBank_LongTermExternalDebt_LenderCountryNLD","66","[P1Y]","[, WorldBankProjection]","[USDollar]","[]"
"1989","AmountInterestRepayment_Debt_OfficialCreditor_PubliclyGuaranteed_LongTermExternalDebt_LenderCountryTUN","5","[P1Y]","[]","[USDollar]","[]"
"2020","AmountInterestRepayment_Debt_OfficialCreditor_PubliclyGuaranteed_Multilateral_LongTermExternalDebt_LenderSouthAsianDevelopmentFund","7","[P1Y]","[, WorldBankProjection]","[USDollar]","[]"
"1982","AmountInterestRepayment_Debt_LongTermExternalDebt_LenderNordicInvestmentBank","35","[P1Y]","[, WorldBankProjection]","[USDollar]","[]"
"1994","AmountInterestRepayment_Debt_OfficialCreditor_PubliclyGuaranteed_Bilateral_LongTermExternalDebt_LenderCountryKAZ","11","[P1Y]","[, WorldBankProjection]","[USDollar]","[]"
"1980","AmountInterestRepayment_Debt_PrivateCreditor_PubliclyGuaranteed_CommercialBank_LongTermExternalDebt_LenderCountryPOL","12","[P1Y]","[]","[USDollar]","[]"
"1970","AmountInterestRepayment_Debt_OfficialCreditor_PubliclyGuaranteed_Bilateral_LongTermExternalDebt_LenderCountrySRB","45","[P1Y]","[, WorldBankProjection]","[USDollar]","[]"
"1978","AmountInterestRepayment_Debt_LongTermExternalDebt_LenderEuropeanEconomicCommunity","58","[P1Y]","[, WorldBankProjection]","[USDollar]","[]"
"1974","AmountInterestRepayment_Debt_LongTermExternalDebt_LenderCountryBOL","6","[P1Y]","[]","[USDollar]","[]"
"1970","AmountInterestRepayment_Debt_PrivateCreditor_PubliclyGuaranteed_LongTermExternalDebt_LenderCountryARG","31","[P1Y]","[]","[USDollar]","[]"
"1970","AmountInterestRepayment_Debt_PrivateCreditor_PubliclyGuaranteed_CommercialBank_LongTermExternalDebt_LenderCountryARG","14","[P1Y]","[]","[USDollar]","[]"
"1977","AmountInterestRepayment_Debt_PrivateCreditor_PubliclyGuaranteed_LongTermExternalDebt_LenderCountryARE","34","[P1Y]","[, WorldBankProjection]","[USDollar]","[]"
"1977","AmountInterestRepayment_Debt_PrivateCreditor_PubliclyGuaranteed_CommercialBank_LongTermExternalDebt_LenderCountryARE","31","[P1Y]","[, WorldBankProjection]","[USDollar]","[]"
"1982","AmountInterestRepayment_Debt_OfficialCreditor_PubliclyGuaranteed_LongTermExternalDebt_LenderNordicInvestmentBank","35","[P1Y]","[, WorldBankProjection]","[USDollar]","[]"
"1990","AmountInterestRepayment_Debt_OfficialCreditor_PubliclyGuaranteed_LongTermExternalDebt_LenderCountryCPV","5","[P1Y]","[]","[USDollar]","[]"
"1982","AmountInterestRepayment_Debt_PrivateCreditor_PubliclyGuaranteed_LongTermExternalDebt_LenderCountryNIC","5","[P1Y]","[]","[USDollar]","[]"
"1981","AmountInterestRepayment_Debt_OfficialCreditor_PubliclyGuaranteed_Bilateral_LongTermExternalDebt_LenderCountryKEN","7","[P1Y]","[]","[USDollar]","[]"
"1970","AmountInterestRepayment_Debt_OfficialCreditor_PubliclyGuaranteed_Multilateral_LongTermExternalDebt_LenderArabBankforEconomicDevinAfrica","51","[P1Y]","[, WorldBankProjection]","[USDollar]","[]"
"1993","AmountInterestRepayment_Debt_LongTermExternalDebt_LenderCountryURY","9","[P1Y]","[]","[USDollar]","[]"
"1984","AmountInterestRepayment_Debt_OfficialCreditor_PubliclyGuaranteed_LongTermExternalDebt_LenderFondoLatinoamericanodeReservas","8","[P1Y]","[, WorldBankProjection]","[USDollar]","[]"
"2003","AmountInterestRepayment_Debt_LongTermExternalDebt_LenderCountryBLZ","6","[P1Y]","[, WorldBankProjection]","[USDollar]","[]"
"1985","AmountInterestRepayment_Debt_PrivateCreditor_PubliclyGuaranteed_LongTermExternalDebt_LenderCountryTUN","5","[P1Y]","[]","[USDollar]","[]"
"1970","AmountInterestRepayment_Debt_OfficialCreditor_PubliclyGuaranteed_LongTermExternalDebt_LenderWorldBankIDA","119","[P1Y]","[, WorldBankProjection]","[USDollar]","[]"
"1982","AmountInterestRepayment_Debt_PrivateCreditor_PubliclyGuaranteed_CommercialBank_LongTermExternalDebt_LenderCountryNIC","5","[P1Y]","[]","[USDollar]","[]"
"1974","AmountInterestRepayment_Debt_OfficialCreditor_PubliclyGuaranteed_LongTermExternalDebt_LenderEconomicCommunityofWestAfricanStates","24","[P1Y]","[, WorldBankProjection]","[USDollar]","[]"
"1994","AmountInterestRepayment_Debt_OfficialCreditor_PubliclyGuaranteed_Bilateral_LongTermExternalDebt_LenderCountryUZB","10","[P1Y]","[]","[USDollar]","[]"
"1981","AmountInterestRepayment_Debt_PrivateCreditor_PubliclyGuaranteed_CommercialBank_LongTermExternalDebt_LenderCountryTTO","12","[P1Y]","[, WorldBankProjection]","[USDollar]","[]"
"1975","AmountInterestRepayment_Debt_PubliclyGuaranteed_LongTermExternalDebt_LenderCountryEGY","22","[P1Y]","[, WorldBankProjection]","[USDollar]","[]"
"1970","AmountInterestRepayment_Debt_PrivateCreditor_PubliclyGuaranteed_WorldBankOtherPrivate_LongTermExternalDebt_LenderCountryGBR","102","[P1Y]","[, WorldBankProjection]","[USDollar]","[]"
"1970","AmountInterestRepayment_Debt_OfficialCreditor_PubliclyGuaranteed_Bilateral_LongTermExternalDebt_LenderCountrySUN","57","[P1Y]","[]","[USDollar]","[]"
"1995","AmountInterestRepayment_Debt_LongTermExternalDebt_LenderCountryBLR","16","[P1Y]","[, WorldBankProjection]","[USDollar]","[]"
"1982","AmountInterestRepayment_Debt_OfficialCreditor_PubliclyGuaranteed_Bilateral_LongTermExternalDebt_LenderCountryOMN","12","[P1Y]","[]","[USDollar]","[]"
"1970","AmountInterestRepayment_Debt_OfficialCreditor_Concessional_PubliclyGuaranteed_Bilateral_LongTermExternalDebt_LenderCountryBEL","66","[P1Y]","[, WorldBankProjection]","[USDollar]","[]"
"2002","AmountInterestRepayment_Debt_OfficialCreditor_PubliclyGuaranteed_LongTermExternalDebt_LenderCountryNGA","12","[P1Y]","[, WorldBankProjection]","[USDollar]","[]"
"1988","AmountInterestRepayment_Debt_LongTermExternalDebt_LenderCountryMCO","5","[P1Y]","[]","[USDollar]","[]"
"1988","AmountInterestRepayment_Debt_PubliclyGuaranteed_LongTermExternalDebt_LenderCountryMYS","31","[P1Y]","[, WorldBankProjection]","[USDollar]","[]"
"2023","AmountInterestRepayment_Debt_PrivateCreditor_PubliclyGuaranteed_CommercialBank_LongTermExternalDebt_LenderArabMonetaryFund","5","[P1Y]","[, WorldBankProjection]","[USDollar]","[]"
"2014","AmountInterestRepayment_Debt_PubliclyGuaranteed_LongTermExternalDebt_LenderBolivarianAlliancefortheAmericas","6","[P1Y]","[, WorldBankProjection]","[USDollar]","[]"
"1976","AmountInterestRepayment_Debt_PubliclyGuaranteed_LongTermExternalDebt_LenderLatinAmericanAgribusinessDevCorp","10","[P1Y]","[]","[USDollar]","[]"
"1970","AmountInterestRepayment_Debt_PrivateCreditor_PubliclyGuaranteed_LongTermExternalDebt_LenderMultipleLenders","98","[P1Y]","[, WorldBankProjection]","[USDollar]","[]"
"1970","AmountInterestRepayment_Debt_LongTermExternalDebt_LenderBondholders","106","[P1Y]","[, WorldBankProjection]","[USDollar]","[]"
"1988","AmountInterestRepayment_Debt_PrivateCreditor_PubliclyGuaranteed_CommercialBank_LongTermExternalDebt_LenderCountryTUR","9","[P1Y]","[]","[USDollar]","[]"
"1970","AmountInterestRepayment_Debt_OfficialCreditor_PubliclyGuaranteed_LongTermExternalDebt_LenderCountryLBN","7","[P1Y]","[]","[USDollar]","[]"
"1970","AmountInterestRepayment_Debt_LongTermExternalDebt_LenderInterAmericanDevBank","30","[P1Y]","[, WorldBankProjection]","[USDollar]","[]"
"1995","AmountInterestRepayment_Debt_OfficialCreditor_PubliclyGuaranteed_LongTermExternalDebt_LenderEasternSouthernAfricanTradeDevBank","18","[P1Y]","[, WorldBankProjection]","[USDollar]","[]"
"1988","AmountInterestRepayment_Debt_PrivateCreditor_PubliclyGuaranteed_CommercialBank_LongTermExternalDebt_LenderCountryTUN","5","[P1Y]","[]","[USDollar]","[]"
"1970","AmountInterestRepayment_Debt_LongTermExternalDebt_LenderEuropeanDevelopmentFund","75","[P1Y]","[, WorldBankProjection]","[USDollar]","[]"
"1978","AmountInterestRepayment_Debt_PubliclyGuaranteed_LongTermExternalDebt_LenderWestAfricanDevelopmentBank","17","[P1Y]","[, WorldBankProjection]","[USDollar]","[]"
"1970","AmountInterestRepayment_Debt_OfficialCreditor_PubliclyGuaranteed_LongTermExternalDebt_LenderWorldBankIBRD","106","[P1Y]","[, WorldBankProjection]","[USDollar]","[]"
"1973","AmountInterestRepayment_Debt_OfficialCreditor_PubliclyGuaranteed_LongTermExternalDebt_LenderCountryLBY","48","[P1Y]","[, WorldBankProjection]","[USDollar]","[]"
"1974","AmountInterestRepayment_Debt_PrivateCreditor_PubliclyGuaranteed_LongTermExternalDebt_LenderCountryTUR","15","[P1Y]","[, WorldBankProjection]","[USDollar]","[]"
"1972","AmountInterestRepayment_Debt_PrivateCreditor_PubliclyGuaranteed_LongTermExternalDebt_LenderCountryJAM","7","[P1Y]","[]","[USDollar]","[]"
"1970","AmountInterestRepayment_Debt_LongTermExternalDebt_LenderCountryBMU","17","[P1Y]","[]","[USDollar]","[]"
"1970","AmountInterestRepayment_Debt_LongTermExternalDebt_LenderCountryUSA","123","[P1Y]","[, WorldBankProjection]","[USDollar]","[]"
"1972","AmountInterestRepayment_Debt_PrivateCreditor_PubliclyGuaranteed_CommercialBank_LongTermExternalDebt_LenderCountryJAM","7","[P1Y]","[]","[USDollar]","[]"
"1991","AmountInterestRepayment_Debt_PubliclyGuaranteed_LongTermExternalDebt_LenderCountryGMB","5","[P1Y]","[]","[USDollar]","[]"
"1981","AmountInterestRepayment_Debt_PubliclyGuaranteed_LongTermExternalDebt_LenderUNRegularProgrammeofTechnicalCoop","8","[P1Y]","[]","[USDollar]","[]"
"1995","AmountInterestRepayment_Debt_PrivateCreditor_PubliclyGuaranteed_CommercialBank_LongTermExternalDebt_LenderCountryLKA","7","[P1Y]","[]","[USDollar]","[]"
"1984","AmountInterestRepayment_Debt_PubliclyGuaranteed_LongTermExternalDebt_LenderFondoLatinoamericanodeReservas","8","[P1Y]","[, WorldBankProjection]","[USDollar]","[]"
"1976","AmountInterestRepayment_Debt_OfficialCreditor_Concessional_PubliclyGuaranteed_Bilateral_LongTermExternalDebt_LenderCountrySRB","8","[P1Y]","[]","[USDollar]","[]"
"1970","AmountInterestRepayment_Debt_PrivateCreditor_PubliclyGuaranteed_CommercialBank_LongTermExternalDebt_LenderCountryAUS","18","[P1Y]","[, WorldBankProjection]","[USDollar]","[]"
"1970","AmountInterestRepayment_Debt_PrivateCreditor_PubliclyGuaranteed_LongTermExternalDebt_LenderCountryZWE","11","[P1Y]","[]","[USDollar]","[]"
"1970","AmountInterestRepayment_Debt_PrivateCreditor_PubliclyGuaranteed_CommercialBank_LongTermExternalDebt_LenderCountryAUT","69","[P1Y]","[, WorldBankProjection]","[USDollar]","[]"
"1992","AmountInterestRepayment_Debt_PrivateCreditor_PubliclyGuaranteed_WorldBankOtherPrivate_LongTermExternalDebt_LenderCountryMYS","8","[P1Y]","[]","[USDollar]","[]"
"1993","AmountInterestRepayment_Debt_LongTermExternalDebt_LenderEuropeanBankforReconstructionandDev","31","[P1Y]","[, WorldBankProjection]","[USDollar]","[]"
"1970","AmountInterestRepayment_Debt_OfficialCreditor_Concessional_PubliclyGuaranteed_Multilateral_LongTermExternalDebt_LenderInterAmericanDevBank","26","[P1Y]","[]","[USDollar]","[]"
"1970","AmountInterestRepayment_Debt_LongTermExternalDebt","134","[P1Y]","[, WorldBankProjection]","[USDollar]","[]"
"2000","AmountInterestRepayment_Debt_OfficialCreditor_PubliclyGuaranteed_Bilateral_LongTermExternalDebt_LenderCountryKGZ","7","[P1Y]","[]","[USDollar]","[]"
"1982","AmountInterestRepayment_Debt_PrivateCreditor_PubliclyGuaranteed_CommercialBank_LongTermExternalDebt_LenderCountryPRT","19","[P1Y]","[, WorldBankProjection]","[USDollar]","[]"
"1979","AmountInterestRepayment_Debt_PubliclyGuaranteed_LongTermExternalDebt_LenderCountryCIV","12","[P1Y]","[, WorldBankProjection]","[USDollar]","[]"
"1995","AmountInterestRepayment_Debt_PubliclyGuaranteed_LongTermExternalDebt_LenderCountryTKM","8","[P1Y]","[]","[USDollar]","[]"
"1999","AmountInterestRepayment_Debt_PrivateCreditor_PubliclyGuaranteed_CommercialBank_LongTermExternalDebt_LenderCountryCYP","12","[P1Y]","[]","[USDollar]","[]"
"1971","AmountInterestRepayment_Debt_LongTermExternalDebt_LenderCountryNZL","18","[P1Y]","[]","[USDollar]","[]"
"1995","AmountInterestRepayment_Debt_PrivateCreditor_PubliclyGuaranteed_CommercialBank_LongTermExternalDebt_LenderCountryPRY","5","[P1Y]","[]","[USDollar]","[]"
"1972","AmountInterestRepayment_Debt_PrivateCreditor_PubliclyGuaranteed_CommercialBank_LongTermExternalDebt_LenderCountryCYM","17","[P1Y]","[, WorldBankProjection]","[USDollar]","[]"
"2013","AmountInterestRepayment_Debt_PubliclyGuaranteed_LongTermExternalDebt_LenderCountryGRD","6","[P1Y]","[, WorldBankProjection]","[USDollar]","[]"
"1970","AmountInterestRepayment_Debt_PubliclyGuaranteed_LongTermExternalDebt_LenderCountryGRC","20","[P1Y]","[, WorldBankProjection]","[USDollar]","[]"
"1975","AmountInterestRepayment_Debt_OfficialCreditor_PubliclyGuaranteed_Bilateral_LongTermExternalDebt_LenderCountryDZA","35","[P1Y]","[, WorldBankProjection]","[USDollar]","[]"
"1970","AmountInterestRepayment_Debt_PrivateCreditor_PubliclyGuaranteed_CommercialBank_LongTermExternalDebt_LenderNethAntilles","10","[P1Y]","[]","[USDollar]","[]"
"1985","AmountInterestRepayment_Debt_PrivateCreditor_PubliclyGuaranteed_WorldBankOtherPrivate_LongTermExternalDebt_LenderCountryTHA","10","[P1Y]","[]","[USDollar]","[]"
"1970","AmountInterestRepayment_Debt_PubliclyGuaranteed_LongTermExternalDebt_LenderCouncilofEurope","15","[P1Y]","[, WorldBankProjection]","[USDollar]","[]"
"1970","AmountInterestRepayment_Debt_LongTermExternalDebt_LenderCountrySEN","8","[P1Y]","[]","[USDollar]","[]"
"1973","AmountInterestRepayment_Debt_PubliclyGuaranteed_LongTermExternalDebt_LenderCaribbeanDevBank","16","[P1Y]","[, WorldBankProjection]","[USDollar]","[]"
"1970","AmountInterestRepayment_Debt_PubliclyGuaranteed_LongTermExternalDebt_LenderEuropeanInvestmentBank","120","[P1Y]","[, WorldBankProjection]","[USDollar]","[]"
"1981","AmountInterestRepayment_Debt_OfficialCreditor_PubliclyGuaranteed_Multilateral_LongTermExternalDebt_LenderUNRegularProgrammeofTechnicalCoop","8","[P1Y]","[]","[USDollar]","[]"
"1970","AmountInterestRepayment_Debt_LongTermExternalDebt_LenderNethAntilles","10","[P1Y]","[]","[USDollar]","[]"
"1972","AmountInterestRepayment_Debt_PrivateCreditor_PubliclyGuaranteed_WorldBankOtherPrivate_LongTermExternalDebt_LenderCountryIRL","21","[P1Y]","[, WorldBankProjection]","[USDollar]","[]"
"1992","AmountInterestRepayment_Debt_OfficialCreditor_PubliclyGuaranteed_Multilateral_LongTermExternalDebt_LenderEuropeanReliefFund","10","[P1Y]","[, WorldBankProjection]","[USDollar]","[]"
"1980","AmountInterestRepayment_Debt_PubliclyGuaranteed_LongTermExternalDebt_LenderCountryAGO","15","[P1Y]","[, WorldBankProjection]","[USDollar]","[]"
"1970","AmountInterestRepayment_Debt_OfficialCreditor_PubliclyGuaranteed_Bilateral_LongTermExternalDebt_LenderCountrySWE","68","[P1Y]","[, WorldBankProjection]","[USDollar]","[]"
"1971","AmountInterestRepayment_Debt_PrivateCreditor_PubliclyGuaranteed_CommercialBank_LongTermExternalDebt_LenderCountryNOR","23","[P1Y]","[, WorldBankProjection]","[USDollar]","[]"
"1996","AmountInterestRepayment_Debt_OfficialCreditor_PubliclyGuaranteed_Bilateral_LongTermExternalDebt_LenderCountrySVK","21","[P1Y]","[]","[USDollar]","[]"
"1982","AmountInterestRepayment_Debt_PrivateCreditor_PubliclyGuaranteed_LongTermExternalDebt_LenderCountryGRC","20","[P1Y]","[, WorldBankProjection]","[USDollar]","[]"
"2013","AmountInterestRepayment_Debt_PrivateCreditor_PubliclyGuaranteed_LongTermExternalDebt_LenderCountryGRD","6","[P1Y]","[, WorldBankProjection]","[USDollar]","[]"
"1997","AmountInterestRepayment_Debt_PrivateCreditor_PubliclyGuaranteed_CommercialBank_LongTermExternalDebt_LenderCountryCZE","22","[P1Y]","[, WorldBankProjection]","[USDollar]","[]"
"2009","AmountInterestRepayment_Debt_PubliclyGuaranteed_LongTermExternalDebt_LenderECOTradeandDevBank","11","[P1Y]","[, WorldBankProjection]","[USDollar]","[]"
"1993","AmountInterestRepayment_Debt_PrivateCreditor_PubliclyGuaranteed_LongTermExternalDebt_LenderCountryCIV","11","[P1Y]","[, WorldBankProjection]","[USDollar]","[]"
"2008","AmountInterestRepayment_Debt_OfficialCreditor_PubliclyGuaranteed_Bilateral_LongTermExternalDebt_LenderCountrySVN","6","[P1Y]","[]","[USDollar]","[]"
"1979","AmountInterestRepayment_Debt_OfficialCreditor_Concessional_PubliclyGuaranteed_Multilateral_LongTermExternalDebt_LenderIslamicDevBank","55","[P1Y]","[]","[USDollar]","[]"
"1970","AmountInterestRepayment_Debt_PrivateCreditor_PubliclyGuaranteed_LongTermExternalDebt_LenderCountryKWT","33","[P1Y]","[, WorldBankProjection]","[USDollar]","[]"
"1970","AmountInterestRepayment_Debt_PrivateCreditor_PubliclyGuaranteed_LongTermExternalDebt_LenderCountryISR","51","[P1Y]","[, WorldBankProjection]","[USDollar]","[]"
"1970","AmountInterestRepayment_Debt_PubliclyGuaranteed_LongTermExternalDebt_LenderCountryCHE","96","[P1Y]","[, WorldBankProjection]","[USDollar]","[]"
"1979","AmountInterestRepayment_Debt_PubliclyGuaranteed_LongTermExternalDebt_LenderCountryCHL","6","[P1Y]","[]","[USDollar]","[]"
"2000","AmountInterestRepayment_Debt_OfficialCreditor_Concessional_PubliclyGuaranteed_Bilateral_LongTermExternalDebt_LenderCountryZAF","8","[P1Y]","[]","[USDollar]","[]"
"1972","AmountInterestRepayment_Debt_PrivateCreditor_PubliclyGuaranteed_WorldBankOtherPrivate_LongTermExternalDebt_LenderCountryKWT","23","[P1Y]","[, WorldBankProjection]","[USDollar]","[]"
"1970","AmountInterestRepayment_Debt_PrivateCreditor_PubliclyGuaranteed_WorldBankOtherPrivate_LongTermExternalDebt_LenderCountryISR","39","[P1Y]","[, WorldBankProjection]","[USDollar]","[]"
"1989","AmountInterestRepayment_Debt_PrivateCreditor_PubliclyGuaranteed_WorldBankOtherPrivate_LongTermExternalDebt_LenderCountryISL","5","[P1Y]","[]","[USDollar]","[]"
"1989","AmountInterestRepayment_Debt_PrivateCreditor_PubliclyGuaranteed_LongTermExternalDebt_LenderCountryISL","5","[P1Y]","[]","[USDollar]","[]"
"1975","AmountInterestRepayment_Debt_OfficialCreditor_PubliclyGuaranteed_LongTermExternalDebt_LenderArabAfricanInternationalBank","22","[P1Y]","[, WorldBankProjection]","[USDollar]","[]"
"1971","AmountInterestRepayment_Debt_PubliclyGuaranteed_LongTermExternalDebt_LenderCountryCHN","120","[P1Y]","[, WorldBankProjection]","[USDollar]","[]"
"2008","AmountInterestRepayment_Debt_OfficialCreditor_Concessional_PubliclyGuaranteed_Bilateral_LongTermExternalDebt_LenderCountryBRN","5","[P1Y]","[]","[USDollar]","[]"
"1970","AmountInterestRepayment_Debt_LongTermExternalDebt_LenderCountrySAU","95","[P1Y]","[, WorldBankProjection]","[USDollar]","[]"
"1973","AmountInterestRepayment_Debt_OfficialCreditor_PubliclyGuaranteed_LongTermExternalDebt_LenderEastAfricanCommunity","10","[P1Y]","[]","[USDollar]","[]"
"1970","AmountInterestRepayment_Debt_PubliclyGuaranteed_LongTermExternalDebt_LenderCountryITA","107","[P1Y]","[, WorldBankProjection]","[USDollar]","[]"
"1976","AmountInterestRepayment_Debt_OfficialCreditor_PubliclyGuaranteed_Bilateral_LongTermExternalDebt_LenderCountryGAB","6","[P1Y]","[]","[USDollar]","[]"
"1998","AmountInterestRepayment_Debt_OfficialCreditor_Concessional_PubliclyGuaranteed_Bilateral_LongTermExternalDebt_LenderCountryBRA","15","[P1Y]","[, WorldBankProjection]","[USDollar]","[]"
"1984","AmountInterestRepayment_Debt_PubliclyGuaranteed_LongTermExternalDebt_LenderCountryPAK","20","[P1Y]","[, WorldBankProjection]","[USDollar]","[]"
"1970","AmountInterestRepayment_Debt_PubliclyGuaranteed_LongTermExternalDebt_LenderCountryPAN","34","[P1Y]","[, WorldBankProjection]","[USDollar]","[]"
"1970","AmountInterestRepayment_Debt_LongTermExternalDebt_LenderCountryJPN","116","[P1Y]","[, WorldBankProjection]","[USDollar]","[]"
"1999","AmountInterestRepayment_Debt_OfficialCreditor_PubliclyGuaranteed_LongTermExternalDebt_LenderBankforInternationalSettlements","5","[P1Y]","[]","[USDollar]","[]"
"1970","AmountInterestRepayment_Debt_LongTermExternalDebt_LenderCountryDEU","125","[P1Y]","[, WorldBankProjection]","[USDollar]","[]"
"1984","AmountInterestRepayment_Debt_PrivateCreditor_PubliclyGuaranteed_LongTermExternalDebt_LenderCountryCHN","53","[P1Y]","[, WorldBankProjection]","[USDollar]","[]"
"1991","AmountInterestRepayment_Debt_OfficialCreditor_PubliclyGuaranteed_Bilateral_LongTermExternalDebt_LenderCountryIDN","8","[P1Y]","[, WorldBankProjection]","[USDollar]","[]"
"1982","AmountInterestRepayment_Debt_PrivateCreditor_PubliclyGuaranteed_WorldBankOtherPrivate_LongTermExternalDebt_LenderCountryCHL","5","[P1Y]","[]","[USDollar]","[]"
"1984","AmountInterestRepayment_Debt_PrivateCreditor_PubliclyGuaranteed_WorldBankOtherPrivate_LongTermExternalDebt_LenderCountryCHN","40","[P1Y]","[, WorldBankProjection]","[USDollar]","[]"
"1981","AmountInterestRepayment_Debt_LongTermExternalDebt_LenderCountryHND","9","[P1Y]","[, WorldBankProjection]","[USDollar]","[]"
"1970","AmountInterestRepayment_Debt_LongTermExternalDebt_LenderCountryLUX","43","[P1Y]","[, WorldBankProjection]","[USDollar]","[]"
"1982","AmountInterestRepayment_Debt_PrivateCreditor_PubliclyGuaranteed_CommercialBank_LongTermExternalDebt_LenderCountryPRI","6","[P1Y]","[]","[USDollar]","[]"
"1970","AmountInterestRepayment_Debt_PrivateCreditor_PubliclyGuaranteed_LongTermExternalDebt_LenderCountryCHE","88","[P1Y]","[, WorldBankProjection]","[USDollar]","[]"
"1976","AmountInterestRepayment_Debt_OfficialCreditor_PubliclyGuaranteed_LongTermExternalDebt_LenderArabLeague","13","[P1Y]","[]","[USDollar]","[]"
"1970","AmountInterestRepayment_Debt_PubliclyGuaranteed_LongTermExternalDebt_LenderCountryZWE","12","[P1Y]","[]","[USDollar]","[]"
"1997","AmountInterestRepayment_Debt_OfficialCreditor_PubliclyGuaranteed_LongTermExternalDebt_LenderCountryAZE","6","[P1Y]","[, WorldBankProjection]","[USDollar]","[]"
"1970","AmountInterestRepayment_Debt_OfficialCreditor_PubliclyGuaranteed_Multilateral_LongTermExternalDebt_LenderCouncilofEurope","15","[P1Y]","[, WorldBankProjection]","[USDollar]","[]"
"1979","AmountInterestRepayment_Debt_PrivateCreditor_PubliclyGuaranteed_LongTermExternalDebt_LenderCountryCHL","6","[P1Y]","[]","[USDollar]","[]"
"1970","AmountInterestRepayment_Debt_PrivateCreditor_PubliclyGuaranteed_WorldBankOtherPrivate_LongTermExternalDebt_LenderCountryCHE","75","[P1Y]","[, WorldBankProjection]","[USDollar]","[]"
"1984","AmountInterestRepayment_Debt_PrivateCreditor_PubliclyGuaranteed_WorldBankOtherPrivate_LongTermExternalDebt_LenderCountryPAK","11","[P1Y]","[]","[USDollar]","[]"
"1999","AmountInterestRepayment_Debt_OfficialCreditor_PubliclyGuaranteed_Multilateral_LongTermExternalDebt_LenderBankforInternationalSettlements","5","[P1Y]","[]","[USDollar]","[]"
"1984","AmountInterestRepayment_Debt_PrivateCreditor_PubliclyGuaranteed_LongTermExternalDebt_LenderCountryPAK","11","[P1Y]","[]","[USDollar]","[]"
"1970","AmountInterestRepayment_Debt_PrivateCreditor_PubliclyGuaranteed_WorldBankOtherPrivate_LongTermExternalDebt_LenderCountryPAN","30","[P1Y]","[, WorldBankProjection]","[USDollar]","[]"
"1990","AmountInterestRepayment_Debt_PrivateCreditor_PubliclyGuaranteed_CommercialBank_LongTermExternalDebt_LenderCountryRUS","22","[P1Y]","[, WorldBankProjection]","[USDollar]","[]"
"1970","AmountInterestRepayment_Debt_PrivateCreditor_PubliclyGuaranteed_WorldBankOtherPrivate_LongTermExternalDebt_LenderCountryITA","87","[P1Y]","[, WorldBankProjection]","[USDollar]","[]"
"1999","AmountInterestRepayment_Debt_PubliclyGuaranteed_LongTermExternalDebt_LenderBankforInternationalSettlements","5","[P1Y]","[]","[USDollar]","[]"
"2007","AmountInterestRepayment_Debt_PubliclyGuaranteed_LongTermExternalDebt_LenderCountryVNM","9","[P1Y]","[, WorldBankProjection]","[USDollar]","[]"
"1970","AmountInterestRepayment_Debt_PrivateCreditor_PubliclyGuaranteed_LongTermExternalDebt_LenderCountryPAN","33","[P1Y]","[, WorldBankProjection]","[USDollar]","[]"
"2011","AmountInterestRepayment_Debt_PubliclyGuaranteed_LongTermExternalDebt_LenderEurasianDevelopmentBank","11","[P1Y]","[, WorldBankProjection]","[USDollar]","[]"
"1995","AmountInterestRepayment_Debt_OfficialCreditor_Concessional_PubliclyGuaranteed_Multilateral_LongTermExternalDebt_LenderWestAfricanDevelopmentBank","15","[P1Y]","[]","[USDollar]","[]"
"1970","AmountInterestRepayment_Debt_LongTermExternalDebt_LenderCountryFIN","59","[P1Y]","[, WorldBankProjection]","[USDollar]","[]"
"1970","AmountInterestRepayment_Debt_PrivateCreditor_PubliclyGuaranteed_LongTermExternalDebt_LenderCountryITA","95","[P1Y]","[, WorldBankProjection]","[USDollar]","[]"
"1973","AmountInterestRepayment_Debt_OfficialCreditor_PubliclyGuaranteed_LongTermExternalDebt_LenderCorporacionAndinadeFomento","16","[P1Y]","[, WorldBankProjection]","[USDollar]","[]"
"2023","AmountInterestRepayment_Debt_PrivateCreditor_PubliclyGuaranteed_LongTermExternalDebt_LenderCountryGUY","6","[P1Y]","[]","[USDollar]","[]"
"2009","AmountInterestRepayment_Debt_LongTermExternalDebt_LenderECOTradeandDevBank","11","[P1Y]","[, WorldBankProjection]","[USDollar]","[]"
"1977","AmountInterestRepayment_Debt_LongTermExternalDebt_LenderIslamicDevBank","63","[P1Y]","[, WorldBankProjection]","[USDollar]","[]"
"2004","AmountInterestRepayment_Debt_PrivateCreditor_PubliclyGuaranteed_WorldBankOtherPrivate_LongTermExternalDebt_LenderCountryGIB","5","[P1Y]","[]","[USDollar]","[]"
"1981","AmountInterestRepayment_Debt_LongTermExternalDebt_LenderCentralBankofWestAfricanStates","16","[P1Y]","[, WorldBankProjection]","[USDollar]","[]"
"1978","AmountInterestRepayment_Debt_LongTermExternalDebt_LenderEuropeanCoalandSteelCommunity","5","[P1Y]","[]","[USDollar]","[]"
"1984","AmountInterestRepayment_Debt_OfficialCreditor_PubliclyGuaranteed_Multilateral_LongTermExternalDebt_LenderFondoLatinoamericanodeReservas","8","[P1Y]","[, WorldBankProjection]","[USDollar]","[]"
"2020","AmountInterestRepayment_Debt_OfficialCreditor_PubliclyGuaranteed_LongTermExternalDebt_LenderSouthAsianDevelopmentFund","7","[P1Y]","[, WorldBankProjection]","[USDollar]","[]"
"2008","AmountInterestRepayment_Debt_LongTermExternalDebt_LenderCountryHRV","8","[P1Y]","[, WorldBankProjection]","[USDollar]","[]"
"1970","AmountInterestRepayment_Debt_PubliclyGuaranteed_LongTermExternalDebt_LenderCountryESP","92","[P1Y]","[, WorldBankProjection]","[USDollar]","[]"
"1970","AmountInterestRepayment_Debt_PubliclyGuaranteed_LongTermExternalDebt_LenderCountryCOL","14","[P1Y]","[]","[USDollar]","[]"
"2011","AmountInterestRepayment_Debt_PubliclyGuaranteed_LongTermExternalDebt_LenderCaribbeanCommunity","12","[P1Y]","[, WorldBankProjection]","[USDollar]","[]"
"1970","AmountInterestRepayment_Debt_OfficialCreditor_PubliclyGuaranteed_Bilateral_LongTermExternalDebt_LenderCountryGBR","99","[P1Y]","[, WorldBankProjection]","[USDollar]","[]"
"1974","AmountInterestRepayment_Debt_PubliclyGuaranteed_LongTermExternalDebt_LenderEntenteCouncil","13","[P1Y]","[]","[USDollar]","[]"
"1970","AmountInterestRepayment_Debt_PrivateCreditor_PubliclyGuaranteed_WorldBankOtherPrivate_LongTermExternalDebt_LenderCountryIND","36","[P1Y]","[, WorldBankProjection]","[USDollar]","[]"
"1970","AmountInterestRepayment_Debt_PubliclyGuaranteed_LongTermExternalDebt_LenderInternationalFinanceCorporation","35","[P1Y]","[, WorldBankProjection]","[USDollar]","[]"
"2011","AmountInterestRepayment_Debt_PrivateCreditor_PubliclyGuaranteed_CommercialBank_LongTermExternalDebt_LenderCountryAZE","5","[P1Y]","[]","[USDollar]","[]"
"1976","AmountInterestRepayment_Debt_PubliclyGuaranteed_LongTermExternalDebt_LenderCountryPHL","6","[P1Y]","[]","[USDollar]","[]"
"2012","AmountInterestRepayment_Debt_PubliclyGuaranteed_LongTermExternalDebt_LenderCountryCOG","13","[P1Y]","[, WorldBankProjection]","[USDollar]","[]"
"2000","AmountInterestRepayment_Debt_OfficialCreditor_PubliclyGuaranteed_Multilateral_LongTermExternalDebt_LenderUNWorldFoodProgramme","7","[P1Y]","[]","[USDollar]","[]"
"1970","AmountInterestRepayment_Debt_LongTermExternalDebt_LenderCountryBGR","41","[P1Y]","[, WorldBankProjection]","[USDollar]","[]"
"1975","AmountInterestRepayment_Debt_OfficialCreditor_PubliclyGuaranteed_LongTermExternalDebt_LenderUNDevelopmentProgramme","14","[P1Y]","[]","[USDollar]","[]"
"1971","AmountInterestRepayment_Debt_PubliclyGuaranteed_LongTermExternalDebt_LenderCountryCOD","8","[P1Y]","[]","[USDollar]","[]"
"1970","AmountInterestRepayment_Debt_PrivateCreditor_PubliclyGuaranteed_WorldBankOtherPrivate_LongTermExternalDebt_LenderCountryCAN","46","[P1Y]","[]","[USDollar]","[]"
"1980","AmountInterestRepayment_Debt_OfficialCreditor_PubliclyGuaranteed_LongTermExternalDebt_LenderCountryPRK","14","[P1Y]","[, WorldBankProjection]","[USDollar]","[]"
"1984","AmountInterestRepayment_Debt_PubliclyGuaranteed_LongTermExternalDebt_LenderCountryGTM","10","[P1Y]","[]","[USDollar]","[]"
"1987","AmountInterestRepayment_Debt_OfficialCreditor_PubliclyGuaranteed_LongTermExternalDebt_LenderCountryPRI","5","[P1Y]","[]","[USDollar]","[]"
"2007","AmountInterestRepayment_Debt_OfficialCreditor_Concessional_PubliclyGuaranteed_Multilateral_LongTermExternalDebt_LenderArabAfricanInternationalBank","11","[P1Y]","[]","[USDollar]","[]"
"1995","AmountInterestRepayment_Debt_LongTermExternalDebt_LenderEasternSouthernAfricanTradeDevBank","18","[P1Y]","[, WorldBankProjection]","[USDollar]","[]"
"1976","AmountInterestRepayment_Debt_OfficialCreditor_PubliclyGuaranteed_LongTermExternalDebt_LenderCountryPRT","20","[P1Y]","[, WorldBankProjection]","[USDollar]","[]"
"2002","AmountInterestRepayment_Debt_OfficialCreditor_PubliclyGuaranteed_LongTermExternalDebt_LenderCountryTZA","7","[P1Y]","[]","[USDollar]","[]"
"1970","AmountInterestRepayment_Debt_OfficialCreditor_PubliclyGuaranteed_Multilateral_LongTermExternalDebt_LenderEuropeanSocialFund","10","[P1Y]","[, WorldBankProjection]","[USDollar]","[]"
"1970","AmountInterestRepayment_Debt_LongTermExternalDebt_LenderCountryQAT","24","[P1Y]","[, WorldBankProjection]","[USDollar]","[]"
"1975","AmountInterestRepayment_Debt_PubliclyGuaranteed_LongTermExternalDebt_LenderCountryPER","15","[P1Y]","[]","[USDollar]","[]"
"2007","AmountInterestRepayment_Debt_LongTermExternalDebt_LenderCountryBDI","7","[P1Y]","[]","[USDollar]","[]"
"1977","AmountInterestRepayment_Debt_OfficialCreditor_Concessional_PubliclyGuaranteed_Multilateral_LongTermExternalDebt_LenderOPECFundforInternationalDev","80","[P1Y]","[]","[USDollar]","[]"
"1976","AmountInterestRepayment_Debt_OfficialCreditor_PubliclyGuaranteed_Multilateral_LongTermExternalDebt_LenderUNHighCommissionerforRefugees","6","[P1Y]","[]","[USDollar]","[]"
"1970","AmountInterestRepayment_Debt_OfficialCreditor_Concessional_PubliclyGuaranteed_Bilateral_LongTermExternalDebt_LenderCountryUSA","76","[P1Y]","[, WorldBankProjection]","[USDollar]","[]"
"1997","AmountInterestRepayment_Debt_LongTermExternalDebt_LenderCountryUKR","7","[P1Y]","[]","[USDollar]","[]"
"1974","AmountInterestRepayment_Debt_LongTermExternalDebt_LenderCountrySGP","32","[P1Y]","[, WorldBankProjection]","[USDollar]","[]"
"1977","AmountInterestRepayment_Debt_PubliclyGuaranteed_LongTermExternalDebt_LenderCountryGUY","7","[P1Y]","[]","[USDollar]","[]"
"2004","AmountInterestRepayment_Debt_OfficialCreditor_Concessional_PubliclyGuaranteed_Bilateral_LongTermExternalDebt_LenderCountryURY","7","[P1Y]","[]","[USDollar]","[]"
"1970","AmountInterestRepayment_Debt_OfficialCreditor_PubliclyGuaranteed_LongTermExternalDebt_LenderCountryNOR","63","[P1Y]","[, WorldBankProjection]","[USDollar]","[]"
"1981","AmountInterestRepayment_Debt_LongTermExternalDebt_LenderCountryBFA","7","[P1Y]","[]","[USDollar]","[]"
"1997","AmountInterestRepayment_Debt_PrivateCreditor_PubliclyGuaranteed_LongTermExternalDebt_LenderCountryGTM","7","[P1Y]","[]","[USDollar]","[]"
"1982","AmountInterestRepayment_Debt_OfficialCreditor_PubliclyGuaranteed_Multilateral_LongTermExternalDebt_LenderNordicInvestmentBank","35","[P1Y]","[, WorldBankProjection]","[USDollar]","[]"
"1996","AmountInterestRepayment_Debt_PubliclyGuaranteed_LongTermExternalDebt_LenderCountryCMR","11","[P1Y]","[, WorldBankProjection]","[USDollar]","[]"
"1993","AmountInterestRepayment_Debt_OfficialCreditor_PubliclyGuaranteed_LongTermExternalDebt_LenderCountryCZE","42","[P1Y]","[, WorldBankProjection]","[USDollar]","[]"
"1970","AmountInterestRepayment_Debt_OfficialCreditor_PubliclyGuaranteed_Bilateral_LongTermExternalDebt","134","[P1Y]","[, WorldBankProjection]","[USDollar]","[]"
"1989","AmountInterestRepayment_Debt_PrivateCreditor_PubliclyGuaranteed_WorldBankOtherPrivate_LongTermExternalDebt_LenderCountryEGY","15","[P1Y]","[, WorldBankProjection]","[USDollar]","[]"
"1970","AmountInterestRepayment_Debt_OfficialCreditor_PubliclyGuaranteed_LongTermExternalDebt_LenderEuropeanInvestmentBank","120","[P1Y]","[, WorldBankProjection]","[USDollar]","[]"
"1976","AmountInterestRepayment_Debt_PrivateCreditor_PubliclyGuaranteed_LongTermExternalDebt_LenderCountryPER","9","[P1Y]","[]","[USDollar]","[]"
"1970","AmountInterestRepayment_Debt_OfficialCreditor_PubliclyGuaranteed_LongTermExternalDebt_LenderCountryAUT","75","[P1Y]","[, WorldBankProjection]","[USDollar]","[]"
"1970","AmountInterestRepayment_Debt_LongTermExternalDebt_LenderCountryBEL","98","[P1Y]","[, WorldBankProjection]","[USDollar]","[]"
"2018","AmountInterestRepayment_Debt_LongTermExternalDebt_LenderOrgofArabPetroleumExportingCountries","5","[P1Y]","[]","[USDollar]","[]"
"1970","AmountInterestRepayment_Debt_OfficialCreditor_PubliclyGuaranteed_LongTermExternalDebt_LenderCountryAUS","38","[P1Y]","[, WorldBankProjection]","[USDollar]","[]"
"1973","AmountInterestRepayment_Debt_OfficialCreditor_PubliclyGuaranteed_LongTermExternalDebt_LenderCountryIRQ","38","[P1Y]","[, WorldBankProjection]","[USDollar]","[]"
"2024","AmountInterestRepayment_Debt_OfficialCreditor_PubliclyGuaranteed_LongTermExternalDebt_LenderCountryGNQ","7","[P1Y]","[WorldBankProjection]","[USDollar]","[]"
"1970","AmountInterestRepayment_Debt_OfficialCreditor_PubliclyGuaranteed_LongTermExternalDebt_LenderCountryIRN","32","[P1Y]","[, WorldBankProjection]","[USDollar]","[]"
"1985","AmountInterestRepayment_Debt_PrivateCreditor_PubliclyGuaranteed_LongTermExternalDebt_LenderCountryJOR","9","[P1Y]","[]","[USDollar]","[]"
"1981","AmountInterestRepayment_Debt_OfficialCreditor_PubliclyGuaranteed_LongTermExternalDebt_LenderDevBankoftheCentralAfricanStates","16","[P1Y]","[, WorldBankProjection]","[USDollar]","[]"
"1970","AmountInterestRepayment_Debt_OfficialCreditor_PubliclyGuaranteed_LongTermExternalDebt_LenderArabBankforEconomicDevinAfrica","51","[P1Y]","[, WorldBankProjection]","[USDollar]","[]"
"1975","AmountInterestRepayment_Debt_PubliclyGuaranteed_LongTermExternalDebt_LenderCountryTTO","15","[P1Y]","[, WorldBankProjection]","[USDollar]","[]"
"1972","AmountInterestRepayment_Debt_OfficialCreditor_PubliclyGuaranteed_LongTermExternalDebt_LenderCountryTHA","16","[P1Y]","[, WorldBankProjection]","[USDollar]","[]"
"1974","AmountInterestRepayment_Debt_PrivateCreditor_PubliclyGuaranteed_LongTermExternalDebt_LenderCountryHKG","35","[P1Y]","[, WorldBankProjection]","[USDollar]","[]"
"1970","AmountInterestRepayment_Debt_PrivateCreditor_PubliclyGuaranteed_WorldBankOtherPrivate_LongTermExternalDebt_LenderCountrySLV","5","[P1Y]","[]","[USDollar]","[]"
"1978","AmountInterestRepayment_Debt_PubliclyGuaranteed_LongTermExternalDebt_LenderEuropeanCoalandSteelCommunity","5","[P1Y]","[]","[USDollar]","[]"
"1971","AmountInterestRepayment_Debt_OfficialCreditor_Concessional_PubliclyGuaranteed_Bilateral_LongTermExternalDebt_LenderCountryNOR","18","[P1Y]","[]","[USDollar]","[]"
"1982","AmountInterestRepayment_Debt_PubliclyGuaranteed_LongTermExternalDebt_LenderCountryCRI","11","[P1Y]","[]","[USDollar]","[]"
"1993","AmountInterestRepayment_Debt_OfficialCreditor_Concessional_PubliclyGuaranteed_Bilateral_LongTermExternalDebt_LenderCountryCZE","11","[P1Y]","[]","[USDollar]","[]"
"1982","AmountInterestRepayment_Debt_OfficialCreditor_PubliclyGuaranteed_LongTermExternalDebt_LenderCountryIRL","13","[P1Y]","[]","[USDollar]","[]"
"1970","AmountInterestRepayment_Debt_PubliclyGuaranteed_LongTermExternalDebt_LenderCountryROU","51","[P1Y]","[, WorldBankProjection]","[USDollar]","[]"
"1976","AmountInterestRepayment_Debt_OfficialCreditor_PubliclyGuaranteed_LongTermExternalDebt_LenderCountryTGO","10","[P1Y]","[]","[USDollar]","[]"
"1970","AmountInterestRepayment_Debt_OfficialCreditor_PubliclyGuaranteed_LongTermExternalDebt_LenderEUROFIMA","9","[P1Y]","[, WorldBankProjection]","[USDollar]","[]"
"1992","AmountInterestRepayment_Debt_OfficialCreditor_PubliclyGuaranteed_LongTermExternalDebt_LenderEuropeanReliefFund","10","[P1Y]","[, WorldBankProjection]","[USDollar]","[]"
"1975","AmountInterestRepayment_Debt_OfficialCreditor_PubliclyGuaranteed_LongTermExternalDebt_LenderArabFundforEconomicSocialDevelopment","30","[P1Y]","[, WorldBankProjection]","[USDollar]","[]"
"2014","AmountInterestRepayment_Debt_LongTermExternalDebt_LenderBolivarianAlliancefortheAmericas","6","[P1Y]","[, WorldBankProjection]","[USDollar]","[]"
"1970","AmountInterestRepayment_Debt_OfficialCreditor_PubliclyGuaranteed_LongTermExternalDebt_LenderCountryISR","28","[P1Y]","[, WorldBankProjection]","[USDollar]","[]"
"1970","AmountInterestRepayment_Debt_OfficialCreditor_PubliclyGuaranteed_LongTermExternalDebt_LenderCountryKWT","108","[P1Y]","[, WorldBankProjection]","[USDollar]","[]"
"1987","AmountInterestRepayment_Debt_PrivateCreditor_PubliclyGuaranteed_CommercialBank_LongTermExternalDebt_LenderCountryIND","5","[P1Y]","[]","[USDollar]","[]"
"1970","AmountInterestRepayment_Debt_PrivateCreditor_PubliclyGuaranteed_LongTermExternalDebt_LenderCountryJPN","88","[P1Y]","[, WorldBankProjection]","[USDollar]","[]"
"1980","AmountInterestRepayment_Debt_OfficialCreditor_Concessional_PubliclyGuaranteed_Bilateral_LongTermExternalDebt_LenderCountryAUT","42","[P1Y]","[, WorldBankProjection]","[USDollar]","[]"
"1996","AmountInterestRepayment_Debt_OfficialCreditor_Concessional_PubliclyGuaranteed_Bilateral_LongTermExternalDebt_LenderCountryAUS","18","[P1Y]","[, WorldBankProjection]","[USDollar]","[]"
"2007","AmountInterestRepayment_Debt_OfficialCreditor_PubliclyGuaranteed_LongTermExternalDebt_LenderArabTownsOrganization","6","[P1Y]","[]","[USDollar]","[]"
"2013","AmountInterestRepayment_Debt_LongTermExternalDebt_LenderCountryKNA","6","[P1Y]","[, WorldBankProjection]","[USDollar]","[]"
"1982","AmountInterestRepayment_Debt_PubliclyGuaranteed_LongTermExternalDebt_LenderCountryNIC","5","[P1Y]","[]","[USDollar]","[]"
"1982","AmountInterestRepayment_Debt_PrivateCreditor_PubliclyGuaranteed_WorldBankOtherPrivate_LongTermExternalDebt_LenderCountryMAR","8","[P1Y]","[]","[USDollar]","[]"
"1978","AmountInterestRepayment_Debt_OfficialCreditor_PubliclyGuaranteed_LongTermExternalDebt_LenderWestAfricanDevelopmentBank","17","[P1Y]","[, WorldBankProjection]","[USDollar]","[]"
"1970","AmountInterestRepayment_Debt_PrivateCreditor_PubliclyGuaranteed_LongTermExternalDebt_LenderCountrySAU","25","[P1Y]","[]","[USDollar]","[]"
"1985","AmountInterestRepayment_Debt_PubliclyGuaranteed_LongTermExternalDebt_LenderCountryTUN","5","[P1Y]","[]","[USDollar]","[]"
"1970","AmountInterestRepayment_Debt_PrivateCreditor_PubliclyGuaranteed_CommercialBank_LongTermExternalDebt_LenderCountryCAN","51","[P1Y]","[, WorldBankProjection]","[USDollar]","[]"
"2015","AmountInterestRepayment_Debt_OfficialCreditor_Concessional_PubliclyGuaranteed_Multilateral_LongTermExternalDebt_LenderCorporacionAndinadeFomento","6","[P1Y]","[]","[USDollar]","[]"
"2000","AmountInterestRepayment_Debt_PrivateCreditor_PubliclyGuaranteed_CommercialBank_LongTermExternalDebt_LenderCountryMUS","16","[P1Y]","[, WorldBankProjection]","[USDollar]","[]"
"1987","AmountInterestRepayment_Debt_OfficialCreditor_Concessional_PubliclyGuaranteed_Bilateral_LongTermExternalDebt_LenderCountryPRT","15","[P1Y]","[, WorldBankProjection]","[USDollar]","[]"
"1984","AmountInterestRepayment_Debt_LongTermExternalDebt_LenderFondoLatinoamericanodeReservas","8","[P1Y]","[, WorldBankProjection]","[USDollar]","[]"
"1985","AmountInterestRepayment_Debt_PrivateCreditor_PubliclyGuaranteed_WorldBankOtherPrivate_LongTermExternalDebt_LenderCountryMAC","7","[P1Y]","[]","[USDollar]","[]"
"2022","AmountInterestRepayment_Debt_OfficialCreditor_Concessional_PubliclyGuaranteed_Bilateral_LongTermExternalDebt_LenderCountryPRK","5","[P1Y]","[, WorldBankProjection]","[USDollar]","[]"
"1970","AmountInterestRepayment_Debt_PrivateCreditor_PubliclyGuaranteed_WorldBankOtherPrivate_LongTermExternalDebt_LenderCountryBMU","16","[P1Y]","[]","[USDollar]","[]"
"1983","AmountInterestRepayment_Debt_OfficialCreditor_PubliclyGuaranteed_Multilateral_LongTermExternalDebt_LenderNordicDevelopmentFund","51","[P1Y]","[, WorldBankProjection]","[USDollar]","[]"
"1974","AmountInterestRepayment_Debt_LongTermExternalDebt_LenderEntenteCouncil","13","[P1Y]","[]","[USDollar]","[]"
"1970","AmountInterestRepayment_Debt_OfficialCreditor_PubliclyGuaranteed_Multilateral_LongTermExternalDebt_LenderWorldBankIBRD","106","[P1Y]","[, WorldBankProjection]","[USDollar]","[]"
"1970","AmountInterestRepayment_Debt_PrivateCreditor_PubliclyGuaranteed_WorldBankOtherPrivate_LongTermExternalDebt_LenderCountryUSA","91","[P1Y]","[, WorldBankProjection]","[USDollar]","[]"
"1990","AmountInterestRepayment_Debt_PubliclyGuaranteed_LongTermExternalDebt_LenderCountryCPV","9","[P1Y]","[]","[USDollar]","[]"
"1970","AmountInterestRepayment_Debt_LongTermExternalDebt_LenderCountryGBR","119","[P1Y]","[, WorldBankProjection]","[USDollar]","[]"
"1988","AmountInterestRepayment_Debt_OfficialCreditor_PubliclyGuaranteed_Bilateral_LongTermExternalDebt_LenderCountryHKG","14","[P1Y]","[]","[USDollar]","[]"
"1980","AmountInterestRepayment_Debt_OfficialCreditor_PubliclyGuaranteed_LongTermExternalDebt_LenderPlataBasinFinancialDevFund","9","[P1Y]","[, WorldBankProjection]","[USDollar]","[]"
"1975","AmountInterestRepayment_Debt_OfficialCreditor_PubliclyGuaranteed_LongTermExternalDebt_LenderCountryEGY","14","[P1Y]","[, WorldBankProjection]","[USDollar]","[]"
"1970","AmountInterestRepayment_Debt_OfficialCreditor_PubliclyGuaranteed_LongTermExternalDebt","134","[P1Y]","[, WorldBankProjection]","[USDollar]","[]"
"1970","AmountInterestRepayment_Debt_OfficialCreditor_PubliclyGuaranteed_Multilateral_LongTermExternalDebt_LenderEuropeanInvestmentBank","120","[P1Y]","[, WorldBankProjection]","[USDollar]","[]"
"1970","AmountInterestRepayment_Debt_OfficialCreditor_PubliclyGuaranteed_Bilateral_LongTermExternalDebt_LenderGermanDemRep","42","[P1Y]","[]","[USDollar]","[]"
"1977","AmountInterestRepayment_Debt_OfficialCreditor_PubliclyGuaranteed_LongTermExternalDebt_LenderOPECFundforInternationalDev","111","[P1Y]","[, WorldBankProjection]","[USDollar]","[]"
"2015","AmountInterestRepayment_Debt_LongTermExternalDebt_LenderCountryMNE","5","[P1Y]","[]","[USDollar]","[]"
"1973","AmountInterestRepayment_Debt_PubliclyGuaranteed_LongTermExternalDebt_LenderCountryLBY","49","[P1Y]","[, WorldBankProjection]","[USDollar]","[]"
"1980","AmountInterestRepayment_Debt_PrivateCreditor_PubliclyGuaranteed_CommercialBank_LongTermExternalDebt_LenderCountryVEN","15","[P1Y]","[]","[USDollar]","[]"
"1989","AmountInterestRepayment_Debt_LongTermExternalDebt_LenderEconCommoftheGreatLakesCountries","7","[P1Y]","[]","[USDollar]","[]"
"1988","AmountInterestRepayment_Debt_OfficialCreditor_PubliclyGuaranteed_LongTermExternalDebt_LenderCountryMYS","26","[P1Y]","[, WorldBankProjection]","[USDollar]","[]"
"1992","AmountInterestRepayment_Debt_OfficialCreditor_Concessional_PubliclyGuaranteed_Multilateral_LongTermExternalDebt_LenderNordicDevelopmentFund","45","[P1Y]","[]","[USDollar]","[]"
"2009","AmountInterestRepayment_Debt_PubliclyGuaranteed_LongTermExternalDebt_LenderCountryLCA","7","[P1Y]","[, WorldBankProjection]","[USDollar]","[]"
"1970","AmountInterestRepayment_Debt_PrivateCreditor_PubliclyGuaranteed_CommercialBank_LongTermExternalDebt","129","[P1Y]","[, WorldBankProjection]","[USDollar]","[]"
"1979","AmountInterestRepayment_Debt_PubliclyGuaranteed_LongTermExternalDebt_LenderCountryNGA","13","[P1Y]","[, WorldBankProjection]","[USDollar]","[]"
"1995","AmountInterestRepayment_Debt_PrivateCreditor_PubliclyGuaranteed_CommercialBank_LongTermExternalDebt_LenderCountryZMB","8","[P1Y]","[]","[USDollar]","[]"
"1982","AmountInterestRepayment_Debt_PrivateCreditor_PubliclyGuaranteed_CommercialBank_LongTermExternalDebt_LenderCountryKOR","22","[P1Y]","[, WorldBankProjection]","[USDollar]","[]"
"1988","AmountInterestRepayment_Debt_PrivateCreditor_PubliclyGuaranteed_WorldBankOtherPrivate_LongTermExternalDebt_LenderCountryMCO","5","[P1Y]","[]","[USDollar]","[]"
"2004","AmountInterestRepayment_Debt_PrivateCreditor_PubliclyGuaranteed_CommercialBank_LongTermExternalDebt_LenderCountryECU","7","[P1Y]","[]","[USDollar]","[]"
"1970","AmountInterestRepayment_Debt_PubliclyGuaranteed_LongTermExternalDebt_LenderCountryLBN","16","[P1Y]","[]","[USDollar]","[]"
"1991","AmountInterestRepayment_Debt_OfficialCreditor_PubliclyGuaranteed_LongTermExternalDebt_LenderCountryGMB","5","[P1Y]","[]","[USDollar]","[]"
"1982","AmountInterestRepayment_Debt_PubliclyGuaranteed_LongTermExternalDebt_LenderCountryLBR","13","[P1Y]","[]","[USDollar]","[]"
"1980","AmountInterestRepayment_Debt_OfficialCreditor_PubliclyGuaranteed_Multilateral_LongTermExternalDebt_LenderPlataBasinFinancialDevFund","9","[P1Y]","[, WorldBankProjection]","[USDollar]","[]"
"1971","AmountInterestRepayment_Debt_OfficialCreditor_Concessional_PubliclyGuaranteed_Bilateral_LongTermExternalDebt_LenderCountryNLD","31","[P1Y]","[, WorldBankProjection]","[USDollar]","[]"
"1970","AmountInterestRepayment_Debt_OfficialCreditor_PubliclyGuaranteed_Bilateral_LongTermExternalDebt_LenderCountryDEU","123","[P1Y]","[, WorldBankProjection]","[USDollar]","[]"
"1970","AmountInterestRepayment_Debt_PrivateCreditor_PubliclyGuaranteed_WorldBankOtherPrivate_LongTermExternalDebt_LenderCountryBGR","19","[P1Y]","[]","[USDollar]","[]"
"1970","AmountInterestRepayment_Debt_PubliclyGuaranteed_LongTermExternalDebt_LenderCountryNLD","96","[P1Y]","[, WorldBankProjection]","[USDollar]","[]"
"2008","AmountInterestRepayment_Debt_PubliclyGuaranteed_LongTermExternalDebt_LenderUNGeneralAssembly","12","[P1Y]","[, WorldBankProjection]","[USDollar]","[]"
"1970","AmountInterestRepayment_Debt_PrivateCreditor_PubliclyGuaranteed_LongTermExternalDebt","130","[P1Y]","[, WorldBankProjection]","[USDollar]","[]"
"1981","AmountInterestRepayment_Debt_OfficialCreditor_PubliclyGuaranteed_Bilateral_LongTermExternalDebt_LenderCountryHND","7","[P1Y]","[]","[USDollar]","[]"
"1994","AmountInterestRepayment_Debt_PrivateCreditor_PubliclyGuaranteed_CommercialBank_LongTermExternalDebt_LenderCountryMYS","14","[P1Y]","[]","[USDollar]","[]"
"1988","AmountInterestRepayment_Debt_OfficialCreditor_PubliclyGuaranteed_Multilateral_LongTermExternalDebt_LenderArabFundforTechAssisttoAfricanCountries","10","[P1Y]","[]","[USDollar]","[]"
"1977","AmountInterestRepayment_Debt_OfficialCreditor_PubliclyGuaranteed_Multilateral_LongTermExternalDebt_LenderOPECFundforInternationalDev","111","[P1Y]","[, WorldBankProjection]","[USDollar]","[]"
"2017","AmountInterestRepayment_Debt_LongTermExternalDebt_LenderNewDevelopmentBank","10","[P1Y]","[, WorldBankProjection]","[USDollar]","[]"
"1971","AmountInterestRepayment_Debt_OfficialCreditor_PubliclyGuaranteed_Bilateral_LongTermExternalDebt_LenderCountryNZL","13","[P1Y]","[]","[USDollar]","[]"
"1975","AmountInterestRepayment_Debt_LongTermExternalDebt_LenderArabFundforEconomicSocialDevelopment","30","[P1Y]","[, WorldBankProjection]","[USDollar]","[]"
"1985","AmountInterestRepayment_Debt_OfficialCreditor_Concessional_PubliclyGuaranteed_Bilateral_LongTermExternalDebt_LenderCountryARE","23","[P1Y]","[, WorldBankProjection]","[USDollar]","[]"
"1983","AmountInterestRepayment_Debt_OfficialCreditor_Concessional_PubliclyGuaranteed_Bilateral_LongTermExternalDebt_LenderCountryARG","5","[P1Y]","[]","[USDollar]","[]"
"1976","AmountInterestRepayment_Debt_OfficialCreditor_PubliclyGuaranteed_LongTermExternalDebt_LenderLatinAmericanAgribusinessDevCorp","10","[P1Y]","[]","[USDollar]","[]"
"1970","AmountInterestRepayment_Debt_PubliclyGuaranteed_LongTermExternalDebt_LenderCountryARG","37","[P1Y]","[]","[USDollar]","[]"
"1970","AmountInterestRepayment_Debt_LongTermExternalDebt_LenderCountryGHA","11","[P1Y]","[]","[USDollar]","[]"
"1975","AmountInterestRepayment_Debt_PubliclyGuaranteed_LongTermExternalDebt_LenderCountryARE","82","[P1Y]","[, WorldBankProjection]","[USDollar]","[]"
"1970","AmountInterestRepayment_Debt_LongTermExternalDebt_LenderCountryVEN","34","[P1Y]","[, WorldBankProjection]","[USDollar]","[]"
"1971","AmountInterestRepayment_Debt_OfficialCreditor_Concessional_PubliclyGuaranteed_Bilateral_LongTermExternalDebt_LenderCountryPOL","22","[P1Y]","[, WorldBankProjection]","[USDollar]","[]"
"1973","AmountInterestRepayment_Debt_OfficialCreditor_PubliclyGuaranteed_Bilateral_LongTermExternalDebt_LenderCountryFIN","47","[P1Y]","[, WorldBankProjection]","[USDollar]","[]"
"1970","AmountInterestRepayment_Debt_OfficialCreditor_PubliclyGuaranteed_LongTermExternalDebt_LenderCountryIND","83","[P1Y]","[, WorldBankProjection]","[USDollar]","[]"
"1997","AmountInterestRepayment_Debt_PubliclyGuaranteed_LongTermExternalDebt_LenderCountryARM","8","[P1Y]","[, WorldBankProjection]","[USDollar]","[]"
"1978","AmountInterestRepayment_Debt_OfficialCreditor_PubliclyGuaranteed_Bilateral_LongTermExternalDebt_LenderCountryLUX","12","[P1Y]","[]","[USDollar]","[]"
"1984","AmountInterestRepayment_Debt_PrivateCreditor_PubliclyGuaranteed_WorldBankOtherPrivate_LongTermExternalDebt_LenderCountryBHR","21","[P1Y]","[, WorldBankProjection]","[USDollar]","[]"
"1971","AmountInterestRepayment_Debt_PrivateCreditor_PubliclyGuaranteed_WorldBankOtherPrivate_LongTermExternalDebt_LenderCountryBHS","14","[P1Y]","[]","[USDollar]","[]"
"1970","AmountInterestRepayment_Debt_PrivateCreditor_PubliclyGuaranteed_Bond_LongTermExternalDebt","102","[P1Y]","[, WorldBankProjection]","[USDollar]","[]"
"1970","AmountInterestRepayment_Debt_LongTermExternalDebt_LenderCountryCAN","83","[P1Y]","[, WorldBankProjection]","[USDollar]","[]"
"2017","AmountInterestRepayment_Debt_PubliclyGuaranteed_LongTermExternalDebt_LenderAsianInfrastructureInvestmentBank","39","[P1Y]","[, WorldBankProjection]","[USDollar]","[]"
"1999","AmountInterestRepayment_Debt_PrivateCreditor_PubliclyGuaranteed_CommercialBank_LongTermExternalDebt_LenderCountryIRL","17","[P1Y]","[, WorldBankProjection]","[USDollar]","[]"
"1982","AmountInterestRepayment_Debt_PrivateCreditor_PubliclyGuaranteed_LongTermExternalDebt_LenderCountryQAT","14","[P1Y]","[, WorldBankProjection]","[USDollar]","[]"
"2019","AmountInterestRepayment_Debt_LongTermExternalDebt_LenderNordicEnvironmentFinanceCorporation","6","[P1Y]","[, WorldBankProjection]","[USDollar]","[]"
"2000","AmountInterestRepayment_Debt_LongTermExternalDebt_LenderCountryMUS","16","[P1Y]","[, WorldBankProjection]","[USDollar]","[]"
"1970","AmountInterestRepayment_Debt_PrivateCreditor_PubliclyGuaranteed_LongTermExternalDebt_LenderCountrySEN","8","[P1Y]","[]","[USDollar]","[]"
"2004","AmountInterestRepayment_Debt_LongTermExternalDebt_LenderCountryGIB","5","[P1Y]","[]","[USDollar]","[]"
"1970","AmountInterestRepayment_Debt_OfficialCreditor_PubliclyGuaranteed_Bilateral_LongTermExternalDebt_LenderCountryJPN","113","[P1Y]","[, WorldBankProjection]","[USDollar]","[]"
"1974","AmountInterestRepayment_Debt_OfficialCreditor_PubliclyGuaranteed_Bilateral_LongTermExternalDebt_LenderCountrySAU","93","[P1Y]","[, WorldBankProjection]","[USDollar]","[]"
"1970","AmountInterestRepayment_Debt_PubliclyGuaranteed_LongTermExternalDebt_LenderEUROFIMA","9","[P1Y]","[, WorldBankProjection]","[USDollar]","[]"
"2016","AmountInterestRepayment_Debt_OfficialCreditor_PubliclyGuaranteed_Multilateral_LongTermExternalDebt_LenderIslamicSolidarityFundforDev","7","[P1Y]","[, WorldBankProjection]","[USDollar]","[]"
"1976","AmountInterestRepayment_Debt_OfficialCreditor_Concessional_PubliclyGuaranteed_Multilateral_LongTermExternalDebt_LenderArabFundforEconomicSocialDevelopment","20","[P1Y]","[]","[USDollar]","[]"
"1970","AmountInterestRepayment_Debt_PrivateCreditor_PubliclyGuaranteed_LongTermExternalDebt_LenderCountryFIN","43","[P1Y]","[, WorldBankProjection]","[USDollar]","[]"
"1970","AmountInterestRepayment_Debt_PrivateCreditor_PubliclyGuaranteed_LongTermExternalDebt_LenderCountryLUX","42","[P1Y]","[, WorldBankProjection]","[USDollar]","[]"
"1970","AmountInterestRepayment_Debt_OfficialCreditor_PubliclyGuaranteed_LongTermExternalDebt_LenderInterAmericanDevBank","30","[P1Y]","[, WorldBankProjection]","[USDollar]","[]"
"2000","AmountInterestRepayment_Debt_OfficialCreditor_PubliclyGuaranteed_LongTermExternalDebt_LenderUNWorldFoodProgramme","7","[P1Y]","[]","[USDollar]","[]"
"2008","AmountInterestRepayment_Debt_PrivateCreditor_PubliclyGuaranteed_WorldBankOtherPrivate_LongTermExternalDebt_LenderCountryBIH","5","[P1Y]","[, WorldBankProjection]","[USDollar]","[]"
"1970","AmountInterestRepayment_Debt_PrivateCreditor_PubliclyGuaranteed_WorldBankOtherPrivate_LongTermExternalDebt_LenderCountryHUN","32","[P1Y]","[]","[USDollar]","[]"
"2003","AmountInterestRepayment_Debt_LongTermExternalDebt_LenderCountryVCT","6","[P1Y]","[, WorldBankProjection]","[USDollar]","[]"
"1974","AmountInterestRepayment_Debt_PubliclyGuaranteed_LongTermExternalDebt_LenderCountryTUR","38","[P1Y]","[, WorldBankProjection]","[USDollar]","[]"
"1978","AmountInterestRepayment_Debt_OfficialCreditor_Concessional_PubliclyGuaranteed_Bilateral_LongTermExternalDebt_LenderCountryRUS","25","[P1Y]","[, WorldBankProjection]","[USDollar]","[]"
"1970","AmountInterestRepayment_Debt_OfficialCreditor_IBRD_PubliclyGuaranteed_Multilateral_LongTermExternalDebt","107","[P1Y]","[]","[USDollar]","[]"
"1972","AmountInterestRepayment_Debt_PubliclyGuaranteed_LongTermExternalDebt_LenderCountryJAM","11","[P1Y]","[]","[USDollar]","[]"
"1978","AmountInterestRepayment_Debt_OfficialCreditor_PubliclyGuaranteed_LongTermExternalDebt_LenderCountryECU","5","[P1Y]","[]","[USDollar]","[]"
"1970","AmountInterestRepayment_Debt_OfficialCreditor_PubliclyGuaranteed_LongTermExternalDebt_LenderCountryGHA","11","[P1Y]","[]","[USDollar]","[]"
"2009","AmountInterestRepayment_Debt_OfficialCreditor_PubliclyGuaranteed_LongTermExternalDebt_LenderECOTradeandDevBank","11","[P1Y]","[, WorldBankProjection]","[USDollar]","[]"
"1975","AmountInterestRepayment_Debt_OfficialCreditor_PubliclyGuaranteed_LongTermExternalDebt_LenderCountryVEN","34","[P1Y]","[, WorldBankProjection]","[USDollar]","[]"
"2004","AmountInterestRepayment_Debt_OfficialCreditor_PubliclyGuaranteed_LongTermExternalDebt_LenderCountryMUS","7","[P1Y]","[]","[USDollar]","[]"
"1970","AmountInterestRepayment_Debt_OfficialCreditor_PubliclyGuaranteed_LongTermExternalDebt_LenderCountryCAN","79","[P1Y]","[, WorldBankProjection]","[USDollar]","[]"
"1970","AmountInterestRepayment_Debt_LongTermExternalDebt_LenderCountryZMB","9","[P1Y]","[]","[USDollar]","[]"
"1970","AmountInterestRepayment_Debt_OfficialCreditor_PubliclyGuaranteed_LongTermExternalDebt_LenderCentralAmericanBankforEconIntegration","17","[P1Y]","[, WorldBankProjection]","[USDollar]","[]"
"1974","AmountInterestRepayment_Debt_PrivateCreditor_PubliclyGuaranteed_LongTermExternalDebt_LenderCountryNZL","13","[P1Y]","[]","[USDollar]","[]"
"1970","AmountInterestRepayment_Debt_PubliclyGuaranteed_LongTermExternalDebt_LenderCountryPOL","53","[P1Y]","[, WorldBankProjection]","[USDollar]","[]"
"1970","AmountInterestRepayment_Debt_PrivateCreditor_PubliclyGuaranteed_WorldBankOtherPrivate_LongTermExternalDebt_LenderCountryDNK","44","[P1Y]","[]","[USDollar]","[]"
"1978","AmountInterestRepayment_Debt_LongTermExternalDebt_LenderCountryECU","9","[P1Y]","[]","[USDollar]","[]"
"1988","AmountInterestRepayment_Debt_PubliclyGuaranteed_LongTermExternalDebt_LenderInternationalBankforEconomicCooperation","13","[P1Y]","[, WorldBankProjection]","[USDollar]","[]"
"2016","AmountInterestRepayment_Debt_LongTermExternalDebt_LenderIslamicSolidarityFundforDev","7","[P1Y]","[, WorldBankProjection]","[USDollar]","[]"
"1986","AmountInterestRepayment_Debt_PubliclyGuaranteed_LongTermExternalDebt_LenderCountryCUB","13","[P1Y]","[]","[USDollar]","[]"
"2017","AmountInterestRepayment_Debt_PrivateCreditor_PubliclyGuaranteed_LongTermExternalDebt_LenderCountryHND","5","[P1Y]","[, WorldBankProjection]","[USDollar]","[]"
"1977","AmountInterestRepayment_Debt_LongTermExternalDebt_LenderCountryKOR","71","[P1Y]","[, WorldBankProjection]","[USDollar]","[]"
"1983","AmountInterestRepayment_Debt_PrivateCreditor_PubliclyGuaranteed_CommercialBank_LongTermExternalDebt_LenderCountryEGY","5","[P1Y]","[]","[USDollar]","[]"
"1970","AmountInterestRepayment_Debt_OfficialCreditor_PubliclyGuaranteed_Multilateral_LongTermExternalDebt","134","[P1Y]","[, WorldBankProjection]","[USDollar]","[]"
"1970","AmountInterestRepayment_Debt_PrivateCreditor_PubliclyGuaranteed_WorldBankOtherPrivate_LongTermExternalDebt_LenderCountryFRA","104","[P1Y]","[, WorldBankProjection]","[USDollar]","[]"
"1970","AmountInterestRepayment_Debt_PrivateCreditor_PubliclyGuaranteed_LongTermExternalDebt_LenderCountryDEU","105","[P1Y]","[, WorldBankProjection]","[USDollar]","[]"
"1981","AmountInterestRepayment_Debt_OfficialCreditor_PubliclyGuaranteed_LongTermExternalDebt_LenderCentralBankofWestAfricanStates","16","[P1Y]","[, WorldBankProjection]","[USDollar]","[]"
"1970","AmountInterestRepayment_Debt_PrivateCreditor_PubliclyGuaranteed_WorldBankOtherPrivate_LongTermExternalDebt_LenderCountrySUN","41","[P1Y]","[]","[USDollar]","[]"
"1970","AmountInterestRepayment_Debt_LongTermExternalDebt_LenderArabBankforEconomicDevinAfrica","51","[P1Y]","[, WorldBankProjection]","[USDollar]","[]"
"1993","AmountInterestRepayment_Debt_PrivateCreditor_PubliclyGuaranteed_LongTermExternalDebt_LenderCountryCZE","32","[P1Y]","[, WorldBankProjection]","[USDollar]","[]"
"2003","AmountInterestRepayment_Debt_PubliclyGuaranteed_LongTermExternalDebt_LenderEuropeanUnion","20","[P1Y]","[, WorldBankProjection]","[USDollar]","[]"
"1995","AmountInterestRepayment_Debt_PrivateCreditor_PubliclyGuaranteed_LongTermExternalDebt_LenderCountryLKA","7","[P1Y]","[, WorldBankProjection]","[USDollar]","[]"
"1970","AmountInterestRepayment_Debt_PubliclyGuaranteed_LongTermExternalDebt_LenderBondholders","102","[P1Y]","[, WorldBankProjection]","[USDollar]","[]"
"1970","AmountInterestRepayment_Debt_PrivateCreditor_PubliclyGuaranteed_LongTermExternalDebt_LenderCountryAUT","86","[P1Y]","[, WorldBankProjection]","[USDollar]","[]"
"1980","AmountInterestRepayment_Debt_OfficialCreditor_PubliclyGuaranteed_Bilateral_LongTermExternalDebt_LenderCountrySGP","15","[P1Y]","[]","[USDollar]","[]"
"1988","AmountInterestRepayment_Debt_PrivateCreditor_PubliclyGuaranteed_CommercialBank_LongTermExternalDebt_LenderCountryZWE","7","[P1Y]","[]","[USDollar]","[]"
"2001","AmountInterestRepayment_Debt_OfficialCreditor_Concessional_PubliclyGuaranteed_Multilateral_LongTermExternalDebt_LenderEconomicCommunityofWestAfricanStates","10","[P1Y]","[]","[USDollar]","[]"
"1997","AmountInterestRepayment_Debt_OfficialCreditor_PubliclyGuaranteed_Bilateral_LongTermExternalDebt_LenderCountryUKR","5","[P1Y]","[]","[USDollar]","[]"
"1999","AmountInterestRepayment_Debt_PrivateCreditor_PubliclyGuaranteed_LongTermExternalDebt_LenderCountryCYP","19","[P1Y]","[]","[USDollar]","[]"
"1970","AmountInterestRepayment_Debt_PubliclyGuaranteed_LongTermExternalDebt_LenderCountryNOR","69","[P1Y]","[, WorldBankProjection]","[USDollar]","[]"
"1978","AmountInterestRepayment_Debt_OfficialCreditor_PubliclyGuaranteed_Multilateral_LongTermExternalDebt_LenderEuropeanEconomicCommunity","58","[P1Y]","[, WorldBankProjection]","[USDollar]","[]"
"1970","AmountInterestRepayment_Debt_PrivateCreditor_PubliclyGuaranteed_LongTermExternalDebt_LenderCountryAUS","39","[P1Y]","[, WorldBankProjection]","[USDollar]","[]"
"2000","AmountInterestRepayment_Debt_LongTermExternalDebt_LenderUNWorldFoodProgramme","7","[P1Y]","[]","[USDollar]","[]"
"1970","AmountInterestRepayment_Debt_OfficialCreditor_PubliclyGuaranteed_Bilateral_LongTermExternalDebt_LenderCountryBEL","83","[P1Y]","[, WorldBankProjection]","[USDollar]","[]"
"1973","AmountInterestRepayment_Debt_PrivateCreditor_PubliclyGuaranteed_LongTermExternalDebt_LenderCountryPRT","25","[P1Y]","[, WorldBankProjection]","[USDollar]","[]"
"1970","AmountInterestRepayment_Debt_LongTermExternalDebt_LenderCountryZAF","44","[P1Y]","[, WorldBankProjection]","[USDollar]","[]"
"1976","AmountInterestRepayment_Debt_OfficialCreditor_PubliclyGuaranteed_Multilateral_LongTermExternalDebt_LenderArabLeague","13","[P1Y]","[]","[USDollar]","[]"
"1995","AmountInterestRepayment_Debt_PrivateCreditor_PubliclyGuaranteed_LongTermExternalDebt_LenderCountryPRY","5","[P1Y]","[]","[USDollar]","[]"
"1972","AmountInterestRepayment_Debt_PrivateCreditor_PubliclyGuaranteed_LongTermExternalDebt_LenderCountryCYM","18","[P1Y]","[, WorldBankProjection]","[USDollar]","[]"
"1970","AmountInterestRepayment_Debt_OfficialCreditor_IDA_PubliclyGuaranteed_Multilateral_LongTermExternalDebt_LenderWorldBankIDA","119","[P1Y]","[]","[USDollar]","[]"
"2007","AmountInterestRepayment_Debt_PrivateCreditor_PubliclyGuaranteed_WorldBankOtherPrivate_LongTermExternalDebt_LenderCountrySVN","5","[P1Y]","[]","[USDollar]","[]"
"1978","AmountInterestRepayment_Debt_LongTermExternalDebt_LenderCountryKEN","12","[P1Y]","[]","[USDollar]","[]"
"1977","AmountInterestRepayment_Debt_LongTermExternalDebt_LenderOPECFundforInternationalDev","111","[P1Y]","[, WorldBankProjection]","[USDollar]","[]"
"2020","AmountInterestRepayment_Debt_PubliclyGuaranteed_LongTermExternalDebt_LenderUNPopulationFund","5","[P1Y]","[, WorldBankProjection]","[USDollar]","[]"
"1999","AmountInterestRepayment_Debt_PrivateCreditor_PubliclyGuaranteed_WorldBankOtherPrivate_LongTermExternalDebt_LenderCountrySVK","7","[P1Y]","[]","[USDollar]","[]"
"1994","AmountInterestRepayment_Debt_LongTermExternalDebt_LenderCountryUZB","10","[P1Y]","[]","[USDollar]","[]"
"1970","AmountInterestRepayment_Debt_OfficialCreditor_PubliclyGuaranteed_Bilateral_LongTermExternalDebt_LenderMultipleLenders","81","[P1Y]","[, WorldBankProjection]","[USDollar]","[]"
"1970","AmountInterestRepayment_Debt_LongTermExternalDebt_LenderEuropeanInvestmentBank","120","[P1Y]","[, WorldBankProjection]","[USDollar]","[]"
"1982","AmountInterestRepayment_Debt_LongTermExternalDebt_LenderCountryOMN","17","[P1Y]","[]","[USDollar]","[]"
"1975","AmountInterestRepayment_Debt_OfficialCreditor_Concessional_PubliclyGuaranteed_Multilateral_LongTermExternalDebt_LenderCentralAmericanBankforEconIntegration","11","[P1Y]","[]","[USDollar]","[]"
"1970","AmountInterestRepayment_Debt_PubliclyGuaranteed_LongTermExternalDebt","134","[P1Y]","[, WorldBankProjection]","[USDollar]","[]"
"1971","AmountInterestRepayment_Debt_OfficialCreditor_PubliclyGuaranteed_LongTermExternalDebt_LenderCountryCOD","8","[P1Y]","[]","[USDollar]","[]"
"1970","AmountInterestRepayment_Debt_OfficialCreditor_PubliclyGuaranteed_Bilateral_LongTermExternalDebt_LenderCountryQAT","19","[P1Y]","[, WorldBankProjection]","[USDollar]","[]"
"2023","AmountInterestRepayment_Debt_PrivateCreditor_PubliclyGuaranteed_CommercialBank_LongTermExternalDebt_LenderCountryCIV","8","[P1Y]","[, WorldBankProjection]","[USDollar]","[]"
"2012","AmountInterestRepayment_Debt_OfficialCreditor_PubliclyGuaranteed_LongTermExternalDebt_LenderCountryCOG","13","[P1Y]","[, WorldBankProjection]","[USDollar]","[]"
"1970","AmountInterestRepayment_Debt_LongTermExternalDebt_LenderCountrySUN","60","[P1Y]","[]","[USDollar]","[]"
"1970","AmountInterestRepayment_Debt_OfficialCreditor_PubliclyGuaranteed_Multilateral_LongTermExternalDebt_LenderWorldBankIDA","119","[P1Y]","[, WorldBankProjection]","[USDollar]","[]"
"2007","AmountInterestRepayment_Debt_OfficialCreditor_PubliclyGuaranteed_Bilateral_LongTermExternalDebt_LenderCountryBDI","7","[P1Y]","[]","[USDollar]","[]"
"2013","AmountInterestRepayment_Debt_PrivateCreditor_PubliclyGuaranteed_CommercialBank_LongTermExternalDebt_LenderCountryGRD","6","[P1Y]","[, WorldBankProjection]","[USDollar]","[]"
"1970","AmountInterestRepayment_Debt_OfficialCreditor_PubliclyGuaranteed_LongTermExternalDebt_LenderCountryCOL","10","[P1Y]","[]","[USDollar]","[]"
"1995","AmountInterestRepayment_Debt_PrivateCreditor_PubliclyGuaranteed_WorldBankOtherPrivate_LongTermExternalDebt_LenderCountryKEN","8","[P1Y]","[]","[USDollar]","[]"
"1970","AmountInterestRepayment_Debt_OfficialCreditor_PubliclyGuaranteed_LongTermExternalDebt_LenderCountryESP","85","[P1Y]","[, WorldBankProjection]","[USDollar]","[]"
"2003","AmountInterestRepayment_Debt_PrivateCreditor_PubliclyGuaranteed_CommercialBank_LongTermExternalDebt_LenderCountryGRC","14","[P1Y]","[]","[USDollar]","[]"
"1970","AmountInterestRepayment_Debt_PrivateCreditor_PubliclyGuaranteed_LongTermExternalDebt_LenderCountryNOR","49","[P1Y]","[, WorldBankProjection]","[USDollar]","[]"
"2012","AmountInterestRepayment_Debt_LongTermExternalDebt_LenderAfricanExportImportBank","31","[P1Y]","[, WorldBankProjection]","[USDollar]","[]"
"2014","AmountInterestRepayment_Debt_OfficialCreditor_Concessional_PubliclyGuaranteed_Multilateral_LongTermExternalDebt_LenderBolivarianAlliancefortheAmericas","6","[P1Y]","[]","[USDollar]","[]"
"1998","AmountInterestRepayment_Debt_OfficialCreditor_Concessional_PubliclyGuaranteed_Multilateral_LongTermExternalDebt_LenderArabMonetaryFund","7","[P1Y]","[]","[USDollar]","[]"
"1970","AmountInterestRepayment_Debt_LongTermExternalDebt_LenderOtherMultipleLenders","107","[P1Y]","[, WorldBankProjection]","[USDollar]","[]"
"1974","AmountInterestRepayment_Debt_PrivateCreditor_PubliclyGuaranteed_WorldBankOtherPrivate_LongTermExternalDebt_LenderCountryDZA","7","[P1Y]","[]","[USDollar]","[]"
"1995","AmountInterestRepayment_Debt_PrivateCreditor_PubliclyGuaranteed_WorldBankOtherPrivate_LongTermExternalDebt_LenderCountryMKD","6","[P1Y]","[]","[USDollar]","[]"
"1982","AmountInterestRepayment_Debt_PubliclyGuaranteed_LongTermExternalDebt_LenderCountryPRI","7","[P1Y]","[]","[USDollar]","[]"
"1975","AmountInterestRepayment_Debt_PubliclyGuaranteed_LongTermExternalDebt_LenderArabFundforEconomicSocialDevelopment","30","[P1Y]","[, WorldBankProjection]","[USDollar]","[]"
"2011","AmountInterestRepayment_Debt_LongTermExternalDebt_LenderEurasianDevelopmentBank","11","[P1Y]","[, WorldBankProjection]","[USDollar]","[]"
"2017","AmountInterestRepayment_Debt_OfficialCreditor_PubliclyGuaranteed_Multilateral_LongTermExternalDebt_LenderNewDevelopmentBank","10","[P1Y]","[, WorldBankProjection]","[USDollar]","[]"
"2019","AmountInterestRepayment_Debt_OfficialCreditor_PubliclyGuaranteed_Multilateral_LongTermExternalDebt_LenderNordicEnvironmentFinanceCorporation","6","[P1Y]","[, WorldBankProjection]","[USDollar]","[]"
"1980","AmountInterestRepayment_Debt_PubliclyGuaranteed_LongTermExternalDebt_LenderCountryPRK","14","[P1Y]","[, WorldBankProjection]","[USDollar]","[]"
"1970","AmountInterestRepayment_Debt_PrivateCreditor_PubliclyGuaranteed_CommercialBank_LongTermExternalDebt_LenderCountryKWT","28","[P1Y]","[, WorldBankProjection]","[USDollar]","[]"
"1978","AmountInterestRepayment_Debt_PrivateCreditor_PubliclyGuaranteed_CommercialBank_LongTermExternalDebt_LenderCountryISR","32","[P1Y]","[, WorldBankProjection]","[USDollar]","[]"
"1970","AmountInterestRepayment_Debt_PrivateCreditor_PubliclyGuaranteed_WorldBankOtherPrivate_LongTermExternalDebt_LenderCountrySWE","60","[P1Y]","[, WorldBankProjection]","[USDollar]","[]"
"1970","AmountInterestRepayment_Debt_OfficialCreditor_Concessional_PubliclyGuaranteed_Bilateral_LongTermExternalDebt_LenderCountryDEU","105","[P1Y]","[, WorldBankProjection]","[USDollar]","[]"
"1970","AmountInterestRepayment_Debt_OfficialCreditor_PubliclyGuaranteed_Multilateral_LongTermExternalDebt_LenderCentralAmericanBankforEconIntegration","17","[P1Y]","[, WorldBankProjection]","[USDollar]","[]"
"1994","AmountInterestRepayment_Debt_LongTermExternalDebt_LenderCountryKAZ","11","[P1Y]","[, WorldBankProjection]","[USDollar]","[]"
"1978","AmountInterestRepayment_Debt_OfficialCreditor_PubliclyGuaranteed_Multilateral_LongTermExternalDebt_LenderWestAfricanDevelopmentBank","17","[P1Y]","[, WorldBankProjection]","[USDollar]","[]"
"1978","AmountInterestRepayment_Debt_PubliclyGuaranteed_LongTermExternalDebt_LenderCountryRUS","78","[P1Y]","[, WorldBankProjection]","[USDollar]","[]"
"1986","AmountInterestRepayment_Debt_PrivateCreditor_PubliclyGuaranteed_CommercialBank_LongTermExternalDebt_LenderCountryTHA","10","[P1Y]","[, WorldBankProjection]","[USDollar]","[]"
"1999","AmountInterestRepayment_Debt_OfficialCreditor_Concessional_PubliclyGuaranteed_Bilateral_LongTermExternalDebt_LenderCountryLUX","9","[P1Y]","[]","[USDollar]","[]"
"1984","AmountInterestRepayment_Debt_OfficialCreditor_PubliclyGuaranteed_LongTermExternalDebt_LenderCountryGTM","9","[P1Y]","[]","[USDollar]","[]"
"1972","AmountInterestRepayment_Debt_PubliclyGuaranteed_LongTermExternalDebt_LenderCountryTZA","11","[P1Y]","[]","[USDollar]","[]"
"1970","AmountInterestRepayment_Debt_LongTermExternalDebt_LenderCountryMEX","23","[P1Y]","[]","[USDollar]","[]"
"1973","AmountInterestRepayment_Debt_OfficialCreditor_Concessional_PubliclyGuaranteed_Bilateral_LongTermExternalDebt_LenderCountryFIN","27","[P1Y]","[]","[USDollar]","[]"
"1970","AmountInterestRepayment_Debt_OfficialCreditor_PubliclyGuaranteed_Bilateral_LongTermExternalDebt_LenderCountryBGR","38","[P1Y]","[, WorldBankProjection]","[USDollar]","[]"
"1973","AmountInterestRepayment_Debt_PubliclyGuaranteed_LongTermExternalDebt_LenderEastAfricanCommunity","10","[P1Y]","[]","[USDollar]","[]"
"1978","AmountInterestRepayment_Debt_OfficialCreditor_PubliclyGuaranteed_LongTermExternalDebt_LenderEuropeanEconomicCommunity","58","[P1Y]","[, WorldBankProjection]","[USDollar]","[]"
"1970","AmountInterestRepayment_Debt_LongTermExternalDebt_LenderCountrySRB","57","[P1Y]","[, WorldBankProjection]","[USDollar]","[]"
"1975","AmountInterestRepayment_Debt_OfficialCreditor_PubliclyGuaranteed_LongTermExternalDebt_LenderCountryPER","10","[P1Y]","[]","[USDollar]","[]"
"1990","AmountInterestRepayment_Debt_PrivateNonGuaranteed_LongTermExternalDebt_LenderBondholders","62","[P1Y]","[, WorldBankProjection]","[USDollar]","[]"
"1975","AmountInterestRepayment_Debt_PrivateCreditor_PubliclyGuaranteed_WorldBankOtherPrivate_LongTermExternalDebt_LenderCountryMLI","8","[P1Y]","[]","[USDollar]","[]"
"1996","AmountInterestRepayment_Debt_OfficialCreditor_PubliclyGuaranteed_LongTermExternalDebt_LenderCountryCMR","11","[P1Y]","[, WorldBankProjection]","[USDollar]","[]"
"1995","AmountInterestRepayment_Debt_PubliclyGuaranteed_LongTermExternalDebt_LenderCountryLKA","7","[P1Y]","[, WorldBankProjection]","[USDollar]","[]"
"1970","AmountInterestRepayment_Debt_PrivateCreditor_PubliclyGuaranteed_CommercialBank_LongTermExternalDebt_LenderCountryCHE","74","[P1Y]","[, WorldBankProjection]","[USDollar]","[]"
"1977","AmountInterestRepayment_Debt_OfficialCreditor_PubliclyGuaranteed_LongTermExternalDebt_LenderCountryGUY","7","[P1Y]","[]","[USDollar]","[]"
"1970","AmountInterestRepayment_Debt_PubliclyGuaranteed_LongTermExternalDebt_LenderCountryAUT","95","[P1Y]","[, WorldBankProjection]","[USDollar]","[]"
"1970","AmountInterestRepayment_Debt_PrivateCreditor_PubliclyGuaranteed_CommercialBank_LongTermExternalDebt_LenderCountryPAN","21","[P1Y]","[, WorldBankProjection]","[USDollar]","[]"
"1977","AmountInterestRepayment_Debt_LongTermExternalDebt_LenderCountryBRB","12","[P1Y]","[, WorldBankProjection]","[USDollar]","[]"
"1970","AmountInterestRepayment_Debt_LongTermExternalDebt_LenderCountryBRA","57","[P1Y]","[, WorldBankProjection]","[USDollar]","[]"
"1996","AmountInterestRepayment_Debt_PrivateCreditor_PubliclyGuaranteed_CommercialBank_LongTermExternalDebt_LenderCountryCHN","43","[P1Y]","[, WorldBankProjection]","[USDollar]","[]"
"1989","AmountInterestRepayment_Debt_LongTermExternalDebt_LenderCountryBRN","7","[P1Y]","[]","[USDollar]","[]"
"1979","AmountInterestRepayment_Debt_PrivateCreditor_PubliclyGuaranteed_CommercialBank_LongTermExternalDebt_LenderCountryCHL","6","[P1Y]","[]","[USDollar]","[]"
"1993","AmountInterestRepayment_Debt_PubliclyGuaranteed_LongTermExternalDebt_LenderCountryCZE","51","[P1Y]","[, WorldBankProjection]","[USDollar]","[]"
"1982","AmountInterestRepayment_Debt_PrivateCreditor_PubliclyGuaranteed_LongTermExternalDebt_LenderCountryPRI","6","[P1Y]","[]","[USDollar]","[]"
"2001","AmountInterestRepayment_Debt_OfficialCreditor_Concessional_PubliclyGuaranteed_Bilateral_LongTermExternalDebt_LenderMultipleLenders","14","[P1Y]","[, WorldBankProjection]","[USDollar]","[]"
"1973","AmountInterestRepayment_Debt_PubliclyGuaranteed_LongTermExternalDebt_LenderCountryPRT","27","[P1Y]","[, WorldBankProjection]","[USDollar]","[]"
"1972","AmountInterestRepayment_Debt_PrivateCreditor_PubliclyGuaranteed_LongTermExternalDebt_LenderCountryTZA","5","[P1Y]","[]","[USDollar]","[]"
"1995","AmountInterestRepayment_Debt_PubliclyGuaranteed_LongTermExternalDebt_LenderCountryPRY","5","[P1Y]","[]","[USDollar]","[]"
"1972","AmountInterestRepayment_Debt_PubliclyGuaranteed_LongTermExternalDebt_LenderCountryCYM","18","[P1Y]","[, WorldBankProjection]","[USDollar]","[]"
"1999","AmountInterestRepayment_Debt_PubliclyGuaranteed_LongTermExternalDebt_LenderCountryCYP","19","[P1Y]","[]","[USDollar]","[]"
"2020","AmountInterestRepayment_Debt_OfficialCreditor_PubliclyGuaranteed_Multilateral_LongTermExternalDebt_LenderUNPopulationFund","5","[P1Y]","[, WorldBankProjection]","[USDollar]","[]"
"1990","AmountInterestRepayment_Debt_PrivateCreditor_PubliclyGuaranteed_LongTermExternalDebt_LenderCountryRUS","34","[P1Y]","[, WorldBankProjection]","[USDollar]","[]"
"2013","AmountInterestRepayment_Debt_OfficialCreditor_PubliclyGuaranteed_Bilateral_LongTermExternalDebt_LenderCountryHRV","5","[P1Y]","[]","[USDollar]","[]"
"1970","AmountInterestRepayment_Debt_PubliclyGuaranteed_LongTermExternalDebt_LenderCountryAUS","50","[P1Y]","[, WorldBankProjection]","[USDollar]","[]"
"1971","AmountInterestRepayment_Debt_OfficialCreditor_Concessional_PubliclyGuaranteed_Bilateral_LongTermExternalDebt_LenderCountryJPN","98","[P1Y]","[, WorldBankProjection]","[USDollar]","[]"
"1970","AmountInterestRepayment_Debt_PrivateCreditor_PubliclyGuaranteed_CommercialBank_LongTermExternalDebt_LenderCountryITA","63","[P1Y]","[, WorldBankProjection]","[USDollar]","[]"
"1981","AmountInterestRepayment_Debt_OfficialCreditor_Concessional_PubliclyGuaranteed_Bilateral_LongTermExternalDebt_LenderCountrySAU","59","[P1Y]","[, WorldBankProjection]","[USDollar]","[]"
"1970","AmountInterestRepayment_Debt_OfficialCreditor_PubliclyGuaranteed_Bilateral_LongTermExternalDebt_LenderCountryFRA","123","[P1Y]","[, WorldBankProjection]","[USDollar]","[]"
"1985","AmountInterestRepayment_Debt_LongTermExternalDebt_LenderCountryIDN","8","[P1Y]","[, WorldBankProjection]","[USDollar]","[]"
"2011","AmountInterestRepayment_Debt_PrivateCreditor_PubliclyGuaranteed_LongTermExternalDebt_LenderCountryAZE","5","[P1Y]","[]","[USDollar]","[]"
"1974","AmountInterestRepayment_Debt_PrivateCreditor_PubliclyGuaranteed_WorldBankOtherPrivate_LongTermExternalDebt_LenderCountryBOL","5","[P1Y]","[]","[USDollar]","[]"
"1970","AmountInterestRepayment_Debt_OfficialCreditor_Concessional_PubliclyGuaranteed_Multilateral_LongTermExternalDebt_LenderWorldBankIDA","118","[P1Y]","[]","[USDollar]","[]"
"1970","AmountInterestRepayment_Debt_OfficialCreditor_PubliclyGuaranteed_Bilateral_LongTermExternalDebt_LenderCountryDNK","56","[P1Y]","[, WorldBankProjection]","[USDollar]","[]"
"1984","AmountInterestRepayment_Debt_LongTermExternalDebt_LenderCountryMLT","8","[P1Y]","[]","[USDollar]","[]"
"1970","AmountInterestRepayment_Debt_OfficialCreditor_PubliclyGuaranteed_LongTermExternalDebt_LenderCountryGRC","15","[P1Y]","[, WorldBankProjection]","[USDollar]","[]"
"1975","AmountInterestRepayment_Debt_LongTermExternalDebt_LenderCountryMLI","8","[P1Y]","[]","[USDollar]","[]"
"1970","AmountInterestRepayment_Debt_OfficialCreditor_PubliclyGuaranteed_Multilateral_LongTermExternalDebt_LenderInterAmericanDevBank","30","[P1Y]","[, WorldBankProjection]","[USDollar]","[]"
"1995","AmountInterestRepayment_Debt_OfficialCreditor_PubliclyGuaranteed_LongTermExternalDebt_LenderCountryTKM","8","[P1Y]","[]","[USDollar]","[]"
"1979","AmountInterestRepayment_Debt_PubliclyGuaranteed_LongTermExternalDebt_LenderInternationalFundforAgriculturalDev","121","[P1Y]","[, WorldBankProjection]","[USDollar]","[]"
"2015","AmountInterestRepayment_Debt_OfficialCreditor_Concessional_PubliclyGuaranteed_Multilateral_LongTermExternalDebt_LenderMultipleLenders","12","[P1Y]","[]","[USDollar]","[]"
"1983","AmountInterestRepayment_Debt_PubliclyGuaranteed_LongTermExternalDebt_LenderNordicDevelopmentFund","51","[P1Y]","[, WorldBankProjection]","[USDollar]","[]"
"1980","AmountInterestRepayment_Debt_OfficialCreditor_PubliclyGuaranteed_LongTermExternalDebt_LenderCountryAGO","15","[P1Y]","[, WorldBankProjection]","[USDollar]","[]"
"2018","AmountInterestRepayment_Debt_OfficialCreditor_PubliclyGuaranteed_LongTermExternalDebt_LenderOrgofArabPetroleumExportingCountries","5","[P1Y]","[]","[USDollar]","[]"
"1970","AmountInterestRepayment_Debt_PrivateCreditor_PubliclyGuaranteed_WorldBankOtherPrivate_LongTermExternalDebt_LenderCountrySRB","47","[P1Y]","[]","[USDollar]","[]"
"2001","AmountInterestRepayment_Debt_PrivateCreditor_PubliclyGuaranteed_WorldBankOtherPrivate_LongTermExternalDebt_LenderCountryKAZ","7","[P1Y]","[]","[USDollar]","[]"
"1979","AmountInterestRepayment_Debt_OfficialCreditor_PubliclyGuaranteed_LongTermExternalDebt_LenderInternationalFundforAgriculturalDev","121","[P1Y]","[, WorldBankProjection]","[USDollar]","[]"
"2008","AmountInterestRepayment_Debt_OfficialCreditor_PubliclyGuaranteed_Bilateral_LongTermExternalDebt_LenderCountryBIH","6","[P1Y]","[]","[USDollar]","[]"
"1970","AmountInterestRepayment_Debt_OfficialCreditor_PubliclyGuaranteed_Bilateral_LongTermExternalDebt_LenderCountryHUN","49","[P1Y]","[, WorldBankProjection]","[USDollar]","[]"
"1970","AmountInterestRepayment_Debt_PrivateCreditor_PubliclyGuaranteed_WorldBankOtherPrivate_LongTermExternalDebt_LenderCountryMEX","18","[P1Y]","[]","[USDollar]","[]"
"2023","AmountInterestRepayment_Debt_PrivateCreditor_PubliclyGuaranteed_CommercialBank_LongTermExternalDebt_LenderCountryGUY","6","[P1Y]","[]","[USDollar]","[]"
"2004","AmountInterestRepayment_Debt_OfficialCreditor_PubliclyGuaranteed_Bilateral_LongTermExternalDebt_LenderCountryBHS","6","[P1Y]","[]","[USDollar]","[]"
"1970","AmountInterestRepayment_Debt_OfficialCreditor_PubliclyGuaranteed_Bilateral_LongTermExternalDebt_LenderCountryBHR","5","[P1Y]","[]","[USDollar]","[]"
"2020","AmountInterestRepayment_Debt_PubliclyGuaranteed_LongTermExternalDebt_LenderSouthAsianDevelopmentFund","7","[P1Y]","[, WorldBankProjection]","[USDollar]","[]"
"2014","AmountInterestRepayment_Debt_LongTermExternalDebt_LenderWorldTradeOrganization","11","[P1Y]","[, WorldBankProjection]","[USDollar]","[]"
"1976","AmountInterestRepayment_Debt_LongTermExternalDebt_LenderCountryGAB","6","[P1Y]","[]","[USDollar]","[]"
"1971","AmountInterestRepayment_Debt_OfficialCreditor_PubliclyGuaranteed_LongTermExternalDebt_LenderCountryCHN","120","[P1Y]","[, WorldBankProjection]","[USDollar]","[]"
"2020","AmountInterestRepayment_Debt_OfficialCreditor_Concessional_PubliclyGuaranteed_Multilateral_LongTermExternalDebt_LenderNewDevelopmentBank","10","[P1Y]","[]","[USDollar]","[]"
"1973","AmountInterestRepayment_Debt_OfficialCreditor_PubliclyGuaranteed_LongTermExternalDebt_LenderCaribbeanDevBank","16","[P1Y]","[, WorldBankProjection]","[USDollar]","[]"
"1970","AmountInterestRepayment_Debt_OfficialCreditor_PubliclyGuaranteed_Bilateral_LongTermExternalDebt_LenderCountryMAR","13","[P1Y]","[]","[USDollar]","[]"
"2017","AmountInterestRepayment_Debt_OfficialCreditor_PubliclyGuaranteed_LongTermExternalDebt_LenderAsianInfrastructureInvestmentBank","39","[P1Y]","[, WorldBankProjection]","[USDollar]","[]"
"1970","AmountInterestRepayment_Debt_PrivateCreditor_PubliclyGuaranteed_WorldBankOtherPrivate_LongTermExternalDebt","125","[P1Y]","[, WorldBankProjection]","[USDollar]","[]"
"1977","AmountInterestRepayment_Debt_OfficialCreditor_PubliclyGuaranteed_Multilateral_LongTermExternalDebt_LenderIslamicDevBank","63","[P1Y]","[, WorldBankProjection]","[USDollar]","[]"
"1980","AmountInterestRepayment_Debt_LongTermExternalDebt_LenderPlataBasinFinancialDevFund","9","[P1Y]","[, WorldBankProjection]","[USDollar]","[]"
"1970","AmountInterestRepayment_Debt_LongTermExternalDebt_LenderEUROFIMA","9","[P1Y]","[, WorldBankProjection]","[USDollar]","[]"
"1970","AmountInterestRepayment_Debt_OfficialCreditor_PubliclyGuaranteed_LongTermExternalDebt_LenderAfricanDevBank","59","[P1Y]","[, WorldBankProjection]","[USDollar]","[]"
"1996","AmountInterestRepayment_Debt_LongTermExternalDebt_LenderCountrySVK","21","[P1Y]","[]","[USDollar]","[]"
"1985","AmountInterestRepayment_Debt_OfficialCreditor_PubliclyGuaranteed_LongTermExternalDebt_LenderCountryPAK","20","[P1Y]","[, WorldBankProjection]","[USDollar]","[]"
"2017","AmountInterestRepayment_Debt_OfficialCreditor_PubliclyGuaranteed_LongTermExternalDebt_LenderNewDevelopmentBank","10","[P1Y]","[, WorldBankProjection]","[USDollar]","[]"
"2002","AmountInterestRepayment_Debt_LongTermExternalDebt_LenderCountrySVN","8","[P1Y]","[, WorldBankProjection]","[USDollar]","[]"
"1970","AmountInterestRepayment_Debt_OfficialCreditor_PubliclyGuaranteed_LongTermExternalDebt_LenderCountryITA","95","[P1Y]","[, WorldBankProjection]","[USDollar]","[]"
"1970","AmountInterestRepayment_Debt_OfficialCreditor_PubliclyGuaranteed_LongTermExternalDebt_LenderCountryCHE","67","[P1Y]","[, WorldBankProjection]","[USDollar]","[]"
"1988","AmountInterestRepayment_Debt_PubliclyGuaranteed_LongTermExternalDebt_LenderArabFundforTechAssisttoAfricanCountries","10","[P1Y]","[]","[USDollar]","[]"
"1983","AmountInterestRepayment_Debt_OfficialCreditor_PubliclyGuaranteed_LongTermExternalDebt_LenderCountryPAN","7","[P1Y]","[]","[USDollar]","[]"
"1993","AmountInterestRepayment_Debt_PubliclyGuaranteed_LongTermExternalDebt_LenderEuropeanBankforReconstructionandDev","31","[P1Y]","[, WorldBankProjection]","[USDollar]","[]"
"1985","AmountInterestRepayment_Debt_OfficialCreditor_PubliclyGuaranteed_LongTermExternalDebt_LenderCountryZWE","8","[P1Y]","[]","[USDollar]","[]"
"1997","AmountInterestRepayment_Debt_PrivateCreditor_PubliclyGuaranteed_CommercialBank_LongTermExternalDebt_LenderCountryGTM","7","[P1Y]","[]","[USDollar]","[]"
"1995","AmountInterestRepayment_Debt_OfficialCreditor_PubliclyGuaranteed_Multilateral_LongTermExternalDebt_LenderEasternSouthernAfricanTradeDevBank","18","[P1Y]","[, WorldBankProjection]","[USDollar]","[]"
"1979","AmountInterestRepayment_Debt_PrivateCreditor_PubliclyGuaranteed_CommercialBank_LongTermExternalDebt_LenderCountryPER","8","[P1Y]","[]","[USDollar]","[]"
"1978","AmountInterestRepayment_Debt_PrivateCreditor_PubliclyGuaranteed_WorldBankOtherPrivate_LongTermExternalDebt_LenderNethAntilles","5","[P1Y]","[]","[USDollar]","[]"
"1979","AmountInterestRepayment_Debt_OfficialCreditor_PubliclyGuaranteed_LongTermExternalDebt_LenderCountryCIV","8","[P1Y]","[]","[USDollar]","[]"
"2000","AmountInterestRepayment_Debt_LongTermExternalDebt_LenderCountryKGZ","7","[P1Y]","[]","[USDollar]","[]"
"1983","AmountInterestRepayment_Debt_OfficialCreditor_PubliclyGuaranteed_Bilateral_LongTermExternalDebt_LenderCountrySLV","7","[P1Y]","[]","[USDollar]","[]"
"1970","AmountInterestRepayment_Debt_PrivateCreditor_PubliclyGuaranteed_WorldBankOtherPrivate_LongTermExternalDebt_LenderCountryZAF","24","[P1Y]","[]","[USDollar]","[]"
"1976","AmountInterestRepayment_Debt_PubliclyGuaranteed_LongTermExternalDebt_LenderUNHighCommissionerforRefugees","6","[P1Y]","[]","[USDollar]","[]"
"1970","AmountInterestRepayment_Debt_OfficialCreditor_Concessional_PubliclyGuaranteed_Bilateral_LongTermExternalDebt","132","[P1Y]","[, WorldBankProjection]","[USDollar]","[]"
"1997","AmountInterestRepayment_Debt_PubliclyGuaranteed_LongTermExternalDebt_LenderCountryAZE","7","[P1Y]","[, WorldBankProjection]","[USDollar]","[]"
"2001","AmountInterestRepayment_Debt_LongTermExternalDebt_LenderCountrySWZ","5","[P1Y]","[]","[USDollar]","[]"
"1988","AmountInterestRepayment_Debt_OfficialCreditor_PubliclyGuaranteed_LongTermExternalDebt_LenderInternationalBankforEconomicCooperation","13","[P1Y]","[, WorldBankProjection]","[USDollar]","[]"
"2007","AmountInterestRepayment_Debt_OfficialCreditor_PubliclyGuaranteed_LongTermExternalDebt_LenderCountryVNM","9","[P1Y]","[, WorldBankProjection]","[USDollar]","[]"
"2009","AmountInterestRepayment_Debt_PrivateCreditor_PubliclyGuaranteed_WorldBankOtherPrivate_LongTermExternalDebt_LenderCountryBRB","6","[P1Y]","[]","[USDollar]","[]"
"1970","AmountInterestRepayment_Debt_LongTermExternalDebt_LenderCountrySWE","81","[P1Y]","[, WorldBankProjection]","[USDollar]","[]"
"1974","AmountInterestRepayment_Debt_LongTermExternalDebt_LenderCountryDZA","35","[P1Y]","[, WorldBankProjection]","[USDollar]","[]"
"1970","AmountInterestRepayment_Debt_PrivateCreditor_PubliclyGuaranteed_WorldBankOtherPrivate_LongTermExternalDebt_LenderCountryBRA","46","[P1Y]","[]","[USDollar]","[]"
"1993","AmountInterestRepayment_Debt_LongTermExternalDebt_LenderCountryMKD","6","[P1Y]","[]","[USDollar]","[]"
"1996","AmountInterestRepayment_Debt_OfficialCreditor_PubliclyGuaranteed_LongTermExternalDebt_LenderCountrySVK","21","[P1Y]","[]","[USDollar]","[]"
"2013","AmountInterestRepayment_Debt_PrivateCreditor_PubliclyGuaranteed_CommercialBank_LongTermExternalDebt_LenderCountryBOL","5","[P1Y]","[]","[USDollar]","[]"
"2008","AmountInterestRepayment_Debt_OfficialCreditor_PubliclyGuaranteed_LongTermExternalDebt_LenderCountrySVN","6","[P1Y]","[]","[USDollar]","[]"
"1970","AmountInterestRepayment_Debt_PubliclyGuaranteed_LongTermExternalDebt_LenderCountrySAU","95","[P1Y]","[, WorldBankProjection]","[USDollar]","[]"
"1970","AmountInterestRepayment_Debt_PubliclyGuaranteed_LongTermExternalDebt_LenderCountryJPN","116","[P1Y]","[, WorldBankProjection]","[USDollar]","[]"
"1977","AmountInterestRepayment_Debt_PubliclyGuaranteed_LongTermExternalDebt_LenderIslamicDevBank","63","[P1Y]","[, WorldBankProjection]","[USDollar]","[]"
"2021","AmountInterestRepayment_Debt_OfficialCreditor_Concessional_PubliclyGuaranteed_Bilateral_LongTermExternalDebt_LenderCountryGRC","5","[P1Y]","[, WorldBankProjection]","[USDollar]","[]"
"1981","AmountInterestRepayment_Debt_OfficialCreditor_PubliclyGuaranteed_LongTermExternalDebt_LenderCountryKEN","7","[P1Y]","[]","[USDollar]","[]"
"2001","AmountInterestRepayment_Debt_OfficialCreditor_Concessional_PubliclyGuaranteed_Bilateral_LongTermExternalDebt_LenderCountryCIV","7","[P1Y]","[]","[USDollar]","[]"
"1974","AmountInterestRepayment_Debt_PrivateCreditor_PubliclyGuaranteed_LongTermExternalDebt_LenderCountryBOL","6","[P1Y]","[]","[USDollar]","[]"
"1983","AmountInterestRepayment_Debt_OfficialCreditor_Concessional_PubliclyGuaranteed_Multilateral_LongTermExternalDebt_LenderCaribbeanDevBank","14","[P1Y]","[]","[USDollar]","[]"
"1984","AmountInterestRepayment_Debt_LongTermExternalDebt_LenderCountryGTM","10","[P1Y]","[]","[USDollar]","[]"
"1994","AmountInterestRepayment_Debt_OfficialCreditor_PubliclyGuaranteed_LongTermExternalDebt_LenderCountryUZB","10","[P1Y]","[]","[USDollar]","[]"
"1974","AmountInterestRepayment_Debt_PrivateCreditor_PubliclyGuaranteed_CommercialBank_LongTermExternalDebt_LenderCountryMEX","16","[P1Y]","[]","[USDollar]","[]"
"1975","AmountInterestRepayment_Debt_OfficialCreditor_PubliclyGuaranteed_LongTermExternalDebt_LenderCountryDZA","35","[P1Y]","[, WorldBankProjection]","[USDollar]","[]"
"1970","AmountInterestRepayment_Debt_LongTermExternalDebt_LenderAfricanDevBank","59","[P1Y]","[, WorldBankProjection]","[USDollar]","[]"
"1973","AmountInterestRepayment_Debt_LongTermExternalDebt_LenderWestAfricanMonetaryUnion","12","[P1Y]","[]","[USDollar]","[]"
"1971","AmountInterestRepayment_Debt_OfficialCreditor_PubliclyGuaranteed_Bilateral_LongTermExternalDebt_LenderCountryCOD","8","[P1Y]","[]","[USDollar]","[]"
"1970","AmountInterestRepayment_Debt_PubliclyGuaranteed_LongTermExternalDebt_LenderCountryFIN","59","[P1Y]","[, WorldBankProjection]","[USDollar]","[]"
"1970","AmountInterestRepayment_Debt_PrivateCreditor_PubliclyGuaranteed_LongTermExternalDebt_LenderCountrySRB","48","[P1Y]","[]","[USDollar]","[]"
"1970","AmountInterestRepayment_Debt_PrivateCreditor_PubliclyGuaranteed_LongTermExternalDebt_LenderCountryMEX","21","[P1Y]","[]","[USDollar]","[]"
"2012","AmountInterestRepayment_Debt_OfficialCreditor_PubliclyGuaranteed_Bilateral_LongTermExternalDebt_LenderCountryCOG","13","[P1Y]","[, WorldBankProjection]","[USDollar]","[]"
"1970","AmountInterestRepayment_Debt_PubliclyGuaranteed_LongTermExternalDebt_LenderCountryLUX","43","[P1Y]","[, WorldBankProjection]","[USDollar]","[]"
"1970","AmountInterestRepayment_Debt_OfficialCreditor_PubliclyGuaranteed_Bilateral_LongTermExternalDebt_LenderCountryESP","85","[P1Y]","[, WorldBankProjection]","[USDollar]","[]"
"1970","AmountInterestRepayment_Debt_PrivateCreditor_PubliclyGuaranteed_CommercialBank_LongTermExternalDebt_LenderCountrySRB","18","[P1Y]","[]","[USDollar]","[]"
"2001","AmountInterestRepayment_Debt_PrivateCreditor_PubliclyGuaranteed_LongTermExternalDebt_LenderCountryKAZ","7","[P1Y]","[]","[USDollar]","[]"
"1970","AmountInterestRepayment_Debt_OfficialCreditor_PubliclyGuaranteed_Bilateral_LongTermExternalDebt_LenderCountryCOL","10","[P1Y]","[]","[USDollar]","[]"
"1992","AmountInterestRepayment_Debt_LongTermExternalDebt_LenderEuropeanReliefFund","10","[P1Y]","[, WorldBankProjection]","[USDollar]","[]"
"1982","AmountInterestRepayment_Debt_OfficialCreditor_PubliclyGuaranteed_Multilateral_LongTermExternalDebt_LenderMultipleLenders","26","[P1Y]","[, WorldBankProjection]","[USDollar]","[]"
"1990","AmountInterestRepayment_Debt_OfficialCreditor_Concessional_PubliclyGuaranteed_Multilateral_LongTermExternalDebt_LenderDevBankoftheCentralAfricanStates","7","[P1Y]","[]","[USDollar]","[]"
"1970","AmountInterestRepayment_Debt_OfficialCreditor_PubliclyGuaranteed_LongTermExternalDebt_LenderCountrySWE","68","[P1Y]","[, WorldBankProjection]","[USDollar]","[]"
"1977","AmountInterestRepayment_Debt_LongTermExternalDebt_LenderCountryGUY","7","[P1Y]","[]","[USDollar]","[]"
"1970","AmountInterestRepayment_Debt_PrivateCreditor_PubliclyGuaranteed_LongTermExternalDebt_LenderNethAntilles","10","[P1Y]","[]","[USDollar]","[]"
"1996","AmountInterestRepayment_Debt_LongTermExternalDebt_LenderCountryCMR","11","[P1Y]","[, WorldBankProjection]","[USDollar]","[]"
"1971","AmountInterestRepayment_Debt_OfficialCreditor_Concessional_PubliclyGuaranteed_Bilateral_LongTermExternalDebt_LenderCountryCHN","81","[P1Y]","[, WorldBankProjection]","[USDollar]","[]"
"1970","AmountInterestRepayment_Debt_PrivateCreditor_PubliclyGuaranteed_LongTermExternalDebt_LenderCountryBMU","17","[P1Y]","[]","[USDollar]","[]"
"1982","AmountInterestRepayment_Debt_OfficialCreditor_PubliclyGuaranteed_Bilateral_LongTermExternalDebt_LenderCountryCRI","11","[P1Y]","[]","[USDollar]","[]"
"1990","AmountInterestRepayment_Debt_PrivateCreditor_PrivateNonGuaranteed_Bond_LongTermExternalDebt","62","[P1Y]","[, WorldBankProjection]","[USDollar]","[]"
"1970","AmountInterestRepayment_Debt_OfficialCreditor_PubliclyGuaranteed_Bilateral_LongTermExternalDebt_LenderCountryROU","42","[P1Y]","[, WorldBankProjection]","[USDollar]","[]"
"1993","AmountInterestRepayment_Debt_PrivateCreditor_PubliclyGuaranteed_CommercialBank_LongTermExternalDebt_LenderCountryURY","5","[P1Y]","[]","[USDollar]","[]"
"1970","AmountInterestRepayment_Debt_PrivateCreditor_PubliclyGuaranteed_CommercialBank_LongTermExternalDebt_LenderCountryBMU","11","[P1Y]","[]","[USDollar]","[]"
"1970","AmountInterestRepayment_Debt_PrivateCreditor_PubliclyGuaranteed_LongTermExternalDebt_LenderCountryUSA","109","[P1Y]","[, WorldBankProjection]","[USDollar]","[]"
"1970","AmountInterestRepayment_Debt_PrivateCreditor_PubliclyGuaranteed_CommercialBank_LongTermExternalDebt_LenderCountryUSA","95","[P1Y]","[, WorldBankProjection]","[USDollar]","[]"
"1991","AmountInterestRepayment_Debt_OfficialCreditor_PubliclyGuaranteed_LongTermExternalDebt_LenderLatinAmerConfofSavingCreditCoop","8","[P1Y]","[]","[USDollar]","[]"
"1973","AmountInterestRepayment_Debt_OfficialCreditor_PubliclyGuaranteed_Bilateral_LongTermExternalDebt_LenderCountryLBY","48","[P1Y]","[, WorldBankProjection]","[USDollar]","[]"
"1993","AmountInterestRepayment_Debt_PrivateCreditor_PubliclyGuaranteed_LongTermExternalDebt_LenderCountryURY","5","[P1Y]","[]","[USDollar]","[]"
"1973","AmountInterestRepayment_Debt_LongTermExternalDebt_LenderEastAfricanCommunity","10","[P1Y]","[]","[USDollar]","[]"
"2002","AmountInterestRepayment_Debt_OfficialCreditor_PubliclyGuaranteed_Bilateral_LongTermExternalDebt_LenderCountryNGA","12","[P1Y]","[, WorldBankProjection]","[USDollar]","[]"
"2017","AmountInterestRepayment_Debt_LongTermExternalDebt_LenderAsianInfrastructureInvestmentBank","39","[P1Y]","[, WorldBankProjection]","[USDollar]","[]"
"1970","AmountInterestRepayment_Debt_OfficialCreditor_PubliclyGuaranteed_LongTermExternalDebt_LenderGermanDemRep","42","[P1Y]","[]","[USDollar]","[]"
"1989","AmountInterestRepayment_Debt_OfficialCreditor_PubliclyGuaranteed_LongTermExternalDebt_LenderCountryBRN","7","[P1Y]","[]","[USDollar]","[]"
"1970","AmountInterestRepayment_Debt_OfficialCreditor_PubliclyGuaranteed_LongTermExternalDebt_LenderCountryZAF","35","[P1Y]","[, WorldBankProjection]","[USDollar]","[]"
"2018","AmountInterestRepayment_Debt_OfficialCreditor_Concessional_PubliclyGuaranteed_Bilateral_LongTermExternalDebt_LenderCountryAGO","12","[P1Y]","[, WorldBankProjection]","[USDollar]","[]"
"1970","AmountInterestRepayment_Debt_PubliclyGuaranteed_LongTermExternalDebt_LenderNethAntilles","10","[P1Y]","[]","[USDollar]","[]"
"2004","AmountInterestRepayment_Debt_LongTermExternalDebt_LenderInternationalCoffeeOrganization","7","[P1Y]","[]","[USDollar]","[]"
"1991","AmountInterestRepayment_Debt_PubliclyGuaranteed_LongTermExternalDebt_LenderInternationalInvestmentBank","5","[P1Y]","[]","[USDollar]","[]"
"1975","AmountInterestRepayment_Debt_LongTermExternalDebt_LenderCountryPER","15","[P1Y]","[]","[USDollar]","[]"
"1970","AmountInterestRepayment_Debt_OfficialCreditor_PubliclyGuaranteed_Bilateral_LongTermExternalDebt_LenderCountryLBN","7","[P1Y]","[]","[USDollar]","[]"
"1974","AmountInterestRepayment_Debt_PubliclyGuaranteed_LongTermExternalDebt_LenderCountryHKG","36","[P1Y]","[, WorldBankProjection]","[USDollar]","[]"
"1982","AmountInterestRepayment_Debt_OfficialCreditor_PubliclyGuaranteed_LongTermExternalDebt_LenderCountryOMN","12","[P1Y]","[]","[USDollar]","[]"
"2011","AmountInterestRepayment_Debt_OfficialCreditor_PubliclyGuaranteed_LongTermExternalDebt_LenderCaribbeanCommunity","12","[P1Y]","[, WorldBankProjection]","[USDollar]","[]"
"1978","AmountInterestRepayment_Debt_OfficialCreditor_PubliclyGuaranteed_Multilateral_LongTermExternalDebt_LenderEuropeanCoalandSteelCommunity","5","[P1Y]","[]","[USDollar]","[]"
"1970","AmountInterestRepayment_Debt_OfficialCreditor_PubliclyGuaranteed_LongTermExternalDebt_LenderCountrySUN","57","[P1Y]","[]","[USDollar]","[]"
"1985","AmountInterestRepayment_Debt_PubliclyGuaranteed_LongTermExternalDebt_LenderCountryJOR","9","[P1Y]","[]","[USDollar]","[]"
"1975","AmountInterestRepayment_Debt_OfficialCreditor_PubliclyGuaranteed_Multilateral_LongTermExternalDebt_LenderArabAfricanInternationalBank","22","[P1Y]","[, WorldBankProjection]","[USDollar]","[]"
"1988","AmountInterestRepayment_Debt_PrivateCreditor_PubliclyGuaranteed_LongTermExternalDebt_LenderCountryMCO","5","[P1Y]","[]","[USDollar]","[]"
"1990","AmountInterestRepayment_Debt_OfficialCreditor_PubliclyGuaranteed_Bilateral_LongTermExternalDebt_LenderCountryCPV","5","[P1Y]","[]","[USDollar]","[]"
"1990","AmountInterestRepayment_Debt_PrivateCreditor_PubliclyGuaranteed_CommercialBank_LongTermExternalDebt_LenderCountryMCO","5","[P1Y]","[]","[USDollar]","[]"
"1980","AmountInterestRepayment_Debt_LongTermExternalDebt_LenderCountryAGO","15","[P1Y]","[, WorldBankProjection]","[USDollar]","[]"
"1983","AmountInterestRepayment_Debt_LongTermExternalDebt_LenderNordicDevelopmentFund","51","[P1Y]","[, WorldBankProjection]","[USDollar]","[]"
"2004","AmountInterestRepayment_Debt_OfficialCreditor_PubliclyGuaranteed_Bilateral_LongTermExternalDebt_LenderCountryJAM","7","[P1Y]","[]","[USDollar]","[]"
"1994","AmountInterestRepayment_Debt_OfficialCreditor_Concessional_PubliclyGuaranteed_Multilateral_LongTermExternalDebt_LenderNordicInvestmentBank","20","[P1Y]","[]","[USDollar]","[]"
"1974","AmountInterestRepayment_Debt_OfficialCreditor_Concessional_PubliclyGuaranteed_Bilateral_LongTermExternalDebt_LenderCountryIRN","12","[P1Y]","[, WorldBankProjection]","[USDollar]","[]"
"1994","AmountInterestRepayment_Debt_OfficialCreditor_PubliclyGuaranteed_LongTermExternalDebt_LenderCountryKAZ","11","[P1Y]","[, WorldBankProjection]","[USDollar]","[]"
"2007","AmountInterestRepayment_Debt_PubliclyGuaranteed_LongTermExternalDebt_LenderCountryBDI","7","[P1Y]","[]","[USDollar]","[]"
"1970","AmountInterestRepayment_Debt_PrivateCreditor_PubliclyGuaranteed_LongTermExternalDebt_LenderCountrySUN","42","[P1Y]","[]","[USDollar]","[]"
"1970","AmountInterestRepayment_Debt_PubliclyGuaranteed_LongTermExternalDebt_LenderCountryQAT","24","[P1Y]","[, WorldBankProjection]","[USDollar]","[]"
"2023","AmountInterestRepayment_Debt_PrivateCreditor_PubliclyGuaranteed_WorldBankOtherPrivate_LongTermExternalDebt_LenderCountryLKA","7","[P1Y]","[, WorldBankProjection]","[USDollar]","[]"
"1976","AmountInterestRepayment_Debt_OfficialCreditor_Concessional_PubliclyGuaranteed_Bilateral_LongTermExternalDebt_LenderCountryTGO","7","[P1Y]","[]","[USDollar]","[]"
"1982","AmountInterestRepayment_Debt_LongTermExternalDebt_LenderCountryLBR","13","[P1Y]","[]","[USDollar]","[]"
"1976","AmountInterestRepayment_Debt_LongTermExternalDebt_LenderUNHighCommissionerforRefugees","6","[P1Y]","[]","[USDollar]","[]"
"1970","AmountInterestRepayment_Debt_PrivateCreditor_PubliclyGuaranteed_WorldBankOtherPrivate_LongTermExternalDebt_LenderCountryAUS","36","[P1Y]","[]","[USDollar]","[]"
"1970","AmountInterestRepayment_Debt_PrivateCreditor_PubliclyGuaranteed_WorldBankOtherPrivate_LongTermExternalDebt_LenderCountryAUT","70","[P1Y]","[, WorldBankProjection]","[USDollar]","[]"
"1970","AmountInterestRepayment_Debt_LongTermExternalDebt_LenderCountryLBN","16","[P1Y]","[]","[USDollar]","[]"
"2002","AmountInterestRepayment_Debt_PrivateCreditor_PubliclyGuaranteed_WorldBankOtherPrivate_LongTermExternalDebt_LenderCountryCYP","13","[P1Y]","[]","[USDollar]","[]"
"1970","AmountInterestRepayment_Debt_OfficialCreditor_PubliclyGuaranteed_Multilateral_LongTermExternalDebt_LenderEUROFIMA","9","[P1Y]","[, WorldBankProjection]","[USDollar]","[]"
"1976","AmountInterestRepayment_Debt_PrivateCreditor_PubliclyGuaranteed_WorldBankOtherPrivate_LongTermExternalDebt_LenderCountryCYM","10","[P1Y]","[]","[USDollar]","[]"
"1983","AmountInterestRepayment_Debt_OfficialCreditor_Concessional_PubliclyGuaranteed_Multilateral_LongTermExternalDebt_LenderEntenteCouncil","11","[P1Y]","[]","[USDollar]","[]"
"1973","AmountInterestRepayment_Debt_PrivateCreditor_PubliclyGuaranteed_WorldBankOtherPrivate_LongTermExternalDebt_LenderCountryPRT","23","[P1Y]","[, WorldBankProjection]","[USDollar]","[]"
"1970","AmountInterestRepayment_Debt_OfficialCreditor_PubliclyGuaranteed_LongTermExternalDebt_LenderCountryMEX","22","[P1Y]","[]","[USDollar]","[]"
"1979","AmountInterestRepayment_Debt_OfficialCreditor_Concessional_PubliclyGuaranteed_Multilateral_LongTermExternalDebt_LenderInternationalFundforAgriculturalDev","106","[P1Y]","[]","[USDollar]","[]"
"1981","AmountInterestRepayment_Debt_OfficialCreditor_PubliclyGuaranteed_Bilateral_LongTermExternalDebt_LenderCountryTUR","36","[P1Y]","[, WorldBankProjection]","[USDollar]","[]"
"1970","AmountInterestRepayment_Debt_OfficialCreditor_PubliclyGuaranteed_LongTermExternalDebt_LenderCountrySRB","45","[P1Y]","[, WorldBankProjection]","[USDollar]","[]"
"1993","AmountInterestRepayment_Debt_OfficialCreditor_PubliclyGuaranteed_Multilateral_LongTermExternalDebt_LenderEuropeanBankforReconstructionandDev","31","[P1Y]","[, WorldBankProjection]","[USDollar]","[]"
"1990","AmountInterestRepayment_Debt_LongTermExternalDebt_LenderCountryCPV","9","[P1Y]","[]","[USDollar]","[]"
"1970","AmountInterestRepayment_Debt_PubliclyGuaranteed_LongTermExternalDebt_LenderWorldBankIDA","119","[P1Y]","[, WorldBankProjection]","[USDollar]","[]"
"1989","AmountInterestRepayment_Debt_OfficialCreditor_PubliclyGuaranteed_Bilateral_LongTermExternalDebt_LenderCountryTUN","5","[P1Y]","[]","[USDollar]","[]"
"1981","AmountInterestRepayment_Debt_OfficialCreditor_PubliclyGuaranteed_Multilateral_LongTermExternalDebt_LenderDevBankoftheCentralAfricanStates","16","[P1Y]","[, WorldBankProjection]","[USDollar]","[]"
"1970","AmountInterestRepayment_Debt_PubliclyGuaranteed_LongTermExternalDebt_LenderCountrySEN","8","[P1Y]","[]","[USDollar]","[]"
"2002","AmountInterestRepayment_Debt_PrivateCreditor_PubliclyGuaranteed_LongTermExternalDebt_LenderCountrySVN","7","[P1Y]","[, WorldBankProjection]","[USDollar]","[]"
"1970","AmountInterestRepayment_Debt_LongTermExternalDebt_LenderCountryROU","51","[P1Y]","[, WorldBankProjection]","[USDollar]","[]"
"2016","AmountInterestRepayment_Debt_OfficialCreditor_Concessional_PubliclyGuaranteed_Multilateral_LongTermExternalDebt_LenderEuropeanReliefFund","5","[P1Y]","[]","[USDollar]","[]"
"1999","AmountInterestRepayment_Debt_PrivateCreditor_PubliclyGuaranteed_LongTermExternalDebt_LenderCountrySVK","7","[P1Y]","[]","[USDollar]","[]"
"1979","AmountInterestRepayment_Debt_OfficialCreditor_PubliclyGuaranteed_Multilateral_LongTermExternalDebt_LenderInternationalFundforAgriculturalDev","121","[P1Y]","[, WorldBankProjection]","[USDollar]","[]"
"1972","AmountInterestRepayment_Debt_OfficialCreditor_PubliclyGuaranteed_LongTermExternalDebt_LenderCountryBRA","42","[P1Y]","[, WorldBankProjection]","[USDollar]","[]"
"2018","AmountInterestRepayment_Debt_LongTermExternalDebt_LenderWorldBankMIGA","5","[P1Y]","[, WorldBankProjection]","[USDollar]","[]"
"1977","AmountInterestRepayment_Debt_OfficialCreditor_PubliclyGuaranteed_LongTermExternalDebt_LenderCountryBRB","11","[P1Y]","[, WorldBankProjection]","[USDollar]","[]"
"1970","AmountInterestRepayment_Debt_PubliclyGuaranteed_LongTermExternalDebt_LenderCountryBEL","98","[P1Y]","[, WorldBankProjection]","[USDollar]","[]"
"1982","AmountInterestRepayment_Debt_LongTermExternalDebt_LenderCountryCRI","11","[P1Y]","[]","[USDollar]","[]"
"1980","AmountInterestRepayment_Debt_PubliclyGuaranteed_LongTermExternalDebt_LenderPlataBasinFinancialDevFund","9","[P1Y]","[, WorldBankProjection]","[USDollar]","[]"
"1970","AmountInterestRepayment_Debt_PubliclyGuaranteed_LongTermExternalDebt_LenderCentralAmericanBankforEconIntegration","17","[P1Y]","[, WorldBankProjection]","[USDollar]","[]"
"1979","AmountInterestRepayment_Debt_LongTermExternalDebt_LenderCountryNGA","13","[P1Y]","[, WorldBankProjection]","[USDollar]","[]"
"1995","AmountInterestRepayment_Debt_PrivateCreditor_PubliclyGuaranteed_CommercialBank_LongTermExternalDebt_LenderCountryOMN","8","[P1Y]","[]","[USDollar]","[]"
"1973","AmountInterestRepayment_Debt_LongTermExternalDebt_LenderCountryLBY","49","[P1Y]","[, WorldBankProjection]","[USDollar]","[]"
"1974","AmountInterestRepayment_Debt_PrivateCreditor_PubliclyGuaranteed_CommercialBank_LongTermExternalDebt_LenderCountrySUN","10","[P1Y]","[]","[USDollar]","[]"
"1989","AmountInterestRepayment_Debt_PubliclyGuaranteed_LongTermExternalDebt_LenderEconCommoftheGreatLakesCountries","7","[P1Y]","[]","[USDollar]","[]"
"1975","AmountInterestRepayment_Debt_OfficialCreditor_PubliclyGuaranteed_Bilateral_LongTermExternalDebt_LenderCountryTTO","14","[P1Y]","[, WorldBankProjection]","[USDollar]","[]"
"2008","AmountInterestRepayment_Debt_OfficialCreditor_PubliclyGuaranteed_LongTermExternalDebt_LenderUNGeneralAssembly","12","[P1Y]","[, WorldBankProjection]","[USDollar]","[]"
"1995","AmountInterestRepayment_Debt_PrivateCreditor_PubliclyGuaranteed_LongTermExternalDebt_LenderCountryOMN","8","[P1Y]","[]","[USDollar]","[]"
"2020","AmountInterestRepayment_Debt_LongTermExternalDebt_LenderUNPopulationFund","5","[P1Y]","[, WorldBankProjection]","[USDollar]","[]"
"1993","AmountInterestRepayment_Debt_PrivateCreditor_PubliclyGuaranteed_WorldBankOtherPrivate_LongTermExternalDebt_LenderCountryCZE","23","[P1Y]","[]","[USDollar]","[]"
"2009","AmountInterestRepayment_Debt_LongTermExternalDebt_LenderCountryLCA","7","[P1Y]","[, WorldBankProjection]","[USDollar]","[]"
"1978","AmountInterestRepayment_Debt_PrivateCreditor_PubliclyGuaranteed_LongTermExternalDebt_LenderCountryKEN","10","[P1Y]","[]","[USDollar]","[]"
"1970","AmountInterestRepayment_Debt_PrivateCreditor_PubliclyGuaranteed_WorldBankOtherPrivate_LongTermExternalDebt_LenderCountryNOR","47","[P1Y]","[, WorldBankProjection]","[USDollar]","[]"
"1978","AmountInterestRepayment_Debt_PrivateCreditor_PubliclyGuaranteed_CommercialBank_LongTermExternalDebt_LenderCountryKEN","10","[P1Y]","[]","[USDollar]","[]"
"1970","AmountInterestRepayment_Debt_OfficialCreditor_PubliclyGuaranteed_Bilateral_LongTermExternalDebt_LenderCountryARG","27","[P1Y]","[]","[USDollar]","[]"
"1996","AmountInterestRepayment_Debt_OfficialCreditor_PubliclyGuaranteed_LongTermExternalDebt_LenderCountryMDA","5","[P1Y]","[]","[USDollar]","[]"
"1975","AmountInterestRepayment_Debt_OfficialCreditor_PubliclyGuaranteed_Bilateral_LongTermExternalDebt_LenderCountryARE","78","[P1Y]","[, WorldBankProjection]","[USDollar]","[]"
"1971","AmountInterestRepayment_Debt_PubliclyGuaranteed_LongTermExternalDebt_LenderCountryNZL","18","[P1Y]","[]","[USDollar]","[]"
"1981","AmountInterestRepayment_Debt_PubliclyGuaranteed_LongTermExternalDebt_LenderCentralBankofWestAfricanStates","16","[P1Y]","[, WorldBankProjection]","[USDollar]","[]"
"1976","AmountInterestRepayment_Debt_OfficialCreditor_Concessional_PubliclyGuaranteed_Bilateral_LongTermExternalDebt_LenderCountryCHE","28","[P1Y]","[, WorldBankProjection]","[USDollar]","[]"
"1997","AmountInterestRepayment_Debt_OfficialCreditor_PubliclyGuaranteed_Bilateral_LongTermExternalDebt_LenderCountryARM","8","[P1Y]","[, WorldBankProjection]","[USDollar]","[]"
"2012","AmountInterestRepayment_Debt_LongTermExternalDebt_LenderCountryCOG","13","[P1Y]","[, WorldBankProjection]","[USDollar]","[]"
"1976","AmountInterestRepayment_Debt_LongTermExternalDebt_LenderCountryPHL","6","[P1Y]","[]","[USDollar]","[]"
"1971","AmountInterestRepayment_Debt_LongTermExternalDebt_LenderCountryCOD","8","[P1Y]","[]","[USDollar]","[]"
"1972","AmountInterestRepayment_Debt_OfficialCreditor_Concessional_PubliclyGuaranteed_Bilateral_LongTermExternalDebt_LenderCountryITA","78","[P1Y]","[, WorldBankProjection]","[USDollar]","[]"
"1970","AmountInterestRepayment_Debt_PubliclyGuaranteed_LongTermExternalDebt_LenderCountryDEU","125","[P1Y]","[, WorldBankProjection]","[USDollar]","[]"
"1970","AmountInterestRepayment_Debt_OfficialCreditor_PubliclyGuaranteed_Bilateral_LongTermExternalDebt_LenderCountryPOL","45","[P1Y]","[, WorldBankProjection]","[USDollar]","[]"
"1998","AmountInterestRepayment_Debt_OfficialCreditor_Concessional_PubliclyGuaranteed_Bilateral_LongTermExternalDebt_LenderCountryISR","7","[P1Y]","[]","[USDollar]","[]"
"1975","AmountInterestRepayment_Debt_OfficialCreditor_Concessional_PubliclyGuaranteed_Bilateral_LongTermExternalDebt_LenderCountryKWT","71","[P1Y]","[, WorldBankProjection]","[USDollar]","[]"
"1981","AmountInterestRepayment_Debt_PubliclyGuaranteed_LongTermExternalDebt_LenderCountryHND","9","[P1Y]","[, WorldBankProjection]","[USDollar]","[]"
"1970","AmountInterestRepayment_Debt_PrivateCreditor_PubliclyGuaranteed_CommercialBank_LongTermExternalDebt_LenderCountryZAF","26","[P1Y]","[, WorldBankProjection]","[USDollar]","[]"
"2001","AmountInterestRepayment_Debt_PrivateCreditor_PubliclyGuaranteed_CommercialBank_LongTermExternalDebt_LenderCountryBRN","5","[P1Y]","[]","[USDollar]","[]"
"1991","AmountInterestRepayment_Debt_LongTermExternalDebt_LenderLatinAmerConfofSavingCreditCoop","8","[P1Y]","[]","[USDollar]","[]"
"2005","AmountInterestRepayment_Debt_OfficialCreditor_Concessional_PubliclyGuaranteed_Multilateral_LongTermExternalDebt_LenderCentralBankofWestAfricanStates","7","[P1Y]","[]","[USDollar]","[]"
"2018","AmountInterestRepayment_Debt_OfficialCreditor_PubliclyGuaranteed_Multilateral_LongTermExternalDebt_LenderWorldBankMIGA","5","[P1Y]","[, WorldBankProjection]","[USDollar]","[]"
"1972","AmountInterestRepayment_Debt_PrivateCreditor_PubliclyGuaranteed_CommercialBank_LongTermExternalDebt_LenderCountryBRA","34","[P1Y]","[, WorldBankProjection]","[USDollar]","[]"
"1979","AmountInterestRepayment_Debt_PrivateCreditor_PubliclyGuaranteed_CommercialBank_LongTermExternalDebt_LenderCountryBRB","7","[P1Y]","[, WorldBankProjection]","[USDollar]","[]"
"2001","AmountInterestRepayment_Debt_PrivateCreditor_PubliclyGuaranteed_LongTermExternalDebt_LenderCountryBRN","5","[P1Y]","[]","[USDollar]","[]"
"1970","AmountInterestRepayment_Debt_LongTermExternalDebt_LenderCountryESP","92","[P1Y]","[, WorldBankProjection]","[USDollar]","[]"
"1970","AmountInterestRepayment_Debt_PrivateCreditor_PubliclyGuaranteed_LongTermExternalDebt_LenderCountryZAF","32","[P1Y]","[, WorldBankProjection]","[USDollar]","[]"
"1970","AmountInterestRepayment_Debt_LongTermExternalDebt_LenderCountryCOL","14","[P1Y]","[]","[USDollar]","[]"
"1979","AmountInterestRepayment_Debt_PrivateCreditor_PubliclyGuaranteed_LongTermExternalDebt_LenderCountryBRB","7","[P1Y]","[, WorldBankProjection]","[USDollar]","[]"
"1970","AmountInterestRepayment_Debt_PrivateCreditor_PubliclyGuaranteed_LongTermExternalDebt_LenderCountryBRA","51","[P1Y]","[, WorldBankProjection]","[USDollar]","[]"
"2005","AmountInterestRepayment_Debt_OfficialCreditor_Concessional_PubliclyGuaranteed_Bilateral_LongTermExternalDebt_LenderCountryTHA","10","[P1Y]","[, WorldBankProjection]","[USDollar]","[]"
"1980","AmountInterestRepayment_Debt_OfficialCreditor_Concessional_PubliclyGuaranteed_Bilateral_LongTermExternalDebt_LenderCountryIRQ","16","[P1Y]","[, WorldBankProjection]","[USDollar]","[]"
"1986","AmountInterestRepayment_Debt_OfficialCreditor_PubliclyGuaranteed_Bilateral_LongTermExternalDebt_LenderCountryCUB","13","[P1Y]","[]","[USDollar]","[]"
"2014","AmountInterestRepayment_Debt_OfficialCreditor_PubliclyGuaranteed_Multilateral_LongTermExternalDebt_LenderWorldTradeOrganization","11","[P1Y]","[, WorldBankProjection]","[USDollar]","[]"
"2003","AmountInterestRepayment_Debt_OfficialCreditor_PubliclyGuaranteed_LongTermExternalDebt_LenderCountryVCT","6","[P1Y]","[]","[USDollar]","[]"
"1970","AmountInterestRepayment_Debt_PrivateCreditor_PubliclyGuaranteed_LongTermExternalDebt_LenderCountryBGR","21","[P1Y]","[, WorldBankProjection]","[USDollar]","[]"
"1991","AmountInterestRepayment_Debt_LongTermExternalDebt_LenderCountryGMB","5","[P1Y]","[]","[USDollar]","[]"
"1971","AmountInterestRepayment_Debt_OfficialCreditor_Concessional_PubliclyGuaranteed_Bilateral_LongTermExternalDebt_LenderCountryROU","7","[P1Y]","[]","[USDollar]","[]"
"2002","AmountInterestRepayment_Debt_OfficialCreditor_PubliclyGuaranteed_Bilateral_LongTermExternalDebt_LenderCountryTZA","7","[P1Y]","[]","[USDollar]","[]"
"1970","AmountInterestRepayment_Debt_PubliclyGuaranteed_LongTermExternalDebt_LenderCountryBHS","37","[P1Y]","[, WorldBankProjection]","[USDollar]","[]"
"1970","AmountInterestRepayment_Debt_PubliclyGuaranteed_LongTermExternalDebt_LenderCountryBHR","33","[P1Y]","[, WorldBankProjection]","[USDollar]","[]"
"1970","AmountInterestRepayment_Debt_PubliclyGuaranteed_LongTermExternalDebt_LenderEuropeanSocialFund","10","[P1Y]","[, WorldBankProjection]","[USDollar]","[]"
"1970","AmountInterestRepayment_Debt_PrivateCreditor_PubliclyGuaranteed_LongTermExternalDebt_LenderGermanDemRep","40","[P1Y]","[]","[USDollar]","[]"
"1980","AmountInterestRepayment_Debt_OfficialCreditor_Concessional_PubliclyGuaranteed_Bilateral_LongTermExternalDebt_LenderGermanDemRep","9","[P1Y]","[]","[USDollar]","[]"
"2011","AmountInterestRepayment_Debt_OfficialCreditor_Concessional_PubliclyGuaranteed_Multilateral_LongTermExternalDebt_LenderEurasianDevelopmentBank","8","[P1Y]","[]","[USDollar]","[]"
"1973","AmountInterestRepayment_Debt_OfficialCreditor_PubliclyGuaranteed_Multilateral_LongTermExternalDebt_LenderWestAfricanMonetaryUnion","12","[P1Y]","[]","[USDollar]","[]"
"2002","AmountInterestRepayment_Debt_PrivateCreditor_PubliclyGuaranteed_CommercialBank_LongTermExternalDebt_LenderCountryMLT","6","[P1Y]","[]","[USDollar]","[]"
"1978","AmountInterestRepayment_Debt_OfficialCreditor_PubliclyGuaranteed_Bilateral_LongTermExternalDebt_LenderCountryRUS","74","[P1Y]","[, WorldBankProjection]","[USDollar]","[]"
"1975","AmountInterestRepayment_Debt_OfficialCreditor_Concessional_PubliclyGuaranteed_Bilateral_LongTermExternalDebt_LenderCountryLBY","16","[P1Y]","[, WorldBankProjection]","[USDollar]","[]"
"2008","AmountInterestRepayment_Debt_PubliclyGuaranteed_LongTermExternalDebt_LenderCountryBIH","8","[P1Y]","[, WorldBankProjection]","[USDollar]","[]"
"1970","AmountInterestRepayment_Debt_PubliclyGuaranteed_LongTermExternalDebt_LenderCountryHUN","51","[P1Y]","[, WorldBankProjection]","[USDollar]","[]"
"1970","AmountInterestRepayment_Debt_OfficialCreditor_PubliclyGuaranteed_Multilateral_LongTermExternalDebt_LenderAfricanDevBank","59","[P1Y]","[, WorldBankProjection]","[USDollar]","[]"
"1976","AmountInterestRepayment_Debt_LongTermExternalDebt_LenderCountryTGO","10","[P1Y]","[]","[USDollar]","[]"
"1977","AmountInterestRepayment_Debt_PrivateCreditor_PubliclyGuaranteed_LongTermExternalDebt_LenderCountryBHR","33","[P1Y]","[, WorldBankProjection]","[USDollar]","[]"
"1970","AmountInterestRepayment_Debt_PrivateCreditor_PubliclyGuaranteed_LongTermExternalDebt_LenderCountryBHS","36","[P1Y]","[, WorldBankProjection]","[USDollar]","[]"
"1990","AmountInterestRepayment_Debt_PrivateCreditor_PubliclyGuaranteed_WorldBankOtherPrivate_LongTermExternalDebt_LenderCountryQAT","5","[P1Y]","[]","[USDollar]","[]"
"1970","AmountInterestRepayment_Debt_PrivateCreditor_PubliclyGuaranteed_WorldBankOtherPrivate_LongTermExternalDebt_LenderGermanDemRep","39","[P1Y]","[]","[USDollar]","[]"
"1983","AmountInterestRepayment_Debt_OfficialCreditor_PubliclyGuaranteed_LongTermExternalDebt_LenderCountryKOR","69","[P1Y]","[, WorldBankProjection]","[USDollar]","[]"
"2015","AmountInterestRepayment_Debt_PrivateCreditor_PubliclyGuaranteed_CommercialBank_LongTermExternalDebt_LenderCountryMNE","5","[P1Y]","[]","[USDollar]","[]"
"1970","AmountInterestRepayment_Debt_OfficialCreditor_PubliclyGuaranteed_LongTermExternalDebt_LenderCountryZMB","9","[P1Y]","[]","[USDollar]","[]"
"2020","AmountInterestRepayment_Debt_LongTermExternalDebt_LenderSouthAsianDevelopmentFund","7","[P1Y]","[, WorldBankProjection]","[USDollar]","[]"
"1988","AmountInterestRepayment_Debt_LongTermExternalDebt_LenderCountryMYS","31","[P1Y]","[, WorldBankProjection]","[USDollar]","[]"
"1970","AmountInterestRepayment_Debt_OfficialCreditor_PubliclyGuaranteed_Bilateral_LongTermExternalDebt_LenderCountryNLD","85","[P1Y]","[, WorldBankProjection]","[USDollar]","[]"
"1970","AmountInterestRepayment_Debt_PrivateCreditor_PubliclyGuaranteed_WorldBankOtherPrivate_LongTermExternalDebt_LenderCountrySEN","8","[P1Y]","[]","[USDollar]","[]"
"1975","AmountInterestRepayment_Debt_OfficialCreditor_Concessional_PubliclyGuaranteed_Multilateral_LongTermExternalDebt_LenderAfricanDevBank","57","[P1Y]","[]","[USDollar]","[]"
"1978","AmountInterestRepayment_Debt_LongTermExternalDebt_LenderWestAfricanDevelopmentBank","17","[P1Y]","[, WorldBankProjection]","[USDollar]","[]"
"1970","AmountInterestRepayment_Debt_PrivateCreditor_PubliclyGuaranteed_CommercialBank_LongTermExternalDebt_LenderCountrySWE","49","[P1Y]","[, WorldBankProjection]","[USDollar]","[]"
"1970","AmountInterestRepayment_Debt_PrivateCreditor_PubliclyGuaranteed_LongTermExternalDebt_LenderCountryBEL","76","[P1Y]","[, WorldBankProjection]","[USDollar]","[]"
"1970","AmountInterestRepayment_Debt_PrivateCreditor_PubliclyGuaranteed_WorldBankOtherPrivate_LongTermExternalDebt_LenderCountryBEL","65","[P1Y]","[, WorldBankProjection]","[USDollar]","[]"
"2003","AmountInterestRepayment_Debt_OfficialCreditor_PubliclyGuaranteed_LongTermExternalDebt_LenderEuropeanUnion","20","[P1Y]","[, WorldBankProjection]","[USDollar]","[]"
"1993","AmountInterestRepayment_Debt_PrivateCreditor_PubliclyGuaranteed_CommercialBank_LongTermExternalDebt_LenderCountryMKD","5","[P1Y]","[]","[USDollar]","[]"
"1970","AmountInterestRepayment_Debt_OfficialCreditor_PubliclyGuaranteed_LongTermExternalDebt_LenderCouncilofEurope","15","[P1Y]","[, WorldBankProjection]","[USDollar]","[]"
"2008","AmountInterestRepayment_Debt_PubliclyGuaranteed_LongTermExternalDebt_LenderCountryHRV","8","[P1Y]","[, WorldBankProjection]","[USDollar]","[]"
"1976","AmountInterestRepayment_Debt_LongTermExternalDebt_LenderLatinAmericanAgribusinessDevCorp","10","[P1Y]","[]","[USDollar]","[]"
"2004","AmountInterestRepayment_Debt_OfficialCreditor_Concessional_PubliclyGuaranteed_Bilateral_LongTermExternalDebt_LenderCountryJAM","7","[P1Y]","[]","[USDollar]","[]"
"2002","AmountInterestRepayment_Debt_PrivateCreditor_PubliclyGuaranteed_CommercialBank_LongTermExternalDebt_LenderCountrySVN","7","[P1Y]","[, WorldBankProjection]","[USDollar]","[]"
"1970","AmountInterestRepayment_Debt_LongTermExternalDebt_LenderCountryIND","89","[P1Y]","[, WorldBankProjection]","[USDollar]","[]"
"2012","AmountInterestRepayment_Debt_OfficialCreditor_Concessional_PubliclyGuaranteed_Bilateral_LongTermExternalDebt_LenderCountryTUR","7","[P1Y]","[, WorldBankProjection]","[USDollar]","[]"
"1993","AmountInterestRepayment_Debt_OfficialCreditor_PubliclyGuaranteed_Bilateral_LongTermExternalDebt_LenderCountryCZE","42","[P1Y]","[, WorldBankProjection]","[USDollar]","[]"
"1970","AmountInterestRepayment_Debt_OfficialCreditor_PubliclyGuaranteed_Bilateral_LongTermExternalDebt_LenderCountryNOR","63","[P1Y]","[, WorldBankProjection]","[USDollar]","[]"
"1981","AmountInterestRepayment_Debt_PubliclyGuaranteed_LongTermExternalDebt_LenderCountryBFA","7","[P1Y]","[]","[USDollar]","[]"
"1997","AmountInterestRepayment_Debt_PubliclyGuaranteed_LongTermExternalDebt_LenderCountryUKR","7","[P1Y]","[]","[USDollar]","[]"
"1974","AmountInterestRepayment_Debt_PubliclyGuaranteed_LongTermExternalDebt_LenderCountrySGP","32","[P1Y]","[, WorldBankProjection]","[USDollar]","[]"
"2014","AmountInterestRepayment_Debt_OfficialCreditor_PubliclyGuaranteed_LongTermExternalDebt_LenderWorldTradeOrganization","11","[P1Y]","[, WorldBankProjection]","[USDollar]","[]"
"1992","AmountInterestRepayment_Debt_PubliclyGuaranteed_LongTermExternalDebt_LenderEuropeanReliefFund","10","[P1Y]","[, WorldBankProjection]","[USDollar]","[]"
"2008","AmountInterestRepayment_Debt_PrivateCreditor_PubliclyGuaranteed_WorldBankOtherPrivate_LongTermExternalDebt_LenderCountryHRV","7","[P1Y]","[, WorldBankProjection]","[USDollar]","[]"
"1991","AmountInterestRepayment_Debt_OfficialCreditor_PubliclyGuaranteed_Multilateral_LongTermExternalDebt_LenderLatinAmerConfofSavingCreditCoop","8","[P1Y]","[]","[USDollar]","[]"
"1988","AmountInterestRepayment_Debt_LongTermExternalDebt_LenderArabFundforTechAssisttoAfricanCountries","10","[P1Y]","[]","[USDollar]","[]"
"2008","AmountInterestRepayment_Debt_PrivateCreditor_PubliclyGuaranteed_LongTermExternalDebt_LenderCountryHRV","7","[P1Y]","[, WorldBankProjection]","[USDollar]","[]"
"1970","AmountInterestRepayment_Debt_PubliclyGuaranteed_LongTermExternalDebt_LenderCountryBGR","41","[P1Y]","[, WorldBankProjection]","[USDollar]","[]"
"1970","AmountInterestRepayment_Debt_OfficialCreditor_PubliclyGuaranteed_Bilateral_LongTermExternalDebt_LenderCountryAUT","75","[P1Y]","[, WorldBankProjection]","[USDollar]","[]"
"1975","AmountInterestRepayment_Debt_LongTermExternalDebt_LenderCountryEGY","22","[P1Y]","[, WorldBankProjection]","[USDollar]","[]"
"1970","AmountInterestRepayment_Debt_OfficialCreditor_PubliclyGuaranteed_Bilateral_LongTermExternalDebt_LenderCountryAUS","38","[P1Y]","[, WorldBankProjection]","[USDollar]","[]"
"1975","AmountInterestRepayment_Debt_PrivateCreditor_PubliclyGuaranteed_WorldBankOtherPrivate_LongTermExternalDebt_LenderCountrySGP","22","[P1Y]","[]","[USDollar]","[]"
"2018","AmountInterestRepayment_Debt_OfficialCreditor_PubliclyGuaranteed_LongTermExternalDebt_LenderWorldBankMIGA","5","[P1Y]","[, WorldBankProjection]","[USDollar]","[]"
"2016","AmountInterestRepayment_Debt_PubliclyGuaranteed_LongTermExternalDebt_LenderIslamicSolidarityFundforDev","7","[P1Y]","[, WorldBankProjection]","[USDollar]","[]"
"2009","AmountInterestRepayment_Debt_OfficialCreditor_PubliclyGuaranteed_Multilateral_LongTermExternalDebt_LenderECOTradeandDevBank","11","[P1Y]","[, WorldBankProjection]","[USDollar]","[]"
"1980","AmountInterestRepayment_Debt_OfficialCreditor_PubliclyGuaranteed_Bilateral_LongTermExternalDebt_LenderCountryPRK","14","[P1Y]","[, WorldBankProjection]","[USDollar]","[]"
"2010","AmountInterestRepayment_Debt_PrivateCreditor_PubliclyGuaranteed_LongTermExternalDebt_LenderCountryUKR","5","[P1Y]","[]","[USDollar]","[]"
"1974","AmountInterestRepayment_Debt_PrivateCreditor_PubliclyGuaranteed_LongTermExternalDebt_LenderCountrySGP","31","[P1Y]","[, WorldBankProjection]","[USDollar]","[]"
"1981","AmountInterestRepayment_Debt_PrivateCreditor_PubliclyGuaranteed_LongTermExternalDebt_LenderCountryBFA","7","[P1Y]","[]","[USDollar]","[]"
"1987","AmountInterestRepayment_Debt_OfficialCreditor_PubliclyGuaranteed_Bilateral_LongTermExternalDebt_LenderCountryPRI","5","[P1Y]","[]","[USDollar]","[]"
"1976","AmountInterestRepayment_Debt_OfficialCreditor_PubliclyGuaranteed_Bilateral_LongTermExternalDebt_LenderCountryPRT","20","[P1Y]","[, WorldBankProjection]","[USDollar]","[]"
"2001","AmountInterestRepayment_Debt_PrivateCreditor_PubliclyGuaranteed_CommercialBank_LongTermExternalDebt_LenderCountrySWZ","5","[P1Y]","[]","[USDollar]","[]"
"2011","AmountInterestRepayment_Debt_OfficialCreditor_Concessional_PubliclyGuaranteed_Multilateral_LongTermExternalDebt_LenderCouncilofEurope","11","[P1Y]","[]","[USDollar]","[]"
"1970","AmountInterestRepayment_Debt_LongTermExternalDebt_LenderEuropeanSocialFund","10","[P1Y]","[, WorldBankProjection]","[USDollar]","[]"
"1974","AmountInterestRepayment_Debt_OfficialCreditor_PubliclyGuaranteed_Multilateral_LongTermExternalDebt_LenderEntenteCouncil","13","[P1Y]","[]","[USDollar]","[]"
"1985","AmountInterestRepayment_Debt_PrivateCreditor_PubliclyGuaranteed_WorldBankOtherPrivate_LongTermExternalDebt_LenderCountryJOR","9","[P1Y]","[]","[USDollar]","[]"
"1985","AmountInterestRepayment_Debt_PrivateCreditor_PubliclyGuaranteed_LongTermExternalDebt_LenderCountryMAC","7","[P1Y]","[]","[USDollar]","[]"
"1970","AmountInterestRepayment_Debt_OfficialCreditor_IDA_PubliclyGuaranteed_Multilateral_LongTermExternalDebt","119","[P1Y]","[]","[USDollar]","[]"
"2019","AmountInterestRepayment_Debt_PubliclyGuaranteed_LongTermExternalDebt_LenderNordicEnvironmentFinanceCorporation","6","[P1Y]","[, WorldBankProjection]","[USDollar]","[]"
"1975","AmountInterestRepayment_Debt_PrivateCreditor_PubliclyGuaranteed_WorldBankOtherPrivate_LongTermExternalDebt_LenderCountryHKG","28","[P1Y]","[, WorldBankProjection]","[USDollar]","[]"
"1973","AmountInterestRepayment_Debt_LongTermExternalDebt_LenderCaribbeanDevBank","16","[P1Y]","[, WorldBankProjection]","[USDollar]","[]"
"1995","AmountInterestRepayment_Debt_PubliclyGuaranteed_LongTermExternalDebt_LenderCountryBLR","16","[P1Y]","[, WorldBankProjection]","[USDollar]","[]"
"2007","AmountInterestRepayment_Debt_LongTermExternalDebt_LenderCountryVNM","9","[P1Y]","[, WorldBankProjection]","[USDollar]","[]"
"1970","AmountInterestRepayment_Debt_LongTermExternalDebt_LenderCountryCHE","96","[P1Y]","[, WorldBankProjection]","[USDollar]","[]"
"1970","AmountInterestRepayment_Debt_PrivateCreditor_PubliclyGuaranteed_LongTermExternalDebt_LenderCountrySLV","5","[P1Y]","[]","[USDollar]","[]"
"1991","AmountInterestRepayment_Debt_OfficialCreditor_PubliclyGuaranteed_LongTermExternalDebt_LenderInternationalInvestmentBank","5","[P1Y]","[]","[USDollar]","[]"
"1970","AmountInterestRepayment_Debt_PubliclyGuaranteed_LongTermExternalDebt_LenderCountryMAR","18","[P1Y]","[, WorldBankProjection]","[USDollar]","[]"
"1971","AmountInterestRepayment_Debt_LongTermExternalDebt_LenderCountryCHN","120","[P1Y]","[, WorldBankProjection]","[USDollar]","[]"
"1979","AmountInterestRepayment_Debt_LongTermExternalDebt_LenderCountryCHL","6","[P1Y]","[]","[USDollar]","[]"
"1970","AmountInterestRepayment_Debt_PubliclyGuaranteed_LongTermExternalDebt_LenderCountryUSA","123","[P1Y]","[, WorldBankProjection]","[USDollar]","[]"
"2003","AmountInterestRepayment_Debt_LongTermExternalDebt_LenderEuropeanUnion","20","[P1Y]","[, WorldBankProjection]","[USDollar]","[]"
"1978","AmountInterestRepayment_Debt_PrivateCreditor_PubliclyGuaranteed_WorldBankOtherPrivate_LongTermExternalDebt_LenderCountrySAU","14","[P1Y]","[]","[USDollar]","[]"
"2013","AmountInterestRepayment_Debt_PrivateCreditor_PubliclyGuaranteed_CommercialBank_LongTermExternalDebt_LenderCountryKNA","6","[P1Y]","[, WorldBankProjection]","[USDollar]","[]"
"1970","AmountInterestRepayment_Debt_PrivateCreditor_PubliclyGuaranteed_WorldBankOtherPrivate_LongTermExternalDebt_LenderMultipleLenders","59","[P1Y]","[, WorldBankProjection]","[USDollar]","[]"
"1970","AmountInterestRepayment_Debt_PrivateCreditor_PubliclyGuaranteed_WorldBankOtherPrivate_LongTermExternalDebt_LenderCountryJPN","82","[P1Y]","[, WorldBankProjection]","[USDollar]","[]"
"1979","AmountInterestRepayment_Debt_LongTermExternalDebt_LenderCountryCIV","12","[P1Y]","[, WorldBankProjection]","[USDollar]","[]"
"1970","AmountInterestRepayment_Debt_PubliclyGuaranteed_LongTermExternalDebt_LenderCountryBMU","17","[P1Y]","[]","[USDollar]","[]"
"2013","AmountInterestRepayment_Debt_PrivateCreditor_PubliclyGuaranteed_CommercialBank_LongTermExternalDebt_LenderCountryVCT","6","[P1Y]","[, WorldBankProjection]","[USDollar]","[]"
"2013","AmountInterestRepayment_Debt_LongTermExternalDebt_LenderCountryGRD","6","[P1Y]","[, WorldBankProjection]","[USDollar]","[]"
"1970","AmountInterestRepayment_Debt_OfficialCreditor_Concessional_PubliclyGuaranteed_Multilateral_LongTermExternalDebt_LenderEuropeanDevelopmentFund","64","[P1Y]","[]","[USDollar]","[]"
"1970","AmountInterestRepayment_Debt_LongTermExternalDebt_LenderCountryGRC","20","[P1Y]","[, WorldBankProjection]","[USDollar]","[]"
"1995","AmountInterestRepayment_Debt_LongTermExternalDebt_LenderCountryTKM","8","[P1Y]","[]","[USDollar]","[]"
"1981","AmountInterestRepayment_Debt_OfficialCreditor_PubliclyGuaranteed_Multilateral_LongTermExternalDebt_LenderCentralBankofWestAfricanStates","16","[P1Y]","[, WorldBankProjection]","[USDollar]","[]"
"1970","AmountInterestRepayment_Debt_LongTermExternalDebt_LenderCountryZWE","12","[P1Y]","[]","[USDollar]","[]"
"2003","AmountInterestRepayment_Debt_PubliclyGuaranteed_LongTermExternalDebt_LenderCountryBLZ","6","[P1Y]","[, WorldBankProjection]","[USDollar]","[]"
"1982","AmountInterestRepayment_Debt_PrivateCreditor_PubliclyGuaranteed_LongTermExternalDebt_LenderCountryMAR","14","[P1Y]","[, WorldBankProjection]","[USDollar]","[]"
"1970","AmountInterestRepayment_Debt_OfficialCreditor_PubliclyGuaranteed_LongTermExternalDebt_LenderCountryGBR","99","[P1Y]","[, WorldBankProjection]","[USDollar]","[]"
"1993","AmountInterestRepayment_Debt_PubliclyGuaranteed_LongTermExternalDebt_LenderCountryURY","9","[P1Y]","[]","[USDollar]","[]"
"1970","AmountInterestRepayment_Debt_PrivateCreditor_PubliclyGuaranteed_WorldBankOtherPrivate_LongTermExternalDebt_LenderCountryFIN","40","[P1Y]","[]","[USDollar]","[]"
"1970","AmountInterestRepayment_Debt_PubliclyGuaranteed_LongTermExternalDebt_LenderCountryDNK","68","[P1Y]","[, WorldBankProjection]","[USDollar]","[]"
"1978","AmountInterestRepayment_Debt_PubliclyGuaranteed_LongTermExternalDebt_LenderEuropeanEconomicCommunity","58","[P1Y]","[, WorldBankProjection]","[USDollar]","[]"
"1991","AmountInterestRepayment_Debt_OfficialCreditor_PubliclyGuaranteed_LongTermExternalDebt_LenderCountryIDN","8","[P1Y]","[, WorldBankProjection]","[USDollar]","[]"
"2012","AmountInterestRepayment_Debt_PubliclyGuaranteed_LongTermExternalDebt_LenderAfricanExportImportBank","31","[P1Y]","[, WorldBankProjection]","[USDollar]","[]"
"2008","AmountInterestRepayment_Debt_PrivateCreditor_PubliclyGuaranteed_LongTermExternalDebt_LenderCountryBIH","5","[P1Y]","[, WorldBankProjection]","[USDollar]","[]"
"1970","AmountInterestRepayment_Debt_PrivateCreditor_PubliclyGuaranteed_LongTermExternalDebt_LenderCountryHUN","36","[P1Y]","[]","[USDollar]","[]"
"2016","AmountInterestRepayment_Debt_OfficialCreditor_Concessional_PubliclyGuaranteed_Multilateral_LongTermExternalDebt_LenderIslamicSolidarityFundforDev","7","[P1Y]","[]","[USDollar]","[]"
"2016","AmountInterestRepayment_Debt_OfficialCreditor_PubliclyGuaranteed_LongTermExternalDebt_LenderIslamicSolidarityFundforDev","7","[P1Y]","[, WorldBankProjection]","[USDollar]","[]"
"1970","AmountInterestRepayment_Debt_PrivateCreditor_PubliclyGuaranteed_CommercialBank_LongTermExternalDebt_LenderMultipleLenders","93","[P1Y]","[, WorldBankProjection]","[USDollar]","[]"
"1970","AmountInterestRepayment_Debt_LongTermExternalDebt_LenderCountryIRN","32","[P1Y]","[, WorldBankProjection]","[USDollar]","[]"
"2015","AmountInterestRepayment_Debt_OfficialCreditor_Concessional_PubliclyGuaranteed_Multilateral_LongTermExternalDebt_LenderEuropeanSocialFund","5","[P1Y]","[]","[USDollar]","[]"
"1972","AmountInterestRepayment_Debt_LongTermExternalDebt_LenderCountryIRL","28","[P1Y]","[, WorldBankProjection]","[USDollar]","[]"
"2017","AmountInterestRepayment_Debt_OfficialCreditor_PubliclyGuaranteed_Multilateral_LongTermExternalDebt_LenderAsianInfrastructureInvestmentBank","39","[P1Y]","[, WorldBankProjection]","[USDollar]","[]"
"2018","AmountInterestRepayment_Debt_PubliclyGuaranteed_LongTermExternalDebt_LenderWorldBankMIGA","5","[P1Y]","[, WorldBankProjection]","[USDollar]","[]"
"1970","AmountInterestRepayment_Debt_PubliclyGuaranteed_LongTermExternalDebt_LenderCountryFRA","127","[P1Y]","[, WorldBankProjection]","[USDollar]","[]"
"1972","AmountInterestRepayment_Debt_LongTermExternalDebt_LenderCountryTHA","17","[P1Y]","[, WorldBankProjection]","[USDollar]","[]"
"1970","AmountInterestRepayment_Debt_PrivateCreditor_PubliclyGuaranteed_CommercialBank_LongTermExternalDebt_LenderCountryGBR","92","[P1Y]","[, WorldBankProjection]","[USDollar]","[]"
"2014","AmountInterestRepayment_Debt_PubliclyGuaranteed_LongTermExternalDebt_LenderWorldTradeOrganization","11","[P1Y]","[, WorldBankProjection]","[USDollar]","[]"
"1997","AmountInterestRepayment_Debt_OfficialCreditor_PubliclyGuaranteed_Bilateral_LongTermExternalDebt_LenderCountryAZE","6","[P1Y]","[, WorldBankProjection]","[USDollar]","[]"
"2024","AmountInterestRepayment_Debt_LongTermExternalDebt_LenderCountryGNQ","7","[P1Y]","[WorldBankProjection]","[USDollar]","[]"
"2000","AmountInterestRepayment_Debt_OfficialCreditor_PubliclyGuaranteed_LongTermExternalDebt_LenderCountryKGZ","7","[P1Y]","[]","[USDollar]","[]"
"1973","AmountInterestRepayment_Debt_LongTermExternalDebt_LenderCountryIRQ","38","[P1Y]","[, WorldBankProjection]","[USDollar]","[]"
"1976","AmountInterestRepayment_Debt_OfficialCreditor_PubliclyGuaranteed_LongTermExternalDebt_LenderCountryGAB","6","[P1Y]","[]","[USDollar]","[]"
"1970","AmountInterestRepayment_Debt_LongTermExternalDebt_LenderCountryITA","107","[P1Y]","[, WorldBankProjection]","[USDollar]","[]"
"2011","AmountInterestRepayment_Debt_OfficialCreditor_PubliclyGuaranteed_Multilateral_LongTermExternalDebt_LenderCaribbeanCommunity","12","[P1Y]","[, WorldBankProjection]","[USDollar]","[]"
"1984","AmountInterestRepayment_Debt_LongTermExternalDebt_LenderCountryPAK","20","[P1Y]","[, WorldBankProjection]","[USDollar]","[]"
"1970","AmountInterestRepayment_Debt_LongTermExternalDebt_LenderCountryPAN","34","[P1Y]","[, WorldBankProjection]","[USDollar]","[]"
"1980","AmountInterestRepayment_Debt_OfficialCreditor_Concessional_PubliclyGuaranteed_Bilateral_LongTermExternalDebt_LenderCountryESP","66","[P1Y]","[, WorldBankProjection]","[USDollar]","[]"
"2012","AmountInterestRepayment_Debt_OfficialCreditor_Concessional_PubliclyGuaranteed_Bilateral_LongTermExternalDebt_LenderCountryCOG","11","[P1Y]","[, WorldBankProjection]","[USDollar]","[]"
"1970","AmountInterestRepayment_Debt_PrivateCreditor_PubliclyGuaranteed_LongTermExternalDebt_LenderCountryDNK","54","[P1Y]","[, WorldBankProjection]","[USDollar]","[]"
"1985","AmountInterestRepayment_Debt_PubliclyGuaranteed_LongTermExternalDebt_LenderCountryMAC","7","[P1Y]","[]","[USDollar]","[]"
"1975","AmountInterestRepayment_Debt_PrivateCreditor_PubliclyGuaranteed_WorldBankOtherPrivate_LongTermExternalDebt_LenderCountryNZL","11","[P1Y]","[]","[USDollar]","[]"
"1970","AmountInterestRepayment_Debt_PrivateNonGuaranteed_LongTermExternalDebt","108","[P1Y]","[, WorldBankProjection]","[USDollar]","[]"
"1989","AmountInterestRepayment_Debt_LongTermExternalDebt_LenderCountryISL","5","[P1Y]","[]","[USDollar]","[]"
"2009","AmountInterestRepayment_Debt_OfficialCreditor_Concessional_PubliclyGuaranteed_Multilateral_LongTermExternalDebt_LenderEUROFIMA","5","[P1Y]","[]","[USDollar]","[]"
"1970","AmountInterestRepayment_Debt_PrivateCreditor_PubliclyGuaranteed_WorldBankOtherPrivate_LongTermExternalDebt_LenderCountryDEU","95","[P1Y]","[, WorldBankProjection]","[USDollar]","[]"
"1970","AmountInterestRepayment_Debt_PrivateCreditor_PubliclyGuaranteed_WorldBankOtherPrivate_LongTermExternalDebt_LenderCountryLUX","32","[P1Y]","[, WorldBankProjection]","[USDollar]","[]"
"1979","AmountInterestRepayment_Debt_OfficialCreditor_PubliclyGuaranteed_LongTermExternalDebt_LenderArabMonetaryFund","23","[P1Y]","[, WorldBankProjection]","[USDollar]","[]"
"1970","AmountInterestRepayment_Debt_PubliclyGuaranteed_LongTermExternalDebt_LenderCountrySLV","9","[P1Y]","[]","[USDollar]","[]"
"1970","AmountInterestRepayment_Debt_LongTermExternalDebt_LenderCountryKWT","109","[P1Y]","[, WorldBankProjection]","[USDollar]","[]"
"1970","AmountInterestRepayment_Debt_LongTermExternalDebt_LenderCountryISR","56","[P1Y]","[, WorldBankProjection]","[USDollar]","[]"
"1970","AmountInterestRepayment_Debt_PrivateCreditor_PubliclyGuaranteed_LongTermExternalDebt_LenderCountryFRA","112","[P1Y]","[, WorldBankProjection]","[USDollar]","[]"
