"Units","ScalingFactors","MinDate","observationPeriods","NumPlaces","StatVar","MeasurementMethods"
"[USDollar]","[]","1988","[P1Y]","12","AmountPrincipalRepayment_Debt_PrivateCreditor_PubliclyGuaranteed_LongTermExternalDebt_LenderCountryCIV","[, WorldBankProjection]"
"[USDollar]","[]","2012","[P1Y]","11","AmountPrincipalRepayment_Debt_LongTermExternalDebt_LenderWorldTradeOrganization","[, WorldBankProjection]"
"[USDollar]","[]","1988","[P1Y]","7","AmountPrincipalRepayment_Debt_PrivateCreditor_PubliclyGuaranteed_CommercialBank_LongTermExternalDebt_LenderCountryZWE","[]"
"[USDollar]","[]","1978","[P1Y]","11","AmountPrincipalRepayment_Debt_OfficialCreditor_PubliclyGuaranteed_Bilateral_LongTermExternalDebt_LenderCountryBRB","[, WorldBankProjection]"
"[USDollar]","[]","1970","[P1Y]","99","AmountPrincipalRepayment_Debt_PubliclyGuaranteed_LongTermExternalDebt_LenderCountryBEL","[, WorldBankProjection]"
"[USDollar]","[]","1972","[P1Y]","40","AmountPrincipalRepayment_Debt_OfficialCreditor_PubliclyGuaranteed_Bilateral_LongTermExternalDebt_LenderCountryBRA","[, WorldBankProjection]"
"[USDollar]","[]","1970","[P1Y]","15","AmountPrincipalRepayment_Debt_OfficialCreditor_PubliclyGuaranteed_LongTermExternalDebt_LenderCouncilofEurope","[, WorldBankProjection]"
"[USDollar]","[]","1995","[P1Y]","7","AmountPrincipalRepayment_Debt_OfficialCreditor_PubliclyGuaranteed_Bilateral_LongTermExternalDebt_LenderCountryBRN","[]"
"[USDollar]","[]","1970","[P1Y]","11","AmountPrincipalRepayment_Debt_PrivateCreditor_PubliclyGuaranteed_LongTermExternalDebt_LenderCountryZWE","[]"
"[USDollar]","[]","2023","[P1Y]","8","AmountPrincipalRepayment_Debt_PrivateCreditor_PubliclyGuaranteed_CommercialBank_LongTermExternalDebt_LenderCountryCIV","[, WorldBankProjection]"
"[USDollar]","[]","1978","[P1Y]","6","AmountPrincipalRepayment_Debt_LongTermExternalDebt_LenderCountryGAB","[]"
"[USDollar]","[]","1984","[P1Y]","16","AmountPrincipalRepayment_Debt_LongTermExternalDebt_LenderCentralBankofWestAfricanStates","[, WorldBankProjection]"
"[USDollar]","[]","2013","[P1Y]","6","AmountPrincipalRepayment_Debt_PrivateCreditor_PubliclyGuaranteed_LongTermExternalDebt_LenderCountryGRD","[, WorldBankProjection]"
"[USDollar]","[]","1970","[P1Y]","35","AmountPrincipalRepayment_Debt_OfficialCreditor_PubliclyGuaranteed_Bilateral_LongTermExternalDebt_LenderCountryZAF","[, WorldBankProjection]"
"[USDollar]","[]","1981","[P1Y]","7","AmountPrincipalRepayment_Debt_PubliclyGuaranteed_LongTermExternalDebt_LenderCountryBFA","[]"
"[USDollar]","[]","1984","[P1Y]","8","AmountPrincipalRepayment_Debt_LongTermExternalDebt_LenderCountryMLT","[]"
"[USDollar]","[]","1982","[P1Y]","24","AmountPrincipalRepayment_Debt_PrivateCreditor_PubliclyGuaranteed_LongTermExternalDebt_LenderCountryGRC","[, WorldBankProjection]"
"[USDollar]","[]","2000","[P1Y]","7","AmountPrincipalRepayment_Debt_PubliclyGuaranteed_LongTermExternalDebt_LenderCountryUKR","[]"
"[USDollar]","[]","1974","[P1Y]","33","AmountPrincipalRepayment_Debt_PubliclyGuaranteed_LongTermExternalDebt_LenderCountrySGP","[, WorldBankProjection]"
"[USDollar]","[]","1970","[P1Y]","14","AmountPrincipalRepayment_Debt_LongTermExternalDebt_LenderCountryIDN","[, WorldBankProjection]"
"[USDollar]","[]","1981","[P1Y]","8","AmountPrincipalRepayment_Debt_PubliclyGuaranteed_LongTermExternalDebt_LenderUNRegularProgrammeofTechnicalCoop","[]"
"[USDollar]","[]","1985","[P1Y]","11","AmountPrincipalRepayment_Debt_OfficialCreditor_PubliclyGuaranteed_Multilateral_LongTermExternalDebt_LenderOrgofArabPetroleumExportingCountries","[]"
"[USDollar]","[]","1997","[P1Y]","18","AmountPrincipalRepayment_Debt_OfficialCreditor_PubliclyGuaranteed_LongTermExternalDebt_LenderEasternSouthernAfricanTradeDevBank","[, WorldBankProjection]"
"[USDollar]","[]","1999","[P1Y]","43","AmountPrincipalRepayment_Debt_PrivateCreditor_PubliclyGuaranteed_CommercialBank_LongTermExternalDebt_LenderCountryCHN","[, WorldBankProjection]"
"[USDollar]","[]","1970","[P1Y]","20","AmountPrincipalRepayment_Debt_OfficialCreditor_PubliclyGuaranteed_LongTermExternalDebt_LenderCountryQAT","[, WorldBankProjection]"
"[USDollar]","[]","1970","[P1Y]","25","AmountPrincipalRepayment_Debt_PubliclyGuaranteed_LongTermExternalDebt_LenderCountryQAT","[, WorldBankProjection]"
"[USDollar]","[]","2000","[P1Y]","7","AmountPrincipalRepayment_Debt_LongTermExternalDebt_LenderCountryKGZ","[]"
"[USDollar]","[]","2005","[P1Y]","8","AmountPrincipalRepayment_Debt_OfficialCreditor_PubliclyGuaranteed_LongTermExternalDebt_LenderCountryBDI","[]"
"[USDollar]","[]","2005","[P1Y]","8","AmountPrincipalRepayment_Debt_PubliclyGuaranteed_LongTermExternalDebt_LenderCountryBDI","[]"
"[USDollar]","[]","1993","[P1Y]","6","AmountPrincipalRepayment_Debt_PrivateCreditor_PubliclyGuaranteed_CommercialBank_LongTermExternalDebt_LenderCountryCHL","[]"
"[USDollar]","[]","1975","[P1Y]","8","AmountPrincipalRepayment_Debt_LongTermExternalDebt_LenderCountryMLI","[]"
"[USDollar]","[]","1970","[P1Y]","57","AmountPrincipalRepayment_Debt_OfficialCreditor_Concessional_PubliclyGuaranteed_Bilateral_LongTermExternalDebt_LenderCountryGBR","[, WorldBankProjection]"
"[USDollar]","[]","1970","[P1Y]","35","AmountPrincipalRepayment_Debt_LongTermExternalDebt_LenderCountryDZA","[, WorldBankProjection]"
"[USDollar]","[]","1970","[P1Y]","21","AmountPrincipalRepayment_Debt_PrivateCreditor_PubliclyGuaranteed_CommercialBank_LongTermExternalDebt_LenderCountryPAN","[, WorldBankProjection]"
"[USDollar]","[]","1970","[P1Y]","59","AmountPrincipalRepayment_Debt_OfficialCreditor_PubliclyGuaranteed_Bilateral_LongTermExternalDebt_LenderCountrySUN","[]"
"[USDollar]","[]","1993","[P1Y]","13","AmountPrincipalRepayment_Debt_OfficialCreditor_PubliclyGuaranteed_LongTermExternalDebt_LenderInternationalBankforEconomicCooperation","[, WorldBankProjection]"
"[USDollar]","[]","1976","[P1Y]","7","AmountPrincipalRepayment_Debt_PrivateCreditor_PubliclyGuaranteed_WorldBankOtherPrivate_LongTermExternalDebt_LenderCountryPER","[]"
"[USDollar]","[]","2008","[P1Y]","6","AmountPrincipalRepayment_Debt_PubliclyGuaranteed_LongTermExternalDebt_LenderArabTownsOrganization","[]"
"[USDollar]","[]","2003","[P1Y]","5","AmountPrincipalRepayment_Debt_LongTermExternalDebt_LenderCountrySWZ","[]"
"[USDollar]","[]","1970","[P1Y]","72","AmountPrincipalRepayment_Debt_PrivateCreditor_PubliclyGuaranteed_CommercialBank_LongTermExternalDebt_LenderCountryCHE","[, WorldBankProjection]"
"[USDollar]","[]","1976","[P1Y]","15","AmountPrincipalRepayment_Debt_OfficialCreditor_Concessional_PubliclyGuaranteed_Bilateral_LongTermExternalDebt_LenderCountryDZA","[, WorldBankProjection]"
"[USDollar]","[]","1995","[P1Y]","10","AmountPrincipalRepayment_Debt_OfficialCreditor_PubliclyGuaranteed_Bilateral_LongTermExternalDebt_LenderCountryUZB","[]"
"[USDollar]","[]","1970","[P1Y]","42","AmountPrincipalRepayment_Debt_PubliclyGuaranteed_LongTermExternalDebt_LenderCountryBGR","[, WorldBankProjection]"
"[USDollar]","[]","1989","[P1Y]","12","AmountPrincipalRepayment_Debt_OfficialCreditor_PubliclyGuaranteed_Bilateral_LongTermExternalDebt_LenderCountryOMN","[]"
"[USDollar]","[]","1970","[P1Y]","35","AmountPrincipalRepayment_Debt_OfficialCreditor_PubliclyGuaranteed_LongTermExternalDebt_LenderInternationalFinanceCorporation","[, WorldBankProjection]"
"[USDollar]","[]","1970","[P1Y]","35","AmountPrincipalRepayment_Debt_OfficialCreditor_PubliclyGuaranteed_Multilateral_LongTermExternalDebt_LenderInternationalFinanceCorporation","[, WorldBankProjection]"
"[USDollar]","[]","1970","[P1Y]","84","AmountPrincipalRepayment_Debt_OfficialCreditor_PubliclyGuaranteed_LongTermExternalDebt_LenderCountryBEL","[, WorldBankProjection]"
"[USDollar]","[]","1981","[P1Y]","7","AmountPrincipalRepayment_Debt_OfficialCreditor_PubliclyGuaranteed_Bilateral_LongTermExternalDebt_LenderCountryKEN","[]"
"[USDollar]","[]","1975","[P1Y]","8","AmountPrincipalRepayment_Debt_PrivateCreditor_PubliclyGuaranteed_WorldBankOtherPrivate_LongTermExternalDebt_LenderCountryPHL","[]"
"[USDollar]","[]","1975","[P1Y]","15","AmountPrincipalRepayment_Debt_PubliclyGuaranteed_LongTermExternalDebt_LenderUNDevelopmentProgramme","[]"
"[USDollar]","[]","1996","[P1Y]","25","AmountPrincipalRepayment_Debt_OfficialCreditor_PubliclyGuaranteed_Bilateral_LongTermExternalDebt_LenderCountrySVK","[]"
"[USDollar]","[]","1976","[P1Y]","8","AmountPrincipalRepayment_Debt_PrivateCreditor_PubliclyGuaranteed_LongTermExternalDebt_LenderCountryPER","[]"
"[USDollar]","[]","1975","[P1Y]","26","AmountPrincipalRepayment_Debt_OfficialCreditor_Concessional_PubliclyGuaranteed_Bilateral_LongTermExternalDebt_LenderCountrySWE","[, WorldBankProjection]"
"[USDollar]","[]","2008","[P1Y]","6","AmountPrincipalRepayment_Debt_OfficialCreditor_PubliclyGuaranteed_Bilateral_LongTermExternalDebt_LenderCountrySVN","[]"
"[USDollar]","[]","2012","[P1Y]","11","AmountPrincipalRepayment_Debt_OfficialCreditor_PubliclyGuaranteed_Multilateral_LongTermExternalDebt_LenderWorldTradeOrganization","[, WorldBankProjection]"
"[USDollar]","[]","1991","[P1Y]","5","AmountPrincipalRepayment_Debt_PubliclyGuaranteed_LongTermExternalDebt_LenderCountryHTI","[]"
"[USDollar]","[]","1984","[P1Y]","16","AmountPrincipalRepayment_Debt_PubliclyGuaranteed_LongTermExternalDebt_LenderCentralBankofWestAfricanStates","[, WorldBankProjection]"
"[USDollar]","[]","1980","[P1Y]","79","AmountPrincipalRepayment_Debt_OfficialCreditor_Concessional_PubliclyGuaranteed_Multilateral_LongTermExternalDebt_LenderOPECFundforInternationalDev","[]"
"[USDollar]","[]","2000","[P1Y]","5","AmountPrincipalRepayment_Debt_OfficialCreditor_PubliclyGuaranteed_LongTermExternalDebt_LenderCountryUKR","[]"
"[USDollar]","[]","1983","[P1Y]","16","AmountPrincipalRepayment_Debt_OfficialCreditor_PubliclyGuaranteed_LongTermExternalDebt_LenderCountrySGP","[]"
"[USDollar]","[]","1984","[P1Y]","8","AmountPrincipalRepayment_Debt_OfficialCreditor_PubliclyGuaranteed_Multilateral_LongTermExternalDebt_LenderFondoLatinoamericanodeReservas","[, WorldBankProjection]"
"[USDollar]","[]","1997","[P1Y]","18","AmountPrincipalRepayment_Debt_PubliclyGuaranteed_LongTermExternalDebt_LenderEasternSouthernAfricanTradeDevBank","[, WorldBankProjection]"
"[USDollar]","[]","1978","[P1Y]","11","AmountPrincipalRepayment_Debt_PrivateCreditor_PubliclyGuaranteed_WorldBankOtherPrivate_LongTermExternalDebt_LenderCountryCOL","[]"
"[USDollar]","[]","1973","[P1Y]","73","AmountPrincipalRepayment_Debt_LongTermExternalDebt_LenderEuropeanDevelopmentFund","[, WorldBankProjection]"
"[USDollar]","[]","1976","[P1Y]","13","AmountPrincipalRepayment_Debt_OfficialCreditor_PubliclyGuaranteed_Multilateral_LongTermExternalDebt_LenderEntenteCouncil","[]"
"[USDollar]","[]","1970","[P1Y]","119","AmountPrincipalRepayment_Debt_LongTermExternalDebt_LenderCountryGBR","[, WorldBankProjection]"
"[USDollar]","[]","1970","[P1Y]","16","AmountPrincipalRepayment_Debt_OfficialCreditor_PubliclyGuaranteed_LongTermExternalDebt_LenderCorporacionAndinadeFomento","[, WorldBankProjection]"
"[USDollar]","[]","2011","[P1Y]","6","AmountPrincipalRepayment_Debt_OfficialCreditor_PubliclyGuaranteed_LongTermExternalDebt_LenderCountryHRV","[]"
"[USDollar]","[]","1994","[P1Y]","15","AmountPrincipalRepayment_Debt_PubliclyGuaranteed_LongTermExternalDebt_LenderCountryHRV","[, WorldBankProjection]"
"[USDollar]","[]","2012","[P1Y]","7","AmountPrincipalRepayment_Debt_OfficialCreditor_Concessional_PubliclyGuaranteed_Multilateral_LongTermExternalDebt_LenderWorldTradeOrganization","[]"
"[USDollar]","[]","1970","[P1Y]","16","AmountPrincipalRepayment_Debt_PubliclyGuaranteed_LongTermExternalDebt_LenderCorporacionAndinadeFomento","[, WorldBankProjection]"
"[USDollar]","[]","2017","[P1Y]","5","AmountPrincipalRepayment_Debt_LongTermExternalDebt_LenderCountryMNE","[]"
"[USDollar]","[]","1984","[P1Y]","16","AmountPrincipalRepayment_Debt_OfficialCreditor_PubliclyGuaranteed_LongTermExternalDebt_LenderCentralBankofWestAfricanStates","[, WorldBankProjection]"
"[USDollar]","[]","2013","[P1Y]","6","AmountPrincipalRepayment_Debt_PrivateCreditor_PubliclyGuaranteed_CommercialBank_LongTermExternalDebt_LenderCountryGRD","[, WorldBankProjection]"
"[USDollar]","[]","2002","[P1Y]","17","AmountPrincipalRepayment_Debt_PrivateCreditor_PubliclyGuaranteed_CommercialBank_LongTermExternalDebt_LenderCountryGRC","[]"
"[USDollar]","[]","2014","[P1Y]","6","AmountPrincipalRepayment_Debt_PubliclyGuaranteed_LongTermExternalDebt_LenderBolivarianAlliancefortheAmericas","[, WorldBankProjection]"
"[USDollar]","[]","2007","[P1Y]","5","AmountPrincipalRepayment_Debt_LongTermExternalDebt_LenderCountrySYR","[]"
"[USDollar]","[]","1970","[P1Y]","65","AmountPrincipalRepayment_Debt_OfficialCreditor_PubliclyGuaranteed_Bilateral_LongTermExternalDebt_LenderCountrySWE","[, WorldBankProjection]"
"[USDollar]","[]","1970","[P1Y]","35","AmountPrincipalRepayment_Debt_OfficialCreditor_PubliclyGuaranteed_Bilateral_LongTermExternalDebt_LenderCountryDZA","[, WorldBankProjection]"
"[USDollar]","[]","1988","[P1Y]","14","AmountPrincipalRepayment_Debt_OfficialCreditor_PubliclyGuaranteed_LongTermExternalDebt_LenderCountryHKG","[]"
"[USDollar]","[]","1991","[P1Y]","9","AmountPrincipalRepayment_Debt_PrivateCreditor_PubliclyGuaranteed_WorldBankOtherPrivate_LongTermExternalDebt_LenderCountryCPV","[]"
"[USDollar]","[]","1970","[P1Y]","56","AmountPrincipalRepayment_Debt_PubliclyGuaranteed_LongTermExternalDebt_LenderCountryFIN","[, WorldBankProjection]"
"[USDollar]","[]","2023","[P1Y]","6","AmountPrincipalRepayment_Debt_PrivateCreditor_PubliclyGuaranteed_CommercialBank_LongTermExternalDebt_LenderCountryGUY","[]"
"[USDollar]","[]","2023","[P1Y]","6","AmountPrincipalRepayment_Debt_PrivateCreditor_PubliclyGuaranteed_LongTermExternalDebt_LenderCountryGUY","[]"
"[USDollar]","[]","1970","[P1Y]","43","AmountPrincipalRepayment_Debt_PubliclyGuaranteed_LongTermExternalDebt_LenderCountryLUX","[, WorldBankProjection]"
"[USDollar]","[]","1970","[P1Y]","124","AmountPrincipalRepayment_Debt_PubliclyGuaranteed_LongTermExternalDebt_LenderCountryDEU","[, WorldBankProjection]"
"[USDollar]","[]","1995","[P1Y]","5","AmountPrincipalRepayment_Debt_OfficialCreditor_PubliclyGuaranteed_Bilateral_LongTermExternalDebt_LenderCountryMDA","[]"
"[USDollar]","[]","1974","[P1Y]","13","AmountPrincipalRepayment_Debt_PrivateCreditor_PubliclyGuaranteed_WorldBankOtherPrivate_LongTermExternalDebt_LenderCountryLBN","[]"
"[USDollar]","[]","1970","[P1Y]","131","AmountPrincipalRepayment_Debt_PrivateCreditor_PubliclyGuaranteed_LongTermExternalDebt","[, WorldBankProjection]"
"[USDollar]","[]","1982","[P1Y]","9","AmountPrincipalRepayment_Debt_PrivateCreditor_PubliclyGuaranteed_WorldBankOtherPrivate_LongTermExternalDebt_LenderCountryLBR","[]"
"[USDollar]","[]","1999","[P1Y]","7","AmountPrincipalRepayment_Debt_OfficialCreditor_Concessional_PubliclyGuaranteed_Multilateral_LongTermExternalDebt_LenderDevBankoftheCentralAfricanStates","[]"
"[USDollar]","[]","1981","[P1Y]","9","AmountPrincipalRepayment_Debt_PubliclyGuaranteed_LongTermExternalDebt_LenderCountryHND","[, WorldBankProjection]"
"[USDollar]","[]","1975","[P1Y]","20","AmountPrincipalRepayment_Debt_PubliclyGuaranteed_LongTermExternalDebt_LenderCountryNZL","[]"
"[USDollar]","[]","1975","[P1Y]","93","AmountPrincipalRepayment_Debt_OfficialCreditor_PubliclyGuaranteed_LongTermExternalDebt_LenderCountrySAU","[, WorldBankProjection]"
"[USDollar]","[]","1995","[P1Y]","7","AmountPrincipalRepayment_Debt_LongTermExternalDebt_LenderCountryBRN","[]"
"[USDollar]","[]","1970","[P1Y]","66","AmountPrincipalRepayment_Debt_PrivateCreditor_PubliclyGuaranteed_WorldBankOtherPrivate_LongTermExternalDebt_LenderCountryESP","[, WorldBankProjection]"
"[USDollar]","[]","1970","[P1Y]","95","AmountPrincipalRepayment_Debt_PubliclyGuaranteed_LongTermExternalDebt_LenderCountrySAU","[, WorldBankProjection]"
"[USDollar]","[]","1970","[P1Y]","114","AmountPrincipalRepayment_Debt_PubliclyGuaranteed_LongTermExternalDebt_LenderCountryJPN","[, WorldBankProjection]"
"[USDollar]","[]","1970","[P1Y]","44","AmountPrincipalRepayment_Debt_LongTermExternalDebt_LenderCountryZAF","[, WorldBankProjection]"
"[USDollar]","[]","1970","[P1Y]","111","AmountPrincipalRepayment_Debt_OfficialCreditor_PubliclyGuaranteed_LongTermExternalDebt_LenderCountryJPN","[, WorldBankProjection]"
"[USDollar]","[]","1989","[P1Y]","7","AmountPrincipalRepayment_Debt_PubliclyGuaranteed_LongTermExternalDebt_LenderEconCommoftheGreatLakesCountries","[]"
"[USDollar]","[]","1978","[P1Y]","12","AmountPrincipalRepayment_Debt_PrivateCreditor_PubliclyGuaranteed_LongTermExternalDebt_LenderCountryCOL","[]"
"[USDollar]","[]","1970","[P1Y]","75","AmountPrincipalRepayment_Debt_PrivateCreditor_PubliclyGuaranteed_LongTermExternalDebt_LenderCountryESP","[, WorldBankProjection]"
"[USDollar]","[]","1970","[P1Y]","56","AmountPrincipalRepayment_Debt_LongTermExternalDebt_LenderCountryBRA","[, WorldBankProjection]"
"[USDollar]","[]","1980","[P1Y]","6","AmountPrincipalRepayment_Debt_PrivateCreditor_PubliclyGuaranteed_CommercialBank_LongTermExternalDebt_LenderCountryPER","[]"
"[USDollar]","[]","1978","[P1Y]","12","AmountPrincipalRepayment_Debt_LongTermExternalDebt_LenderCountryBRB","[, WorldBankProjection]"
"[USDollar]","[]","1977","[P1Y]","7","AmountPrincipalRepayment_Debt_OfficialCreditor_Concessional_PubliclyGuaranteed_Multilateral_LongTermExternalDebt_LenderInternationalCoffeeOrganization","[]"
"[USDollar]","[]","1973","[P1Y]","8","AmountPrincipalRepayment_Debt_PrivateCreditor_PubliclyGuaranteed_LongTermExternalDebt_LenderCountryCOD","[]"
"[USDollar]","[]","1975","[P1Y]","8","AmountPrincipalRepayment_Debt_PrivateCreditor_PubliclyGuaranteed_LongTermExternalDebt_LenderCountryPHL","[]"
"[USDollar]","[]","1970","[P1Y]","108","AmountPrincipalRepayment_Debt_PrivateCreditor_PrivateNonGuaranteed_WorldBankCommercialBankAndOther_LongTermExternalDebt","[, WorldBankProjection]"
"[USDollar]","[]","1970","[P1Y]","121","AmountPrincipalRepayment_Debt_OfficialCreditor_PubliclyGuaranteed_LongTermExternalDebt_LenderEuropeanInvestmentBank","[, WorldBankProjection]"
"[USDollar]","[]","1970","[P1Y]","81","AmountPrincipalRepayment_Debt_LongTermExternalDebt_LenderCountrySWE","[, WorldBankProjection]"
"[USDollar]","[]","1994","[P1Y]","6","AmountPrincipalRepayment_Debt_LongTermExternalDebt_LenderCountryMKD","[]"
"[USDollar]","[]","1978","[P1Y]","12","AmountPrincipalRepayment_Debt_OfficialCreditor_PubliclyGuaranteed_LongTermExternalDebt_LenderCountryLUX","[]"
"[USDollar]","[]","1976","[P1Y]","42","AmountPrincipalRepayment_Debt_OfficialCreditor_PubliclyGuaranteed_LongTermExternalDebt_LenderCountryFIN","[, WorldBankProjection]"
"[USDollar]","[]","1989","[P1Y]","8","AmountPrincipalRepayment_Debt_PrivateCreditor_PubliclyGuaranteed_WorldBankOtherPrivate_LongTermExternalDebt_LenderCountryTTO","[, WorldBankProjection]"
"[USDollar]","[]","1970","[P1Y]","102","AmountPrincipalRepayment_Debt_PrivateCreditor_PubliclyGuaranteed_LongTermExternalDebt_LenderBondholders","[, WorldBankProjection]"
"[USDollar]","[]","2022","[P1Y]","7","AmountPrincipalRepayment_Debt_OfficialCreditor_Concessional_PubliclyGuaranteed_Multilateral_LongTermExternalDebt_LenderIslamicSolidarityFundforDev","[]"
"[USDollar]","[]","1970","[P1Y]","120","AmountPrincipalRepayment_Debt_OfficialCreditor_PubliclyGuaranteed_LongTermExternalDebt_LenderCountryDEU","[, WorldBankProjection]"
"[USDollar]","[]","1973","[P1Y]","8","AmountPrincipalRepayment_Debt_PrivateCreditor_PubliclyGuaranteed_CommercialBank_LongTermExternalDebt_LenderCountryCOD","[]"
"[USDollar]","[]","2003","[P1Y]","8","AmountPrincipalRepayment_Debt_LongTermExternalDebt_LenderCountrySVN","[, WorldBankProjection]"
"[USDollar]","[]","1985","[P1Y]","10","AmountPrincipalRepayment_Debt_OfficialCreditor_Concessional_PubliclyGuaranteed_Multilateral_LongTermExternalDebt_LenderOrgofArabPetroleumExportingCountries","[]"
"[USDollar]","[]","1970","[P1Y]","105","AmountPrincipalRepayment_Debt_OfficialCreditor_PubliclyGuaranteed_LongTermExternalDebt_LenderWorldBankIBRD","[, WorldBankProjection]"
"[USDollar]","[]","1970","[P1Y]","58","AmountPrincipalRepayment_Debt_PrivateCreditor_PubliclyGuaranteed_CommercialBank_LongTermExternalDebt_LenderCountryESP","[, WorldBankProjection]"
"[USDollar]","[]","1970","[P1Y]","22","AmountPrincipalRepayment_Debt_OfficialCreditor_PubliclyGuaranteed_Bilateral_LongTermExternalDebt_LenderCountryMEX","[]"
"[USDollar]","[]","1970","[P1Y]","11","AmountPrincipalRepayment_Debt_PubliclyGuaranteed_LongTermExternalDebt_LenderCountrySEN","[]"
"[USDollar]","[]","1983","[P1Y]","11","AmountPrincipalRepayment_Debt_PrivateCreditor_PubliclyGuaranteed_CommercialBank_LongTermExternalDebt_LenderCountryCOL","[]"
"[USDollar]","[]","1981","[P1Y]","7","AmountPrincipalRepayment_Debt_OfficialCreditor_PubliclyGuaranteed_LongTermExternalDebt_LenderCountryHND","[]"
"[USDollar]","[]","1970","[P1Y]","45","AmountPrincipalRepayment_Debt_OfficialCreditor_PubliclyGuaranteed_Bilateral_LongTermExternalDebt_LenderCountrySRB","[, WorldBankProjection]"
"[USDollar]","[]","1994","[P1Y]","11","AmountPrincipalRepayment_Debt_OfficialCreditor_PubliclyGuaranteed_Bilateral_LongTermExternalDebt_LenderCountryKAZ","[, WorldBankProjection]"
"[USDollar]","[]","2013","[P1Y]","12","AmountPrincipalRepayment_Debt_PubliclyGuaranteed_LongTermExternalDebt_LenderCaribbeanCommunity","[, WorldBankProjection]"
"[USDollar]","[]","1977","[P1Y]","57","AmountPrincipalRepayment_Debt_OfficialCreditor_Concessional_PubliclyGuaranteed_Multilateral_LongTermExternalDebt_LenderAfricanDevBank","[]"
"[USDollar]","[]","1971","[P1Y]","118","AmountPrincipalRepayment_Debt_OfficialCreditor_Concessional_PubliclyGuaranteed_Multilateral_LongTermExternalDebt_LenderWorldBankIDA","[]"
"[USDollar]","[]","1995","[P1Y]","10","AmountPrincipalRepayment_Debt_LongTermExternalDebt_LenderCountryUZB","[]"
"[USDollar]","[]","1977","[P1Y]","15","AmountPrincipalRepayment_Debt_OfficialCreditor_PubliclyGuaranteed_LongTermExternalDebt_LenderCountryNZL","[]"
"[USDollar]","[]","1970","[P1Y]","17","AmountPrincipalRepayment_Debt_PubliclyGuaranteed_LongTermExternalDebt_LenderCentralAmericanBankforEconIntegration","[, WorldBankProjection]"
"[USDollar]","[]","1970","[P1Y]","51","AmountPrincipalRepayment_Debt_LongTermExternalDebt_LenderArabBankforEconomicDevinAfrica","[, WorldBankProjection]"
"[USDollar]","[]","1994","[P1Y]","5","AmountPrincipalRepayment_Debt_OfficialCreditor_PubliclyGuaranteed_Multilateral_LongTermExternalDebt_LenderInternationalInvestmentBank","[]"
"[USDollar]","[]","1991","[P1Y]","9","AmountPrincipalRepayment_Debt_PrivateCreditor_PubliclyGuaranteed_LongTermExternalDebt_LenderCountryCPV","[]"
"[USDollar]","[]","1996","[P1Y]","25","AmountPrincipalRepayment_Debt_LongTermExternalDebt_LenderCountrySVK","[]"
"[USDollar]","[]","1970","[P1Y]","134","AmountPrincipalRepayment_Debt_PubliclyGuaranteed_LongTermExternalDebt","[, WorldBankProjection]"
"[USDollar]","[]","1993","[P1Y]","9","AmountPrincipalRepayment_Debt_PrivateCreditor_PubliclyGuaranteed_LongTermExternalDebt_LenderCountryLBY","[]"
"[USDollar]","[]","1982","[P1Y]","56","AmountPrincipalRepayment_Debt_LongTermExternalDebt_LenderEuropeanEconomicCommunity","[, WorldBankProjection]"
"[USDollar]","[]","1970","[P1Y]","63","AmountPrincipalRepayment_Debt_LongTermExternalDebt_LenderCountrySUN","[]"
"[USDollar]","[]","1970","[P1Y]","36","AmountPrincipalRepayment_Debt_PrivateCreditor_PubliclyGuaranteed_WorldBankOtherPrivate_LongTermExternalDebt_LenderCountryROU","[]"
"[USDollar]","[]","1982","[P1Y]","13","AmountPrincipalRepayment_Debt_PrivateCreditor_PubliclyGuaranteed_LongTermExternalDebt_LenderCountryLBR","[]"
"[USDollar]","[]","1989","[P1Y]","17","AmountPrincipalRepayment_Debt_LongTermExternalDebt_LenderCountryOMN","[]"
"[USDollar]","[]","1981","[P1Y]","8","AmountPrincipalRepayment_Debt_LongTermExternalDebt_LenderUNRegularProgrammeofTechnicalCoop","[]"
"[USDollar]","[]","1974","[P1Y]","16","AmountPrincipalRepayment_Debt_PrivateCreditor_PubliclyGuaranteed_LongTermExternalDebt_LenderCountryLBN","[]"
"[USDollar]","[]","1986","[P1Y]","24","AmountPrincipalRepayment_Debt_OfficialCreditor_PubliclyGuaranteed_LongTermExternalDebt_LenderEconomicCommunityofWestAfricanStates","[, WorldBankProjection]"
"[USDollar]","[]","1980","[P1Y]","12","AmountPrincipalRepayment_Debt_LongTermExternalDebt_LenderCountryKEN","[]"
"[USDollar]","[]","1970","[P1Y]","63","AmountPrincipalRepayment_Debt_PrivateCreditor_PubliclyGuaranteed_LongTermExternalDebt_LenderCountryCAN","[, WorldBankProjection]"
"[USDollar]","[]","2013","[P1Y]","12","AmountPrincipalRepayment_Debt_LongTermExternalDebt_LenderCaribbeanCommunity","[, WorldBankProjection]"
"[USDollar]","[]","2022","[P1Y]","7","AmountPrincipalRepayment_Debt_OfficialCreditor_PubliclyGuaranteed_LongTermExternalDebt_LenderIslamicSolidarityFundforDev","[, WorldBankProjection]"
"[USDollar]","[]","1984","[P1Y]","13","AmountPrincipalRepayment_Debt_PubliclyGuaranteed_LongTermExternalDebt_LenderArabLeague","[]"
"[USDollar]","[]","1974","[P1Y]","6","AmountPrincipalRepayment_Debt_LongTermExternalDebt_LenderCountryBOL","[]"
"[USDollar]","[]","2000","[P1Y]","16","AmountPrincipalRepayment_Debt_PrivateCreditor_PubliclyGuaranteed_CommercialBank_LongTermExternalDebt_LenderCountryMUS","[, WorldBankProjection]"
"[USDollar]","[]","2005","[P1Y]","6","AmountPrincipalRepayment_Debt_OfficialCreditor_PubliclyGuaranteed_LongTermExternalDebt_LenderCountryAZE","[, WorldBankProjection]"
"[USDollar]","[]","1970","[P1Y]","49","AmountPrincipalRepayment_Debt_PrivateCreditor_PubliclyGuaranteed_CommercialBank_LongTermExternalDebt_LenderCountryCAN","[, WorldBankProjection]"
"[USDollar]","[]","2000","[P1Y]","16","AmountPrincipalRepayment_Debt_PrivateCreditor_PubliclyGuaranteed_LongTermExternalDebt_LenderCountryMUS","[, WorldBankProjection]"
"[USDollar]","[]","1970","[P1Y]","38","AmountPrincipalRepayment_Debt_PrivateCreditor_PubliclyGuaranteed_WorldBankOtherPrivate_LongTermExternalDebt_LenderGermanDemRep","[]"
"[USDollar]","[]","1981","[P1Y]","8","AmountPrincipalRepayment_Debt_OfficialCreditor_PubliclyGuaranteed_LongTermExternalDebt_LenderUNRegularProgrammeofTechnicalCoop","[]"
"[USDollar]","[]","1970","[P1Y]","51","AmountPrincipalRepayment_Debt_OfficialCreditor_PubliclyGuaranteed_LongTermExternalDebt_LenderArabBankforEconomicDevinAfrica","[, WorldBankProjection]"
"[USDollar]","[]","2019","[P1Y]","5","AmountPrincipalRepayment_Debt_OfficialCreditor_Concessional_PubliclyGuaranteed_Multilateral_LongTermExternalDebt_LenderEuropeanReliefFund","[]"
"[USDollar]","[]","1978","[P1Y]","10","AmountPrincipalRepayment_Debt_OfficialCreditor_PubliclyGuaranteed_LongTermExternalDebt_LenderLatinAmericanAgribusinessDevCorp","[]"
"[USDollar]","[]","1970","[P1Y]","36","AmountPrincipalRepayment_Debt_PrivateCreditor_PubliclyGuaranteed_LongTermExternalDebt_LenderCountryIND","[, WorldBankProjection]"
"[USDollar]","[]","2013","[P1Y]","12","AmountPrincipalRepayment_Debt_OfficialCreditor_PubliclyGuaranteed_LongTermExternalDebt_LenderCaribbeanCommunity","[, WorldBankProjection]"
"[USDollar]","[]","1977","[P1Y]","63","AmountPrincipalRepayment_Debt_OfficialCreditor_PubliclyGuaranteed_LongTermExternalDebt_LenderIslamicDevBank","[, WorldBankProjection]"
"[USDollar]","[]","1970","[P1Y]","43","AmountPrincipalRepayment_Debt_OfficialCreditor_PubliclyGuaranteed_LongTermExternalDebt_LenderAsianDevBank","[, WorldBankProjection]"
"[USDollar]","[]","1992","[P1Y]","8","AmountPrincipalRepayment_Debt_PubliclyGuaranteed_LongTermExternalDebt_LenderLatinAmerConfofSavingCreditCoop","[]"
"[USDollar]","[]","1972","[P1Y]","11","AmountPrincipalRepayment_Debt_PrivateCreditor_PubliclyGuaranteed_WorldBankOtherPrivate_LongTermExternalDebt_LenderCountryTUN","[]"
"[USDollar]","[]","1974","[P1Y]","16","AmountPrincipalRepayment_Debt_PrivateCreditor_PubliclyGuaranteed_WorldBankOtherPrivate_LongTermExternalDebt_LenderCountryTUR","[, WorldBankProjection]"
"[USDollar]","[]","1995","[P1Y]","5","AmountPrincipalRepayment_Debt_LongTermExternalDebt_LenderCountryMDA","[]"
"[USDollar]","[]","1973","[P1Y]","73","AmountPrincipalRepayment_Debt_PubliclyGuaranteed_LongTermExternalDebt_LenderEuropeanDevelopmentFund","[, WorldBankProjection]"
"[USDollar]","[]","2017","[P1Y]","7","AmountPrincipalRepayment_Debt_PrivateCreditor_PubliclyGuaranteed_CommercialBank_LongTermExternalDebt_LenderCountryECU","[]"
"[USDollar]","[]","2002","[P1Y]","5","AmountPrincipalRepayment_Debt_OfficialCreditor_Concessional_PubliclyGuaranteed_Bilateral_LongTermExternalDebt_LenderCountryMEX","[]"
"[USDollar]","[]","1970","[P1Y]","119","AmountPrincipalRepayment_Debt_OfficialCreditor_PubliclyGuaranteed_Multilateral_LongTermExternalDebt_LenderWorldBankIDA","[, WorldBankProjection]"
"[USDollar]","[]","1974","[P1Y]","11","AmountPrincipalRepayment_Debt_OfficialCreditor_Concessional_PubliclyGuaranteed_Bilateral_LongTermExternalDebt_LenderCountrySRB","[]"
"[USDollar]","[]","1986","[P1Y]","15","AmountPrincipalRepayment_Debt_PrivateCreditor_PubliclyGuaranteed_CommercialBank_LongTermExternalDebt_LenderCountryVEN","[]"
"[USDollar]","[]","1988","[P1Y]","5","AmountPrincipalRepayment_Debt_LongTermExternalDebt_LenderCountryMCO","[]"
"[USDollar]","[]","1985","[P1Y]","35","AmountPrincipalRepayment_Debt_OfficialCreditor_PubliclyGuaranteed_LongTermExternalDebt_LenderNordicInvestmentBank","[, WorldBankProjection]"
"[USDollar]","[]","1976","[P1Y]","37","AmountPrincipalRepayment_Debt_PubliclyGuaranteed_LongTermExternalDebt_LenderCountryHKG","[, WorldBankProjection]"
"[USDollar]","[]","1970","[P1Y]","80","AmountPrincipalRepayment_Debt_PrivateCreditor_PubliclyGuaranteed_WorldBankOtherPrivate_LongTermExternalDebt_LenderCountryNLD","[, WorldBankProjection]"
"[USDollar]","[]","1985","[P1Y]","9","AmountPrincipalRepayment_Debt_PubliclyGuaranteed_LongTermExternalDebt_LenderCountryJOR","[]"
"[USDollar]","[]","1977","[P1Y]","10","AmountPrincipalRepayment_Debt_LongTermExternalDebt_LenderEastAfricanCommunity","[]"
"[USDollar]","[]","2006","[P1Y]","6","AmountPrincipalRepayment_Debt_OfficialCreditor_PubliclyGuaranteed_Bilateral_LongTermExternalDebt_LenderCountryVCT","[]"
"[USDollar]","[]","2018","[P1Y]","7","AmountPrincipalRepayment_Debt_OfficialCreditor_Concessional_PubliclyGuaranteed_Bilateral_LongTermExternalDebt_LenderCountryURY","[]"
"[USDollar]","[]","1970","[P1Y]","75","AmountPrincipalRepayment_Debt_OfficialCreditor_Concessional_PubliclyGuaranteed_Bilateral_LongTermExternalDebt_LenderCountryUSA","[, WorldBankProjection]"
"[USDollar]","[]","1984","[P1Y]","16","AmountPrincipalRepayment_Debt_PrivateCreditor_PubliclyGuaranteed_LongTermExternalDebt_LenderCountryEGY","[, WorldBankProjection]"
"[USDollar]","[]","1970","[P1Y]","106","AmountPrincipalRepayment_Debt_LongTermExternalDebt_LenderBondholders","[, WorldBankProjection]"
"[USDollar]","[]","1999","[P1Y]","5","AmountPrincipalRepayment_Debt_OfficialCreditor_PubliclyGuaranteed_Multilateral_LongTermExternalDebt_LenderBankforInternationalSettlements","[]"
"[USDollar]","[]","1970","[P1Y]","129","AmountPrincipalRepayment_Debt_PrivateCreditor_PubliclyGuaranteed_CommercialBank_LongTermExternalDebt","[, WorldBankProjection]"
"[USDollar]","[]","1970","[P1Y]","23","AmountPrincipalRepayment_Debt_LongTermExternalDebt_LenderCountryMEX","[]"
"[USDollar]","[]","1970","[P1Y]","37","AmountPrincipalRepayment_Debt_PrivateCreditor_PubliclyGuaranteed_WorldBankOtherPrivate_LongTermExternalDebt_LenderCountryPOL","[, WorldBankProjection]"
"[USDollar]","[]","1970","[P1Y]","57","AmountPrincipalRepayment_Debt_LongTermExternalDebt_LenderCountrySRB","[, WorldBankProjection]"
"[USDollar]","[]","1994","[P1Y]","11","AmountPrincipalRepayment_Debt_LongTermExternalDebt_LenderCountryKAZ","[, WorldBankProjection]"
"[USDollar]","[]","1990","[P1Y]","14","AmountPrincipalRepayment_Debt_PrivateCreditor_PubliclyGuaranteed_WorldBankOtherPrivate_LongTermExternalDebt_LenderCountryARE","[, WorldBankProjection]"
"[USDollar]","[]","1970","[P1Y]","31","AmountPrincipalRepayment_Debt_PrivateCreditor_PubliclyGuaranteed_WorldBankOtherPrivate_LongTermExternalDebt_LenderCountryARG","[]"
"[USDollar]","[]","1980","[P1Y]","70","AmountPrincipalRepayment_Debt_OfficialCreditor_PubliclyGuaranteed_Bilateral_LongTermExternalDebt_LenderCountryKOR","[, WorldBankProjection]"
"[USDollar]","[]","1984","[P1Y]","7","AmountPrincipalRepayment_Debt_PrivateCreditor_PubliclyGuaranteed_CommercialBank_LongTermExternalDebt_LenderCountryIND","[]"
"[USDollar]","[]","1970","[P1Y]","10","AmountPrincipalRepayment_Debt_LongTermExternalDebt_LenderEuropeanSocialFund","[, WorldBankProjection]"
"[USDollar]","[]","1970","[P1Y]","10","AmountPrincipalRepayment_Debt_LongTermExternalDebt_LenderCountrySLV","[]"
"[USDollar]","[]","1974","[P1Y]","6","AmountPrincipalRepayment_Debt_OfficialCreditor_Concessional_PubliclyGuaranteed_Multilateral_LongTermExternalDebt_LenderWorldBankMIGA","[]"
"[USDollar]","[]","1994","[P1Y]","14","AmountPrincipalRepayment_Debt_PrivateCreditor_PubliclyGuaranteed_CommercialBank_LongTermExternalDebt_LenderCountryMYS","[]"
"[USDollar]","[]","1970","[P1Y]","20","AmountPrincipalRepayment_Debt_OfficialCreditor_Concessional_PubliclyGuaranteed_Bilateral_LongTermExternalDebt_LenderCountrySUN","[]"
"[USDollar]","[]","1970","[P1Y]","119","AmountPrincipalRepayment_Debt_PubliclyGuaranteed_LongTermExternalDebt_LenderWorldBankIDA","[, WorldBankProjection]"
"[USDollar]","[]","2005","[P1Y]","20","AmountPrincipalRepayment_Debt_PubliclyGuaranteed_LongTermExternalDebt_LenderEuropeanUnion","[, WorldBankProjection]"
"[USDollar]","[]","1989","[P1Y]","7","AmountPrincipalRepayment_Debt_PrivateCreditor_PubliclyGuaranteed_WorldBankOtherPrivate_LongTermExternalDebt_LenderCountryPRK","[]"
"[USDollar]","[]","1970","[P1Y]","76","AmountPrincipalRepayment_Debt_OfficialCreditor_PubliclyGuaranteed_LongTermExternalDebt_LenderCountryAUT","[, WorldBankProjection]"
"[USDollar]","[]","2000","[P1Y]","7","AmountPrincipalRepayment_Debt_OfficialCreditor_PubliclyGuaranteed_Bilateral_LongTermExternalDebt_LenderCountryKGZ","[]"
"[USDollar]","[]","1970","[P1Y]","55","AmountPrincipalRepayment_Debt_OfficialCreditor_PubliclyGuaranteed_LongTermExternalDebt_LenderCountryCZE","[, WorldBankProjection]"
"[USDollar]","[]","2000","[P1Y]","14","AmountPrincipalRepayment_Debt_OfficialCreditor_Concessional_PubliclyGuaranteed_Bilateral_LongTermExternalDebt_LenderMultipleLenders","[, WorldBankProjection]"
"[USDollar]","[]","1994","[P1Y]","18","AmountPrincipalRepayment_Debt_PrivateCreditor_PubliclyGuaranteed_LongTermExternalDebt_LenderCountryMYS","[]"
"[USDollar]","[]","1973","[P1Y]","23","AmountPrincipalRepayment_Debt_PrivateCreditor_PubliclyGuaranteed_WorldBankOtherPrivate_LongTermExternalDebt_LenderCountryPRT","[, WorldBankProjection]"
"[USDollar]","[]","1972","[P1Y]","26","AmountPrincipalRepayment_Debt_PrivateCreditor_PubliclyGuaranteed_LongTermExternalDebt_LenderCountryIRL","[, WorldBankProjection]"
"[USDollar]","[]","1970","[P1Y]","62","AmountPrincipalRepayment_Debt_OfficialCreditor_PubliclyGuaranteed_LongTermExternalDebt_LenderCountryNOR","[, WorldBankProjection]"
"[USDollar]","[]","1974","[P1Y]","10","AmountPrincipalRepayment_Debt_PrivateCreditor_PubliclyGuaranteed_WorldBankOtherPrivate_LongTermExternalDebt_LenderCountryCYM","[]"
"[USDollar]","[]","1977","[P1Y]","10","AmountPrincipalRepayment_Debt_PubliclyGuaranteed_LongTermExternalDebt_LenderEastAfricanCommunity","[]"
"[USDollar]","[]","1988","[P1Y]","7","AmountPrincipalRepayment_Debt_PrivateCreditor_PubliclyGuaranteed_WorldBankOtherPrivate_LongTermExternalDebt_LenderCountryRWA","[]"
"[USDollar]","[]","1990","[P1Y]","14","AmountPrincipalRepayment_Debt_PrivateCreditor_PubliclyGuaranteed_WorldBankOtherPrivate_LongTermExternalDebt_LenderCountryCYP","[]"
"[USDollar]","[]","1996","[P1Y]","45","AmountPrincipalRepayment_Debt_OfficialCreditor_Concessional_PubliclyGuaranteed_Multilateral_LongTermExternalDebt_LenderNordicDevelopmentFund","[]"
"[USDollar]","[]","1970","[P1Y]","37","AmountPrincipalRepayment_Debt_PrivateCreditor_PubliclyGuaranteed_WorldBankOtherPrivate_LongTermExternalDebt_LenderCountryAUS","[]"
"[USDollar]","[]","1970","[P1Y]","70","AmountPrincipalRepayment_Debt_PrivateCreditor_PubliclyGuaranteed_WorldBankOtherPrivate_LongTermExternalDebt_LenderCountryAUT","[, WorldBankProjection]"
"[USDollar]","[]","1970","[P1Y]","109","AmountPrincipalRepayment_Debt_PrivateNonGuaranteed_LongTermExternalDebt","[, WorldBankProjection]"
"[USDollar]","[]","1977","[P1Y]","13","AmountPrincipalRepayment_Debt_PrivateCreditor_PubliclyGuaranteed_LongTermExternalDebt_LenderCountryTHA","[, WorldBankProjection]"
"[USDollar]","[]","1970","[P1Y]","51","AmountPrincipalRepayment_Debt_OfficialCreditor_PubliclyGuaranteed_Multilateral_LongTermExternalDebt_LenderArabBankforEconomicDevinAfrica","[, WorldBankProjection]"
"[USDollar]","[]","1970","[P1Y]","77","AmountPrincipalRepayment_Debt_LongTermExternalDebt_LenderCountryDNK","[, WorldBankProjection]"
"[USDollar]","[]","1979","[P1Y]","23","AmountPrincipalRepayment_Debt_OfficialCreditor_PubliclyGuaranteed_LongTermExternalDebt_LenderArabAfricanInternationalBank","[, WorldBankProjection]"
"[USDollar]","[]","1991","[P1Y]","34","AmountPrincipalRepayment_Debt_PrivateCreditor_PubliclyGuaranteed_WorldBankOtherPrivate_LongTermExternalDebt_LenderCountryRUS","[, WorldBankProjection]"
"[USDollar]","[]","1970","[P1Y]","13","AmountPrincipalRepayment_Debt_OfficialCreditor_PubliclyGuaranteed_Bilateral_LongTermExternalDebt_LenderCountryIDN","[, WorldBankProjection]"
"[USDollar]","[]","1982","[P1Y]","6","AmountPrincipalRepayment_Debt_OfficialCreditor_PubliclyGuaranteed_Bilateral_LongTermExternalDebt_LenderCountryGAB","[]"
"[USDollar]","[]","1990","[P1Y]","5","AmountPrincipalRepayment_Debt_PrivateCreditor_PubliclyGuaranteed_LongTermExternalDebt_LenderCountryISL","[]"
"[USDollar]","[]","1970","[P1Y]","127","AmountPrincipalRepayment_Debt_LongTermExternalDebt_LenderCountryFRA","[, WorldBankProjection]"
"[USDollar]","[]","1977","[P1Y]","10","AmountPrincipalRepayment_Debt_OfficialCreditor_PubliclyGuaranteed_Multilateral_LongTermExternalDebt_LenderEastAfricanCommunity","[]"
"[USDollar]","[]","1972","[P1Y]","5","AmountPrincipalRepayment_Debt_PrivateCreditor_PubliclyGuaranteed_WorldBankOtherPrivate_LongTermExternalDebt_LenderCountryTZA","[]"
"[USDollar]","[]","2005","[P1Y]","8","AmountPrincipalRepayment_Debt_OfficialCreditor_Concessional_PubliclyGuaranteed_Bilateral_LongTermExternalDebt_LenderCountrySVK","[]"
"[USDollar]","[]","1993","[P1Y]","7","AmountPrincipalRepayment_Debt_OfficialCreditor_Concessional_PubliclyGuaranteed_Multilateral_LongTermExternalDebt_LenderEntenteCouncil","[]"
"[USDollar]","[]","1970","[P1Y]","27","AmountPrincipalRepayment_Debt_PrivateCreditor_PubliclyGuaranteed_CommercialBank_LongTermExternalDebt_LenderCountryKWT","[, WorldBankProjection]"
"[USDollar]","[]","1980","[P1Y]","31","AmountPrincipalRepayment_Debt_PrivateCreditor_PubliclyGuaranteed_CommercialBank_LongTermExternalDebt_LenderCountryISR","[, WorldBankProjection]"
"[USDollar]","[]","1978","[P1Y]","10","AmountPrincipalRepayment_Debt_LongTermExternalDebt_LenderCountryURY","[]"
"[USDollar]","[]","1974","[P1Y]","8","AmountPrincipalRepayment_Debt_OfficialCreditor_PubliclyGuaranteed_Multilateral_LongTermExternalDebt_LenderWorldBankMIGA","[, WorldBankProjection]"
"[USDollar]","[]","1998","[P1Y]","16","AmountPrincipalRepayment_Debt_OfficialCreditor_Concessional_PubliclyGuaranteed_Bilateral_LongTermExternalDebt_LenderCountryBRA","[, WorldBankProjection]"
"[USDollar]","[]","1970","[P1Y]","34","AmountPrincipalRepayment_Debt_PrivateCreditor_PubliclyGuaranteed_LongTermExternalDebt_LenderCountryKWT","[, WorldBankProjection]"
"[USDollar]","[]","1970","[P1Y]","52","AmountPrincipalRepayment_Debt_PrivateCreditor_PubliclyGuaranteed_LongTermExternalDebt_LenderCountryISR","[, WorldBankProjection]"
"[USDollar]","[]","2005","[P1Y]","7","AmountPrincipalRepayment_Debt_PubliclyGuaranteed_LongTermExternalDebt_LenderCountryAZE","[, WorldBankProjection]"
"[USDollar]","[]","1970","[P1Y]","124","AmountPrincipalRepayment_Debt_LongTermExternalDebt_LenderCountryUSA","[, WorldBankProjection]"
"[USDollar]","[]","1970","[P1Y]","64","AmountPrincipalRepayment_Debt_PrivateCreditor_PubliclyGuaranteed_CommercialBank_LongTermExternalDebt_LenderCountryITA","[, WorldBankProjection]"
"[USDollar]","[]","1970","[P1Y]","51","AmountPrincipalRepayment_Debt_PubliclyGuaranteed_LongTermExternalDebt_LenderArabBankforEconomicDevinAfrica","[, WorldBankProjection]"
"[USDollar]","[]","1984","[P1Y]","13","AmountPrincipalRepayment_Debt_OfficialCreditor_PubliclyGuaranteed_LongTermExternalDebt_LenderArabLeague","[]"
"[USDollar]","[]","2020","[P1Y]","5","AmountPrincipalRepayment_Debt_OfficialCreditor_PubliclyGuaranteed_LongTermExternalDebt_LenderUNPopulationFund","[, WorldBankProjection]"
"[USDollar]","[]","1970","[P1Y]","18","AmountPrincipalRepayment_Debt_LongTermExternalDebt_LenderCountryBMU","[]"
"[USDollar]","[]","2011","[P1Y]","11","AmountPrincipalRepayment_Debt_LongTermExternalDebt_LenderEurasianDevelopmentBank","[, WorldBankProjection]"
"[USDollar]","[]","1970","[P1Y]","89","AmountPrincipalRepayment_Debt_PrivateCreditor_PubliclyGuaranteed_LongTermExternalDebt_LenderCountryCHE","[, WorldBankProjection]"
"[USDollar]","[]","1970","[P1Y]","35","AmountPrincipalRepayment_Debt_PrivateCreditor_PubliclyGuaranteed_LongTermExternalDebt_LenderCountryPAN","[, WorldBankProjection]"
"[USDollar]","[]","1982","[P1Y]","16","AmountPrincipalRepayment_Debt_OfficialCreditor_PubliclyGuaranteed_Multilateral_LongTermExternalDebt_LenderDevBankoftheCentralAfricanStates","[, WorldBankProjection]"
"[USDollar]","[]","2020","[P1Y]","7","AmountPrincipalRepayment_Debt_OfficialCreditor_PubliclyGuaranteed_LongTermExternalDebt_LenderSouthAsianDevelopmentFund","[, WorldBankProjection]"
"[USDollar]","[]","2024","[P1Y]","6","AmountPrincipalRepayment_Debt_LongTermExternalDebt_LenderCountryBLZ","[WorldBankProjection]"
"[USDollar]","[]","1970","[P1Y]","108","AmountPrincipalRepayment_Debt_PrivateNonGuaranteed_LongTermExternalDebt_LenderOtherMultipleLenders","[, WorldBankProjection]"
"[USDollar]","[]","1977","[P1Y]","63","AmountPrincipalRepayment_Debt_LongTermExternalDebt_LenderIslamicDevBank","[, WorldBankProjection]"
"[USDollar]","[]","1975","[P1Y]","12","AmountPrincipalRepayment_Debt_PrivateCreditor_PubliclyGuaranteed_LongTermExternalDebt_LenderCountryPAK","[]"
"[USDollar]","[]","1970","[P1Y]","95","AmountPrincipalRepayment_Debt_PrivateCreditor_PubliclyGuaranteed_LongTermExternalDebt_LenderCountryITA","[, WorldBankProjection]"
"[USDollar]","[]","1970","[P1Y]","98","AmountPrincipalRepayment_Debt_OfficialCreditor_PubliclyGuaranteed_Bilateral_LongTermExternalDebt_LenderCountryGBR","[, WorldBankProjection]"
"[USDollar]","[]","1970","[P1Y]","20","AmountPrincipalRepayment_Debt_LongTermExternalDebt_LenderCountryMAR","[, WorldBankProjection]"
"[USDollar]","[]","2023","[P1Y]","7","AmountPrincipalRepayment_Debt_PrivateCreditor_PubliclyGuaranteed_WorldBankOtherPrivate_LongTermExternalDebt_LenderCountryLKA","[, WorldBankProjection]"
"[USDollar]","[]","1986","[P1Y]","10","AmountPrincipalRepayment_Debt_PrivateCreditor_PubliclyGuaranteed_CommercialBank_LongTermExternalDebt_LenderCountryTHA","[, WorldBankProjection]"
"[USDollar]","[]","1970","[P1Y]","16","AmountPrincipalRepayment_Debt_OfficialCreditor_PubliclyGuaranteed_Multilateral_LongTermExternalDebt_LenderCorporacionAndinadeFomento","[, WorldBankProjection]"
"[USDollar]","[]","1984","[P1Y]","54","AmountPrincipalRepayment_Debt_PrivateCreditor_PubliclyGuaranteed_LongTermExternalDebt_LenderCountryCHN","[, WorldBankProjection]"
"[USDollar]","[]","2012","[P1Y]","31","AmountPrincipalRepayment_Debt_LongTermExternalDebt_LenderAfricanExportImportBank","[, WorldBankProjection]"
"[USDollar]","[]","1976","[P1Y]","6","AmountPrincipalRepayment_Debt_OfficialCreditor_PubliclyGuaranteed_Multilateral_LongTermExternalDebt_LenderUNHighCommissionerforRefugees","[]"
"[USDollar]","[]","1970","[P1Y]","47","AmountPrincipalRepayment_Debt_PrivateCreditor_PubliclyGuaranteed_WorldBankOtherPrivate_LongTermExternalDebt_LenderCountryNOR","[, WorldBankProjection]"
"[USDollar]","[]","1970","[P1Y]","38","AmountPrincipalRepayment_Debt_PrivateCreditor_PubliclyGuaranteed_WorldBankOtherPrivate_LongTermExternalDebt_LenderCountryCZE","[]"
"[USDollar]","[]","1983","[P1Y]","6","AmountPrincipalRepayment_Debt_PrivateCreditor_PubliclyGuaranteed_LongTermExternalDebt_LenderCountryCHL","[]"
"[USDollar]","[]","1995","[P1Y]","16","AmountPrincipalRepayment_Debt_LongTermExternalDebt_LenderCountryBLR","[, WorldBankProjection]"
"[USDollar]","[]","1995","[P1Y]","5","AmountPrincipalRepayment_Debt_OfficialCreditor_Concessional_PubliclyGuaranteed_Bilateral_LongTermExternalDebt_LenderCountryBRN","[]"
"[USDollar]","[]","1975","[P1Y]","8","AmountPrincipalRepayment_Debt_OfficialCreditor_Concessional_PubliclyGuaranteed_Bilateral_LongTermExternalDebt_LenderCountryZAF","[]"
"[USDollar]","[]","1983","[P1Y]","7","AmountPrincipalRepayment_Debt_LongTermExternalDebt_LenderCountryMAC","[]"
"[USDollar]","[]","1994","[P1Y]","51","AmountPrincipalRepayment_Debt_OfficialCreditor_PubliclyGuaranteed_LongTermExternalDebt_LenderNordicDevelopmentFund","[, WorldBankProjection]"
"[USDollar]","[]","1970","[P1Y]","119","AmountPrincipalRepayment_Debt_OfficialCreditor_PubliclyGuaranteed_LongTermExternalDebt_LenderWorldBankIDA","[, WorldBankProjection]"
"[USDollar]","[]","2002","[P1Y]","18","AmountPrincipalRepayment_Debt_PrivateCreditor_PubliclyGuaranteed_CommercialBank_LongTermExternalDebt_LenderCountryIRL","[, WorldBankProjection]"
"[USDollar]","[]","1970","[P1Y]","49","AmountPrincipalRepayment_Debt_PrivateCreditor_PubliclyGuaranteed_LongTermExternalDebt_LenderCountryNOR","[, WorldBankProjection]"
"[USDollar]","[]","1970","[P1Y]","120","AmountPrincipalRepayment_Debt_OfficialCreditor_PubliclyGuaranteed_Bilateral_LongTermExternalDebt_LenderCountryDEU","[, WorldBankProjection]"
"[USDollar]","[]","1994","[P1Y]","6","AmountPrincipalRepayment_Debt_PubliclyGuaranteed_LongTermExternalDebt_LenderCountryMKD","[]"
"[USDollar]","[]","1975","[P1Y]","10","AmountPrincipalRepayment_Debt_OfficialCreditor_Concessional_PubliclyGuaranteed_Bilateral_LongTermExternalDebt_LenderCountryCIV","[]"
"[USDollar]","[]","1970","[P1Y]","35","AmountPrincipalRepayment_Debt_PubliclyGuaranteed_LongTermExternalDebt_LenderCountryDZA","[, WorldBankProjection]"
"[USDollar]","[]","1970","[P1Y]","45","AmountPrincipalRepayment_Debt_PrivateCreditor_PubliclyGuaranteed_LongTermExternalDebt_LenderCountryCZE","[, WorldBankProjection]"
"[USDollar]","[]","1981","[P1Y]","7","AmountPrincipalRepayment_Debt_OfficialCreditor_PubliclyGuaranteed_Bilateral_LongTermExternalDebt_LenderCountryHND","[]"
"[USDollar]","[]","1978","[P1Y]","12","AmountPrincipalRepayment_Debt_OfficialCreditor_PubliclyGuaranteed_Bilateral_LongTermExternalDebt_LenderCountryLUX","[]"
"[USDollar]","[]","1994","[P1Y]","5","AmountPrincipalRepayment_Debt_PubliclyGuaranteed_LongTermExternalDebt_LenderInternationalInvestmentBank","[]"
"[USDollar]","[]","1970","[P1Y]","59","AmountPrincipalRepayment_Debt_OfficialCreditor_PubliclyGuaranteed_LongTermExternalDebt_LenderCountrySUN","[]"
"[USDollar]","[]","2019","[P1Y]","5","AmountPrincipalRepayment_Debt_OfficialCreditor_Concessional_PubliclyGuaranteed_Bilateral_LongTermExternalDebt_LenderCountryGRC","[, WorldBankProjection]"
"[USDollar]","[]","1970","[P1Y]","12","AmountPrincipalRepayment_Debt_LongTermExternalDebt_LenderCountryZWE","[]"
"[USDollar]","[]","1981","[P1Y]","7","AmountPrincipalRepayment_Debt_OfficialCreditor_PubliclyGuaranteed_LongTermExternalDebt_LenderCountryKEN","[]"
"[USDollar]","[]","2003","[P1Y]","5","AmountPrincipalRepayment_Debt_PubliclyGuaranteed_LongTermExternalDebt_LenderCountrySWZ","[]"
"[USDollar]","[]","1989","[P1Y]","12","AmountPrincipalRepayment_Debt_OfficialCreditor_PubliclyGuaranteed_LongTermExternalDebt_LenderCountryOMN","[]"
"[USDollar]","[]","2012","[P1Y]","9","AmountPrincipalRepayment_Debt_LongTermExternalDebt_LenderCountryVNM","[, WorldBankProjection]"
"[USDollar]","[]","1977","[P1Y]","15","AmountPrincipalRepayment_Debt_OfficialCreditor_PubliclyGuaranteed_Bilateral_LongTermExternalDebt_LenderCountryNZL","[]"
"[USDollar]","[]","1995","[P1Y]","10","AmountPrincipalRepayment_Debt_OfficialCreditor_PubliclyGuaranteed_LongTermExternalDebt_LenderCountryUZB","[]"
"[USDollar]","[]","2000","[P1Y]","7","AmountPrincipalRepayment_Debt_PubliclyGuaranteed_LongTermExternalDebt_LenderCountryKGZ","[]"
"[USDollar]","[]","1970","[P1Y]","36","AmountPrincipalRepayment_Debt_LongTermExternalDebt_LenderCountryPAN","[, WorldBankProjection]"
"[USDollar]","[]","2020","[P1Y]","7","AmountPrincipalRepayment_Debt_PubliclyGuaranteed_LongTermExternalDebt_LenderSouthAsianDevelopmentFund","[, WorldBankProjection]"
"[USDollar]","[]","1996","[P1Y]","25","AmountPrincipalRepayment_Debt_PubliclyGuaranteed_LongTermExternalDebt_LenderCountrySVK","[]"
"[USDollar]","[]","2003","[P1Y]","8","AmountPrincipalRepayment_Debt_PubliclyGuaranteed_LongTermExternalDebt_LenderCountrySVN","[, WorldBankProjection]"
"[USDollar]","[]","1970","[P1Y]","95","AmountPrincipalRepayment_Debt_LongTermExternalDebt_LenderCountryCHE","[, WorldBankProjection]"
"[USDollar]","[]","1986","[P1Y]","24","AmountPrincipalRepayment_Debt_LongTermExternalDebt_LenderEconomicCommunityofWestAfricanStates","[, WorldBankProjection]"
"[USDollar]","[]","1970","[P1Y]","123","AmountPrincipalRepayment_Debt_LongTermExternalDebt_LenderCountryCHN","[, WorldBankProjection]"
"[USDollar]","[]","2003","[P1Y]","6","AmountPrincipalRepayment_Debt_PrivateCreditor_PubliclyGuaranteed_CommercialBank_LongTermExternalDebt_LenderCountryMLT","[]"
"[USDollar]","[]","2008","[P1Y]","6","AmountPrincipalRepayment_Debt_OfficialCreditor_PubliclyGuaranteed_LongTermExternalDebt_LenderCountrySVN","[]"
"[USDollar]","[]","1977","[P1Y]","8","AmountPrincipalRepayment_Debt_PubliclyGuaranteed_LongTermExternalDebt_LenderInternationalCoffeeOrganization","[]"
"[USDollar]","[]","1996","[P1Y]","25","AmountPrincipalRepayment_Debt_OfficialCreditor_PubliclyGuaranteed_LongTermExternalDebt_LenderCountrySVK","[]"
"[USDollar]","[]","1983","[P1Y]","6","AmountPrincipalRepayment_Debt_LongTermExternalDebt_LenderCountryCHL","[]"
"[USDollar]","[]","1970","[P1Y]","16","AmountPrincipalRepayment_Debt_LongTermExternalDebt_LenderCorporacionAndinadeFomento","[, WorldBankProjection]"
"[USDollar]","[]","1985","[P1Y]","11","AmountPrincipalRepayment_Debt_LongTermExternalDebt_LenderOrgofArabPetroleumExportingCountries","[]"
"[USDollar]","[]","1970","[P1Y]","107","AmountPrincipalRepayment_Debt_LongTermExternalDebt_LenderCountryITA","[, WorldBankProjection]"
"[USDollar]","[]","1985","[P1Y]","11","AmountPrincipalRepayment_Debt_PubliclyGuaranteed_LongTermExternalDebt_LenderOrgofArabPetroleumExportingCountries","[]"
"[USDollar]","[]","1970","[P1Y]","81","AmountPrincipalRepayment_Debt_PubliclyGuaranteed_LongTermExternalDebt_LenderCountrySWE","[, WorldBankProjection]"
"[USDollar]","[]","1970","[P1Y]","119","AmountPrincipalRepayment_Debt_OfficialCreditor_IDA_PubliclyGuaranteed_Multilateral_LongTermExternalDebt_LenderWorldBankIDA","[]"
"[USDollar]","[]","1975","[P1Y]","20","AmountPrincipalRepayment_Debt_LongTermExternalDebt_LenderCountryPAK","[, WorldBankProjection]"
"[USDollar]","[]","1978","[P1Y]","6","AmountPrincipalRepayment_Debt_PubliclyGuaranteed_LongTermExternalDebt_LenderCountryGAB","[]"
"[USDollar]","[]","1970","[P1Y]","65","AmountPrincipalRepayment_Debt_OfficialCreditor_PubliclyGuaranteed_LongTermExternalDebt_LenderCountrySWE","[, WorldBankProjection]"
"[USDollar]","[]","1972","[P1Y]","76","AmountPrincipalRepayment_Debt_OfficialCreditor_Concessional_PubliclyGuaranteed_Bilateral_LongTermExternalDebt_LenderCountryITA","[, WorldBankProjection]"
"[USDollar]","[]","2007","[P1Y]","5","AmountPrincipalRepayment_Debt_PubliclyGuaranteed_LongTermExternalDebt_LenderCountrySYR","[]"
"[USDollar]","[]","1982","[P1Y]","16","AmountPrincipalRepayment_Debt_LongTermExternalDebt_LenderCountryAGO","[, WorldBankProjection]"
"[USDollar]","[]","1970","[P1Y]","35","AmountPrincipalRepayment_Debt_OfficialCreditor_PubliclyGuaranteed_LongTermExternalDebt_LenderCountryDZA","[, WorldBankProjection]"
"[USDollar]","[]","1970","[P1Y]","92","AmountPrincipalRepayment_Debt_PrivateCreditor_PubliclyGuaranteed_CommercialBank_LongTermExternalDebt_LenderCountryGBR","[, WorldBankProjection]"
"[USDollar]","[]","1994","[P1Y]","31","AmountPrincipalRepayment_Debt_OfficialCreditor_PubliclyGuaranteed_LongTermExternalDebt_LenderEuropeanBankforReconstructionandDev","[, WorldBankProjection]"
"[USDollar]","[]","1985","[P1Y]","35","AmountPrincipalRepayment_Debt_LongTermExternalDebt_LenderNordicInvestmentBank","[, WorldBankProjection]"
"[USDollar]","[]","2023","[P1Y]","5","AmountPrincipalRepayment_Debt_PrivateCreditor_PubliclyGuaranteed_LongTermExternalDebt_LenderArabMonetaryFund","[, WorldBankProjection]"
"[USDollar]","[]","1986","[P1Y]","13","AmountPrincipalRepayment_Debt_OfficialCreditor_Concessional_PubliclyGuaranteed_Multilateral_LongTermExternalDebt_LenderCaribbeanDevBank","[]"
"[USDollar]","[]","1988","[P1Y]","5","AmountPrincipalRepayment_Debt_OfficialCreditor_PubliclyGuaranteed_Multilateral_LongTermExternalDebt_LenderEuropeanCoalandSteelCommunity","[]"
"[USDollar]","[]","2000","[P1Y]","7","AmountPrincipalRepayment_Debt_OfficialCreditor_PubliclyGuaranteed_LongTermExternalDebt_LenderCountryKGZ","[]"
"[USDollar]","[]","1970","[P1Y]","20","AmountPrincipalRepayment_Debt_OfficialCreditor_PubliclyGuaranteed_Bilateral_LongTermExternalDebt_LenderCountryQAT","[, WorldBankProjection]"
"[USDollar]","[]","1998","[P1Y]","7","AmountPrincipalRepayment_Debt_OfficialCreditor_Concessional_PubliclyGuaranteed_Bilateral_LongTermExternalDebt_LenderCountryISR","[]"
"[USDollar]","[]","1970","[P1Y]","71","AmountPrincipalRepayment_Debt_OfficialCreditor_Concessional_PubliclyGuaranteed_Bilateral_LongTermExternalDebt_LenderCountryKWT","[, WorldBankProjection]"
"[USDollar]","[]","2005","[P1Y]","8","AmountPrincipalRepayment_Debt_OfficialCreditor_PubliclyGuaranteed_Bilateral_LongTermExternalDebt_LenderCountryBDI","[]"
"[USDollar]","[]","1989","[P1Y]","7","AmountPrincipalRepayment_Debt_OfficialCreditor_PubliclyGuaranteed_LongTermExternalDebt_LenderEconCommoftheGreatLakesCountries","[]"
"[USDollar]","[]","1994","[P1Y]","31","AmountPrincipalRepayment_Debt_LongTermExternalDebt_LenderEuropeanBankforReconstructionandDev","[, WorldBankProjection]"
"[USDollar]","[]","1975","[P1Y]","8","AmountPrincipalRepayment_Debt_PubliclyGuaranteed_LongTermExternalDebt_LenderCountryMLI","[]"
"[USDollar]","[]","2008","[P1Y]","8","AmountPrincipalRepayment_Debt_OfficialCreditor_Concessional_PubliclyGuaranteed_Multilateral_LongTermExternalDebt_LenderPlataBasinFinancialDevFund","[]"
"[USDollar]","[]","1970","[P1Y]","13","AmountPrincipalRepayment_Debt_PrivateCreditor_PubliclyGuaranteed_LongTermExternalDebt_LenderNethAntilles","[]"
"[USDollar]","[]","1984","[P1Y]","8","AmountPrincipalRepayment_Debt_LongTermExternalDebt_LenderFondoLatinoamericanodeReservas","[, WorldBankProjection]"
"[USDollar]","[]","1970","[P1Y]","14","AmountPrincipalRepayment_Debt_PubliclyGuaranteed_LongTermExternalDebt_LenderCountryIDN","[, WorldBankProjection]"
"[USDollar]","[]","1989","[P1Y]","7","AmountPrincipalRepayment_Debt_LongTermExternalDebt_LenderEconCommoftheGreatLakesCountries","[]"
"[USDollar]","[]","1984","[P1Y]","16","AmountPrincipalRepayment_Debt_OfficialCreditor_PubliclyGuaranteed_Multilateral_LongTermExternalDebt_LenderCentralBankofWestAfricanStates","[, WorldBankProjection]"
"[USDollar]","[]","1984","[P1Y]","8","AmountPrincipalRepayment_Debt_PubliclyGuaranteed_LongTermExternalDebt_LenderCountryMLT","[]"
"[USDollar]","[]","2005","[P1Y]","20","AmountPrincipalRepayment_Debt_LongTermExternalDebt_LenderEuropeanUnion","[, WorldBankProjection]"
"[USDollar]","[]","1982","[P1Y]","31","AmountPrincipalRepayment_Debt_OfficialCreditor_Concessional_PubliclyGuaranteed_Bilateral_LongTermExternalDebt_LenderCountryCHE","[, WorldBankProjection]"
"[USDollar]","[]","1982","[P1Y]","16","AmountPrincipalRepayment_Debt_PubliclyGuaranteed_LongTermExternalDebt_LenderDevBankoftheCentralAfricanStates","[, WorldBankProjection]"
"[USDollar]","[]","1970","[P1Y]","13","AmountPrincipalRepayment_Debt_OfficialCreditor_PubliclyGuaranteed_LongTermExternalDebt_LenderCountryIDN","[, WorldBankProjection]"
"[USDollar]","[]","1994","[P1Y]","5","AmountPrincipalRepayment_Debt_OfficialCreditor_PubliclyGuaranteed_LongTermExternalDebt_LenderInternationalInvestmentBank","[]"
"[USDollar]","[]","1972","[P1Y]","16","AmountPrincipalRepayment_Debt_LongTermExternalDebt_LenderCountryCIV","[, WorldBankProjection]"
"[USDollar]","[]","1995","[P1Y]","8","AmountPrincipalRepayment_Debt_LongTermExternalDebt_LenderCountryTKM","[]"
"[USDollar]","[]","1970","[P1Y]","109","AmountPrincipalRepayment_Debt_PubliclyGuaranteed_LongTermExternalDebt_LenderMultipleLenders","[, WorldBankProjection]"
"[USDollar]","[]","2013","[P1Y]","6","AmountPrincipalRepayment_Debt_LongTermExternalDebt_LenderCountryGRD","[, WorldBankProjection]"
"[USDollar]","[]","1970","[P1Y]","84","AmountPrincipalRepayment_Debt_OfficialCreditor_PubliclyGuaranteed_Bilateral_LongTermExternalDebt_LenderCountryBEL","[, WorldBankProjection]"
"[USDollar]","[]","2017","[P1Y]","5","AmountPrincipalRepayment_Debt_PrivateCreditor_PubliclyGuaranteed_CommercialBank_LongTermExternalDebt_LenderCountryMNE","[]"
"[USDollar]","[]","1970","[P1Y]","94","AmountPrincipalRepayment_Debt_OfficialCreditor_Concessional_PubliclyGuaranteed_Bilateral_LongTermExternalDebt_LenderCountryCHN","[, WorldBankProjection]"
"[USDollar]","[]","1978","[P1Y]","32","AmountPrincipalRepayment_Debt_OfficialCreditor_PubliclyGuaranteed_Multilateral_LongTermExternalDebt_LenderArabFundforEconomicSocialDevelopment","[, WorldBankProjection]"
"[USDollar]","[]","1970","[P1Y]","24","AmountPrincipalRepayment_Debt_LongTermExternalDebt_LenderCountryGRC","[, WorldBankProjection]"
"[USDollar]","[]","1998","[P1Y]","5","AmountPrincipalRepayment_Debt_LongTermExternalDebt_LenderCountryGMB","[]"
"[USDollar]","[]","2011","[P1Y]","5","AmountPrincipalRepayment_Debt_PrivateCreditor_PubliclyGuaranteed_LongTermExternalDebt_LenderCountryAZE","[]"
"[USDollar]","[]","1973","[P1Y]","73","AmountPrincipalRepayment_Debt_OfficialCreditor_PubliclyGuaranteed_LongTermExternalDebt_LenderEuropeanDevelopmentFund","[, WorldBankProjection]"
"[USDollar]","[]","1970","[P1Y]","56","AmountPrincipalRepayment_Debt_PubliclyGuaranteed_LongTermExternalDebt_LenderCountryBRA","[, WorldBankProjection]"
"[USDollar]","[]","1988","[P1Y]","32","AmountPrincipalRepayment_Debt_LongTermExternalDebt_LenderCountryMYS","[, WorldBankProjection]"
"[USDollar]","[]","1978","[P1Y]","12","AmountPrincipalRepayment_Debt_PubliclyGuaranteed_LongTermExternalDebt_LenderCountryBRB","[, WorldBankProjection]"
"[USDollar]","[]","1973","[P1Y]","73","AmountPrincipalRepayment_Debt_OfficialCreditor_PubliclyGuaranteed_Multilateral_LongTermExternalDebt_LenderEuropeanDevelopmentFund","[, WorldBankProjection]"
"[USDollar]","[]","1970","[P1Y]","44","AmountPrincipalRepayment_Debt_PubliclyGuaranteed_LongTermExternalDebt_LenderCountryZAF","[, WorldBankProjection]"
"[USDollar]","[]","1995","[P1Y]","7","AmountPrincipalRepayment_Debt_PubliclyGuaranteed_LongTermExternalDebt_LenderCountryBRN","[]"
"[USDollar]","[]","1970","[P1Y]","59","AmountPrincipalRepayment_Debt_LongTermExternalDebt_LenderAfricanDevBank","[, WorldBankProjection]"
"[USDollar]","[]","1994","[P1Y]","11","AmountPrincipalRepayment_Debt_OfficialCreditor_PubliclyGuaranteed_LongTermExternalDebt_LenderCountryKAZ","[, WorldBankProjection]"
"[USDollar]","[]","1994","[P1Y]","11","AmountPrincipalRepayment_Debt_PubliclyGuaranteed_LongTermExternalDebt_LenderCountryKAZ","[, WorldBankProjection]"
"[USDollar]","[]","1970","[P1Y]","22","AmountPrincipalRepayment_Debt_OfficialCreditor_PubliclyGuaranteed_LongTermExternalDebt_LenderCountryMEX","[]"
"[USDollar]","[]","1970","[P1Y]","45","AmountPrincipalRepayment_Debt_OfficialCreditor_PubliclyGuaranteed_LongTermExternalDebt_LenderCountrySRB","[, WorldBankProjection]"
"[USDollar]","[]","1986","[P1Y]","11","AmountPrincipalRepayment_Debt_OfficialCreditor_Concessional_PubliclyGuaranteed_Multilateral_LongTermExternalDebt_LenderCentralBankofWestAfricanStates","[]"
"[USDollar]","[]","1989","[P1Y]","10","AmountPrincipalRepayment_Debt_PubliclyGuaranteed_LongTermExternalDebt_LenderArabFundforTechAssisttoAfricanCountries","[]"
"[USDollar]","[]","1973","[P1Y]","11","AmountPrincipalRepayment_Debt_PubliclyGuaranteed_LongTermExternalDebt_LenderWestAfricanMonetaryUnion","[]"
"[USDollar]","[]","1977","[P1Y]","8","AmountPrincipalRepayment_Debt_OfficialCreditor_PubliclyGuaranteed_LongTermExternalDebt_LenderInternationalCoffeeOrganization","[]"
"[USDollar]","[]","1970","[P1Y]","134","AmountPrincipalRepayment_Debt_OfficialCreditor_PubliclyGuaranteed_Multilateral_LongTermExternalDebt","[, WorldBankProjection]"
"[USDollar]","[]","1981","[P1Y]","9","AmountPrincipalRepayment_Debt_OfficialCreditor_PubliclyGuaranteed_Multilateral_LongTermExternalDebt_LenderPlataBasinFinancialDevFund","[, WorldBankProjection]"
"[USDollar]","[]","1977","[P1Y]","8","AmountPrincipalRepayment_Debt_OfficialCreditor_PubliclyGuaranteed_Multilateral_LongTermExternalDebt_LenderInternationalCoffeeOrganization","[]"
"[USDollar]","[]","1988","[P1Y]","14","AmountPrincipalRepayment_Debt_OfficialCreditor_PubliclyGuaranteed_Bilateral_LongTermExternalDebt_LenderCountryHKG","[]"
"[USDollar]","[]","1970","[P1Y]","23","AmountPrincipalRepayment_Debt_LongTermExternalDebt_LenderCountryEGY","[, WorldBankProjection]"
"[USDollar]","[]","1989","[P1Y]","10","AmountPrincipalRepayment_Debt_OfficialCreditor_PubliclyGuaranteed_LongTermExternalDebt_LenderArabFundforTechAssisttoAfricanCountries","[]"
"[USDollar]","[]","1970","[P1Y]","81","AmountPrincipalRepayment_Debt_PrivateCreditor_PubliclyGuaranteed_WorldBankOtherPrivate_LongTermExternalDebt_LenderCountryJPN","[, WorldBankProjection]"
"[USDollar]","[]","1983","[P1Y]","21","AmountPrincipalRepayment_Debt_PrivateCreditor_PubliclyGuaranteed_CommercialBank_LongTermExternalDebt_LenderCountryKOR","[, WorldBankProjection]"
"[USDollar]","[]","2000","[P1Y]","7","AmountPrincipalRepayment_Debt_OfficialCreditor_PubliclyGuaranteed_LongTermExternalDebt_LenderUNWorldFoodProgramme","[]"
"[USDollar]","[]","1990","[P1Y]","5","AmountPrincipalRepayment_Debt_LongTermExternalDebt_LenderCountryISL","[]"
"[USDollar]","[]","1976","[P1Y]","6","AmountPrincipalRepayment_Debt_PubliclyGuaranteed_LongTermExternalDebt_LenderUNHighCommissionerforRefugees","[]"
"[USDollar]","[]","1980","[P1Y]","16","AmountPrincipalRepayment_Debt_PrivateCreditor_PubliclyGuaranteed_WorldBankOtherPrivate_LongTermExternalDebt_LenderCountrySAU","[]"
"[USDollar]","[]","1978","[P1Y]","10","AmountPrincipalRepayment_Debt_OfficialCreditor_PubliclyGuaranteed_Multilateral_LongTermExternalDebt_LenderLatinAmericanAgribusinessDevCorp","[]"
"[USDollar]","[]","1970","[P1Y]","63","AmountPrincipalRepayment_Debt_PubliclyGuaranteed_LongTermExternalDebt_LenderCountrySUN","[]"
"[USDollar]","[]","2001","[P1Y]","8","AmountPrincipalRepayment_Debt_PrivateCreditor_PubliclyGuaranteed_CommercialBank_LongTermExternalDebt_LenderCountryZMB","[]"
"[USDollar]","[]","1989","[P1Y]","17","AmountPrincipalRepayment_Debt_PubliclyGuaranteed_LongTermExternalDebt_LenderCountryOMN","[]"
"[USDollar]","[]","1970","[P1Y]","109","AmountPrincipalRepayment_Debt_LongTermExternalDebt_LenderCountryKWT","[, WorldBankProjection]"
"[USDollar]","[]","1970","[P1Y]","57","AmountPrincipalRepayment_Debt_LongTermExternalDebt_LenderCountryISR","[, WorldBankProjection]"
"[USDollar]","[]","1975","[P1Y]","93","AmountPrincipalRepayment_Debt_OfficialCreditor_PubliclyGuaranteed_Bilateral_LongTermExternalDebt_LenderCountrySAU","[, WorldBankProjection]"
"[USDollar]","[]","1974","[P1Y]","17","AmountPrincipalRepayment_Debt_LongTermExternalDebt_LenderCountryTHA","[, WorldBankProjection]"
"[USDollar]","[]","1970","[P1Y]","111","AmountPrincipalRepayment_Debt_OfficialCreditor_PubliclyGuaranteed_Bilateral_LongTermExternalDebt_LenderCountryJPN","[, WorldBankProjection]"
"[USDollar]","[]","1980","[P1Y]","12","AmountPrincipalRepayment_Debt_PubliclyGuaranteed_LongTermExternalDebt_LenderCountryKEN","[]"
"[USDollar]","[]","1972","[P1Y]","40","AmountPrincipalRepayment_Debt_OfficialCreditor_PubliclyGuaranteed_LongTermExternalDebt_LenderCountryBRA","[, WorldBankProjection]"
"[USDollar]","[]","1978","[P1Y]","11","AmountPrincipalRepayment_Debt_OfficialCreditor_PubliclyGuaranteed_LongTermExternalDebt_LenderCountryBRB","[, WorldBankProjection]"
"[USDollar]","[]","1970","[P1Y]","27","AmountPrincipalRepayment_Debt_OfficialCreditor_PubliclyGuaranteed_LongTermExternalDebt_LenderInterAmericanDevBank","[, WorldBankProjection]"
"[USDollar]","[]","1995","[P1Y]","10","AmountPrincipalRepayment_Debt_PubliclyGuaranteed_LongTermExternalDebt_LenderCountryUZB","[]"
"[USDollar]","[]","1970","[P1Y]","35","AmountPrincipalRepayment_Debt_OfficialCreditor_PubliclyGuaranteed_LongTermExternalDebt_LenderCountryZAF","[, WorldBankProjection]"
"[USDollar]","[]","1995","[P1Y]","7","AmountPrincipalRepayment_Debt_OfficialCreditor_PubliclyGuaranteed_LongTermExternalDebt_LenderCountryBRN","[]"
"[USDollar]","[]","2017","[P1Y]","12","AmountPrincipalRepayment_Debt_OfficialCreditor_Concessional_PubliclyGuaranteed_Bilateral_LongTermExternalDebt_LenderCountryAGO","[, WorldBankProjection]"
"[USDollar]","[]","1977","[P1Y]","29","AmountPrincipalRepayment_Debt_PrivateCreditor_PubliclyGuaranteed_WorldBankOtherPrivate_LongTermExternalDebt_LenderCountryHKG","[, WorldBankProjection]"
"[USDollar]","[]","2010","[P1Y]","5","AmountPrincipalRepayment_Debt_OfficialCreditor_Concessional_PubliclyGuaranteed_Multilateral_LongTermExternalDebt_LenderEUROFIMA","[]"
"[USDollar]","[]","2013","[P1Y]","6","AmountPrincipalRepayment_Debt_PrivateCreditor_PubliclyGuaranteed_CommercialBank_LongTermExternalDebt_LenderCountryVCT","[, WorldBankProjection]"
"[USDollar]","[]","1988","[P1Y]","10","AmountPrincipalRepayment_Debt_LongTermExternalDebt_LenderCountryTGO","[]"
"[USDollar]","[]","2008","[P1Y]","6","AmountPrincipalRepayment_Debt_LongTermExternalDebt_LenderArabTownsOrganization","[]"
"[USDollar]","[]","1973","[P1Y]","34","AmountPrincipalRepayment_Debt_LongTermExternalDebt_LenderCountryIRN","[, WorldBankProjection]"
"[USDollar]","[]","1985","[P1Y]","9","AmountPrincipalRepayment_Debt_PrivateCreditor_PubliclyGuaranteed_WorldBankOtherPrivate_LongTermExternalDebt_LenderCountryJOR","[]"
"[USDollar]","[]","1972","[P1Y]","28","AmountPrincipalRepayment_Debt_LongTermExternalDebt_LenderCountryIRL","[, WorldBankProjection]"
"[USDollar]","[]","2024","[P1Y]","7","AmountPrincipalRepayment_Debt_LongTermExternalDebt_LenderCountryGNQ","[WorldBankProjection]"
"[USDollar]","[]","1973","[P1Y]","38","AmountPrincipalRepayment_Debt_LongTermExternalDebt_LenderCountryIRQ","[, WorldBankProjection]"
"[USDollar]","[]","2022","[P1Y]","7","AmountPrincipalRepayment_Debt_PubliclyGuaranteed_LongTermExternalDebt_LenderIslamicSolidarityFundforDev","[, WorldBankProjection]"
"[USDollar]","[]","2020","[P1Y]","7","AmountPrincipalRepayment_Debt_LongTermExternalDebt_LenderSouthAsianDevelopmentFund","[, WorldBankProjection]"
"[USDollar]","[]","2013","[P1Y]","6","AmountPrincipalRepayment_Debt_PrivateCreditor_PubliclyGuaranteed_CommercialBank_LongTermExternalDebt_LenderCountryKNA","[, WorldBankProjection]"
"[USDollar]","[]","1976","[P1Y]","42","AmountPrincipalRepayment_Debt_OfficialCreditor_PubliclyGuaranteed_Bilateral_LongTermExternalDebt_LenderCountryFIN","[, WorldBankProjection]"
"[USDollar]","[]","1992","[P1Y]","62","AmountPrincipalRepayment_Debt_PrivateCreditor_PrivateNonGuaranteed_Bond_LongTermExternalDebt_LenderBondholders","[, WorldBankProjection]"
"[USDollar]","[]","1971","[P1Y]","61","AmountPrincipalRepayment_Debt_OfficialCreditor_Concessional_PubliclyGuaranteed_Bilateral_LongTermExternalDebt_LenderCountryCAN","[, WorldBankProjection]"
"[USDollar]","[]","1970","[P1Y]","18","AmountPrincipalRepayment_Debt_PubliclyGuaranteed_LongTermExternalDebt_LenderCountryBMU","[]"
"[USDollar]","[]","2004","[P1Y]","5","AmountPrincipalRepayment_Debt_LongTermExternalDebt_LenderCountryGIB","[]"
"[USDollar]","[]","2013","[P1Y]","12","AmountPrincipalRepayment_Debt_OfficialCreditor_PubliclyGuaranteed_Multilateral_LongTermExternalDebt_LenderCaribbeanCommunity","[, WorldBankProjection]"
"[USDollar]","[]","1978","[P1Y]","7","AmountPrincipalRepayment_Debt_PrivateCreditor_PubliclyGuaranteed_LongTermExternalDebt_LenderCountryNGA","[]"
"[USDollar]","[]","2013","[P1Y]","7","AmountPrincipalRepayment_Debt_PrivateCreditor_PubliclyGuaranteed_LongTermExternalDebt_LenderCountryLCA","[, WorldBankProjection]"
"[USDollar]","[]","2014","[P1Y]","6","AmountPrincipalRepayment_Debt_OfficialCreditor_PubliclyGuaranteed_Multilateral_LongTermExternalDebt_LenderBolivarianAlliancefortheAmericas","[, WorldBankProjection]"
"[USDollar]","[]","1970","[P1Y]","123","AmountPrincipalRepayment_Debt_OfficialCreditor_PubliclyGuaranteed_Bilateral_LongTermExternalDebt_LenderCountryFRA","[, WorldBankProjection]"
"[USDollar]","[]","1982","[P1Y]","56","AmountPrincipalRepayment_Debt_OfficialCreditor_PubliclyGuaranteed_LongTermExternalDebt_LenderEuropeanEconomicCommunity","[, WorldBankProjection]"
"[USDollar]","[]","1988","[P1Y]","5","AmountPrincipalRepayment_Debt_PubliclyGuaranteed_LongTermExternalDebt_LenderCountryMCO","[]"
"[USDollar]","[]","1970","[P1Y]","69","AmountPrincipalRepayment_Debt_OfficialCreditor_PubliclyGuaranteed_Bilateral_LongTermExternalDebt_LenderCountryDNK","[, WorldBankProjection]"
"[USDollar]","[]","1970","[P1Y]","36","AmountPrincipalRepayment_Debt_PrivateCreditor_PubliclyGuaranteed_LongTermExternalDebt_LenderCountryROU","[]"
"[USDollar]","[]","1995","[P1Y]","10","AmountPrincipalRepayment_Debt_LongTermExternalDebt_LenderEuropeanReliefFund","[, WorldBankProjection]"
"[USDollar]","[]","2013","[P1Y]","5","AmountPrincipalRepayment_Debt_PrivateCreditor_PubliclyGuaranteed_CommercialBank_LongTermExternalDebt_LenderCountryBOL","[]"
"[USDollar]","[]","1970","[P1Y]","14","AmountPrincipalRepayment_Debt_OfficialCreditor_PubliclyGuaranteed_LongTermExternalDebt_LenderCountryMAR","[]"
"[USDollar]","[]","1970","[P1Y]","134","AmountPrincipalRepayment_Debt_LongTermExternalDebt","[, WorldBankProjection]"
"[USDollar]","[]","1982","[P1Y]","56","AmountPrincipalRepayment_Debt_PubliclyGuaranteed_LongTermExternalDebt_LenderEuropeanEconomicCommunity","[, WorldBankProjection]"
"[USDollar]","[]","1995","[P1Y]","16","AmountPrincipalRepayment_Debt_PubliclyGuaranteed_LongTermExternalDebt_LenderCountryBLR","[, WorldBankProjection]"
"[USDollar]","[]","1985","[P1Y]","13","AmountPrincipalRepayment_Debt_PrivateCreditor_PubliclyGuaranteed_LongTermExternalDebt_LenderCountryTTO","[, WorldBankProjection]"
"[USDollar]","[]","1996","[P1Y]","8","AmountPrincipalRepayment_Debt_OfficialCreditor_PubliclyGuaranteed_Bilateral_LongTermExternalDebt_LenderCountrySLV","[]"
"[USDollar]","[]","2013","[P1Y]","12","AmountPrincipalRepayment_Debt_OfficialCreditor_PubliclyGuaranteed_Multilateral_LongTermExternalDebt_LenderUNGeneralAssembly","[, WorldBankProjection]"
"[USDollar]","[]","1970","[P1Y]","34","AmountPrincipalRepayment_Debt_LongTermExternalDebt_LenderCountryVEN","[, WorldBankProjection]"
"[USDollar]","[]","1970","[P1Y]","11","AmountPrincipalRepayment_Debt_LongTermExternalDebt_LenderCountryGHA","[]"
"[USDollar]","[]","1970","[P1Y]","40","AmountPrincipalRepayment_Debt_PrivateCreditor_PubliclyGuaranteed_WorldBankOtherPrivate_LongTermExternalDebt_LenderCountryFIN","[]"
"[USDollar]","[]","1995","[P1Y]","16","AmountPrincipalRepayment_Debt_OfficialCreditor_PubliclyGuaranteed_LongTermExternalDebt_LenderCountryBLR","[, WorldBankProjection]"
"[USDollar]","[]","2024","[P1Y]","6","AmountPrincipalRepayment_Debt_PubliclyGuaranteed_LongTermExternalDebt_LenderCountryBLZ","[WorldBankProjection]"
"[USDollar]","[]","1970","[P1Y]","32","AmountPrincipalRepayment_Debt_PrivateCreditor_PubliclyGuaranteed_WorldBankOtherPrivate_LongTermExternalDebt_LenderCountryLUX","[, WorldBankProjection]"
"[USDollar]","[]","2010","[P1Y]","11","AmountPrincipalRepayment_Debt_PubliclyGuaranteed_LongTermExternalDebt_LenderECOTradeandDevBank","[, WorldBankProjection]"
"[USDollar]","[]","1970","[P1Y]","96","AmountPrincipalRepayment_Debt_PrivateCreditor_PubliclyGuaranteed_WorldBankOtherPrivate_LongTermExternalDebt_LenderCountryDEU","[, WorldBankProjection]"
"[USDollar]","[]","1990","[P1Y]","5","AmountPrincipalRepayment_Debt_PrivateCreditor_PubliclyGuaranteed_CommercialBank_LongTermExternalDebt_LenderCountryMCO","[]"
"[USDollar]","[]","1977","[P1Y]","73","AmountPrincipalRepayment_Debt_LongTermExternalDebt_LenderCountryKOR","[, WorldBankProjection]"
"[USDollar]","[]","1970","[P1Y]","105","AmountPrincipalRepayment_Debt_OfficialCreditor_PubliclyGuaranteed_Multilateral_LongTermExternalDebt_LenderWorldBankIBRD","[, WorldBankProjection]"
"[USDollar]","[]","2024","[P1Y]","6","AmountPrincipalRepayment_Debt_OfficialCreditor_PubliclyGuaranteed_LongTermExternalDebt_LenderCountryBLZ","[WorldBankProjection]"
"[USDollar]","[]","1979","[P1Y]","40","AmountPrincipalRepayment_Debt_OfficialCreditor_Concessional_PubliclyGuaranteed_Bilateral_LongTermExternalDebt_LenderCountryIND","[, WorldBankProjection]"
"[USDollar]","[]","1977","[P1Y]","63","AmountPrincipalRepayment_Debt_OfficialCreditor_PubliclyGuaranteed_Multilateral_LongTermExternalDebt_LenderIslamicDevBank","[, WorldBankProjection]"
"[USDollar]","[]","1975","[P1Y]","15","AmountPrincipalRepayment_Debt_OfficialCreditor_PubliclyGuaranteed_LongTermExternalDebt_LenderUNDevelopmentProgramme","[]"
"[USDollar]","[]","1973","[P1Y]","9","AmountPrincipalRepayment_Debt_LongTermExternalDebt_LenderCountryZMB","[]"
"[USDollar]","[]","1978","[P1Y]","10","AmountPrincipalRepayment_Debt_PubliclyGuaranteed_LongTermExternalDebt_LenderCountryURY","[]"
"[USDollar]","[]","1970","[P1Y]","74","AmountPrincipalRepayment_Debt_OfficialCreditor_PubliclyGuaranteed_Bilateral_LongTermExternalDebt_LenderMultipleLenders","[, WorldBankProjection]"
"[USDollar]","[]","1978","[P1Y]","10","AmountPrincipalRepayment_Debt_OfficialCreditor_PubliclyGuaranteed_LongTermExternalDebt_LenderCountryURY","[]"
"[USDollar]","[]","2011","[P1Y]","11","AmountPrincipalRepayment_Debt_PubliclyGuaranteed_LongTermExternalDebt_LenderEurasianDevelopmentBank","[, WorldBankProjection]"
"[USDollar]","[]","1975","[P1Y]","11","AmountPrincipalRepayment_Debt_PrivateCreditor_PubliclyGuaranteed_WorldBankOtherPrivate_LongTermExternalDebt_LenderCountryNZL","[]"
"[USDollar]","[]","1970","[P1Y]","9","AmountPrincipalRepayment_Debt_PubliclyGuaranteed_LongTermExternalDebt_LenderEUROFIMA","[, WorldBankProjection]"
"[USDollar]","[]","1970","[P1Y]","124","AmountPrincipalRepayment_Debt_PubliclyGuaranteed_LongTermExternalDebt_LenderCountryUSA","[, WorldBankProjection]"
"[USDollar]","[]","1979","[P1Y]","10","AmountPrincipalRepayment_Debt_LongTermExternalDebt_LenderCountryECU","[]"
"[USDollar]","[]","1990","[P1Y]","5","AmountPrincipalRepayment_Debt_PrivateCreditor_PubliclyGuaranteed_WorldBankOtherPrivate_LongTermExternalDebt_LenderCountryQAT","[]"
"[USDollar]","[]","1974","[P1Y]","17","AmountPrincipalRepayment_Debt_PrivateCreditor_PubliclyGuaranteed_LongTermExternalDebt_LenderCountryTUR","[, WorldBankProjection]"
"[USDollar]","[]","1980","[P1Y]","57","AmountPrincipalRepayment_Debt_OfficialCreditor_Concessional_PubliclyGuaranteed_Bilateral_LongTermExternalDebt_LenderCountryKOR","[, WorldBankProjection]"
"[USDollar]","[]","1972","[P1Y]","11","AmountPrincipalRepayment_Debt_PrivateCreditor_PubliclyGuaranteed_LongTermExternalDebt_LenderCountryTUN","[]"
"[USDollar]","[]","1970","[P1Y]","111","AmountPrincipalRepayment_Debt_OfficialCreditor_PubliclyGuaranteed_LongTermExternalDebt_LenderCountryUSA","[, WorldBankProjection]"
"[USDollar]","[]","1970","[P1Y]","14","AmountPrincipalRepayment_Debt_OfficialCreditor_PubliclyGuaranteed_Bilateral_LongTermExternalDebt_LenderCountryMAR","[]"
"[USDollar]","[]","1981","[P1Y]","7","AmountPrincipalRepayment_Debt_PrivateCreditor_PubliclyGuaranteed_CommercialBank_LongTermExternalDebt_LenderCountryBRB","[, WorldBankProjection]"
"[USDollar]","[]","1970","[P1Y]","81","AmountPrincipalRepayment_Debt_OfficialCreditor_PubliclyGuaranteed_LongTermExternalDebt_LenderMultipleLenders","[, WorldBankProjection]"
"[USDollar]","[]","1972","[P1Y]","34","AmountPrincipalRepayment_Debt_PrivateCreditor_PubliclyGuaranteed_CommercialBank_LongTermExternalDebt_LenderCountryBRA","[, WorldBankProjection]"
"[USDollar]","[]","1982","[P1Y]","5","AmountPrincipalRepayment_Debt_PrivateCreditor_PubliclyGuaranteed_LongTermExternalDebt_LenderCountryNIC","[]"
"[USDollar]","[]","1980","[P1Y]","112","AmountPrincipalRepayment_Debt_LongTermExternalDebt_LenderOPECFundforInternationalDev","[, WorldBankProjection]"
"[USDollar]","[]","2011","[P1Y]","11","AmountPrincipalRepayment_Debt_OfficialCreditor_PubliclyGuaranteed_Multilateral_LongTermExternalDebt_LenderEurasianDevelopmentBank","[, WorldBankProjection]"
"[USDollar]","[]","1980","[P1Y]","55","AmountPrincipalRepayment_Debt_OfficialCreditor_Concessional_PubliclyGuaranteed_Multilateral_LongTermExternalDebt_LenderIslamicDevBank","[]"
"[USDollar]","[]","1970","[P1Y]","39","AmountPrincipalRepayment_Debt_PrivateCreditor_PubliclyGuaranteed_LongTermExternalDebt_LenderGermanDemRep","[]"
"[USDollar]","[]","1970","[P1Y]","121","AmountPrincipalRepayment_Debt_PubliclyGuaranteed_LongTermExternalDebt_LenderEuropeanInvestmentBank","[, WorldBankProjection]"
"[USDollar]","[]","1970","[P1Y]","23","AmountPrincipalRepayment_Debt_PubliclyGuaranteed_LongTermExternalDebt_LenderCountryMEX","[]"
"[USDollar]","[]","1995","[P1Y]","16","AmountPrincipalRepayment_Debt_OfficialCreditor_PubliclyGuaranteed_Bilateral_LongTermExternalDebt_LenderCountryBLR","[, WorldBankProjection]"
"[USDollar]","[]","1970","[P1Y]","57","AmountPrincipalRepayment_Debt_PubliclyGuaranteed_LongTermExternalDebt_LenderCountrySRB","[, WorldBankProjection]"
"[USDollar]","[]","1973","[P1Y]","7","AmountPrincipalRepayment_Debt_PrivateCreditor_PubliclyGuaranteed_LongTermExternalDebt_LenderCountryJAM","[]"
"[USDollar]","[]","1970","[P1Y]","26","AmountPrincipalRepayment_Debt_OfficialCreditor_Concessional_PubliclyGuaranteed_Multilateral_LongTermExternalDebt_LenderInterAmericanDevBank","[]"
"[USDollar]","[]","2011","[P1Y]","11","AmountPrincipalRepayment_Debt_OfficialCreditor_PubliclyGuaranteed_LongTermExternalDebt_LenderEurasianDevelopmentBank","[, WorldBankProjection]"
"[USDollar]","[]","1978","[P1Y]","10","AmountPrincipalRepayment_Debt_OfficialCreditor_PubliclyGuaranteed_Bilateral_LongTermExternalDebt_LenderCountryURY","[]"
"[USDollar]","[]","2024","[P1Y]","6","AmountPrincipalRepayment_Debt_OfficialCreditor_PubliclyGuaranteed_Bilateral_LongTermExternalDebt_LenderCountryBLZ","[WorldBankProjection]"
"[USDollar]","[]","1970","[P1Y]","88","AmountPrincipalRepayment_Debt_LongTermExternalDebt_LenderCountryIND","[, WorldBankProjection]"
"[USDollar]","[]","1995","[P1Y]","5","AmountPrincipalRepayment_Debt_PubliclyGuaranteed_LongTermExternalDebt_LenderCountryMDA","[]"
"[USDollar]","[]","1970","[P1Y]","42","AmountPrincipalRepayment_Debt_OfficialCreditor_PubliclyGuaranteed_Bilateral_LongTermExternalDebt_LenderGermanDemRep","[]"
"[USDollar]","[]","1970","[P1Y]","42","AmountPrincipalRepayment_Debt_OfficialCreditor_PubliclyGuaranteed_LongTermExternalDebt_LenderGermanDemRep","[]"
"[USDollar]","[]","1995","[P1Y]","5","AmountPrincipalRepayment_Debt_OfficialCreditor_PubliclyGuaranteed_LongTermExternalDebt_LenderCountryMDA","[]"
"[USDollar]","[]","2020","[P1Y]","23","AmountPrincipalRepayment_Debt_OfficialCreditor_Concessional_PubliclyGuaranteed_Multilateral_LongTermExternalDebt_LenderAsianInfrastructureInvestmentBank","[]"
"[USDollar]","[]","2000","[P1Y]","17","AmountPrincipalRepayment_Debt_LongTermExternalDebt_LenderCountryMUS","[, WorldBankProjection]"
"[USDollar]","[]","1979","[P1Y]","15","AmountPrincipalRepayment_Debt_OfficialCreditor_Concessional_PubliclyGuaranteed_Bilateral_LongTermExternalDebt_LenderCountryVEN","[, WorldBankProjection]"
"[USDollar]","[]","1980","[P1Y]","23","AmountPrincipalRepayment_Debt_OfficialCreditor_PubliclyGuaranteed_Multilateral_LongTermExternalDebt_LenderArabMonetaryFund","[, WorldBankProjection]"
"[USDollar]","[]","2008","[P1Y]","6","AmountPrincipalRepayment_Debt_OfficialCreditor_PubliclyGuaranteed_LongTermExternalDebt_LenderArabTownsOrganization","[]"
"[USDollar]","[]","1970","[P1Y]","88","AmountPrincipalRepayment_Debt_LongTermExternalDebt_LenderCountryCAN","[, WorldBankProjection]"
"[USDollar]","[]","1970","[P1Y]","8","AmountPrincipalRepayment_Debt_PrivateCreditor_PubliclyGuaranteed_WorldBankOtherPrivate_LongTermExternalDebt_LenderCountrySEN","[]"
"[USDollar]","[]","1971","[P1Y]","15","AmountPrincipalRepayment_Debt_PrivateCreditor_PubliclyGuaranteed_CommercialBank_LongTermExternalDebt_LenderCountryMEX","[]"
"[USDollar]","[]","1974","[P1Y]","6","AmountPrincipalRepayment_Debt_PubliclyGuaranteed_LongTermExternalDebt_LenderCountryBOL","[]"
"[USDollar]","[]","1981","[P1Y]","17","AmountPrincipalRepayment_Debt_LongTermExternalDebt_LenderWestAfricanDevelopmentBank","[, WorldBankProjection]"
"[USDollar]","[]","1970","[P1Y]","111","AmountPrincipalRepayment_Debt_OfficialCreditor_PubliclyGuaranteed_Bilateral_LongTermExternalDebt_LenderCountryUSA","[, WorldBankProjection]"
"[USDollar]","[]","1984","[P1Y]","8","AmountPrincipalRepayment_Debt_PubliclyGuaranteed_LongTermExternalDebt_LenderFondoLatinoamericanodeReservas","[, WorldBankProjection]"
"[USDollar]","[]","1970","[P1Y]","18","AmountPrincipalRepayment_Debt_PrivateCreditor_PubliclyGuaranteed_CommercialBank_LongTermExternalDebt_LenderCountrySRB","[]"
"[USDollar]","[]","1989","[P1Y]","10","AmountPrincipalRepayment_Debt_LongTermExternalDebt_LenderArabFundforTechAssisttoAfricanCountries","[]"
"[USDollar]","[]","2023","[P1Y]","5","AmountPrincipalRepayment_Debt_PrivateCreditor_PubliclyGuaranteed_CommercialBank_LongTermExternalDebt_LenderArabMonetaryFund","[, WorldBankProjection]"
"[USDollar]","[]","1970","[P1Y]","38","AmountPrincipalRepayment_Debt_PrivateCreditor_PubliclyGuaranteed_LongTermExternalDebt_LenderCountryPOL","[, WorldBankProjection]"
"[USDollar]","[]","2000","[P1Y]","5","AmountPrincipalRepayment_Debt_OfficialCreditor_PubliclyGuaranteed_Bilateral_LongTermExternalDebt_LenderCountryUKR","[]"
"[USDollar]","[]","1983","[P1Y]","16","AmountPrincipalRepayment_Debt_OfficialCreditor_PubliclyGuaranteed_Bilateral_LongTermExternalDebt_LenderCountrySGP","[]"
"[USDollar]","[]","1973","[P1Y]","10","AmountPrincipalRepayment_Debt_PrivateCreditor_PubliclyGuaranteed_CommercialBank_LongTermExternalDebt_LenderCountrySUN","[]"
"[USDollar]","[]","1970","[P1Y]","106","AmountPrincipalRepayment_Debt_OfficialCreditor_IBRD_PubliclyGuaranteed_Multilateral_LongTermExternalDebt","[]"
"[USDollar]","[]","1994","[P1Y]","13","AmountPrincipalRepayment_Debt_PrivateCreditor_PubliclyGuaranteed_WorldBankOtherPrivate_LongTermExternalDebt_LenderCountryHRV","[, WorldBankProjection]"
"[USDollar]","[]","1970","[P1Y]","39","AmountPrincipalRepayment_Debt_OfficialCreditor_PubliclyGuaranteed_LongTermExternalDebt_LenderCountryBGR","[, WorldBankProjection]"
"[USDollar]","[]","1999","[P1Y]","8","AmountPrincipalRepayment_Debt_PrivateCreditor_PubliclyGuaranteed_CommercialBank_LongTermExternalDebt_LenderCountryOMN","[]"
"[USDollar]","[]","1980","[P1Y]","10","AmountPrincipalRepayment_Debt_PrivateCreditor_PubliclyGuaranteed_CommercialBank_LongTermExternalDebt_LenderCountryKEN","[]"
"[USDollar]","[]","2020","[P1Y]","7","AmountPrincipalRepayment_Debt_OfficialCreditor_PubliclyGuaranteed_Multilateral_LongTermExternalDebt_LenderSouthAsianDevelopmentFund","[, WorldBankProjection]"
"[USDollar]","[]","1986","[P1Y]","24","AmountPrincipalRepayment_Debt_OfficialCreditor_PubliclyGuaranteed_Multilateral_LongTermExternalDebt_LenderEconomicCommunityofWestAfricanStates","[, WorldBankProjection]"
"[USDollar]","[]","1970","[P1Y]","127","AmountPrincipalRepayment_Debt_PubliclyGuaranteed_LongTermExternalDebt_LenderCountryFRA","[, WorldBankProjection]"
"[USDollar]","[]","2011","[P1Y]","6","AmountPrincipalRepayment_Debt_OfficialCreditor_PubliclyGuaranteed_Bilateral_LongTermExternalDebt_LenderCountryHRV","[]"
"[USDollar]","[]","1980","[P1Y]","23","AmountPrincipalRepayment_Debt_PubliclyGuaranteed_LongTermExternalDebt_LenderArabMonetaryFund","[, WorldBankProjection]"
"[USDollar]","[]","1970","[P1Y]","77","AmountPrincipalRepayment_Debt_PubliclyGuaranteed_LongTermExternalDebt_LenderCountryDNK","[, WorldBankProjection]"
"[USDollar]","[]","2017","[P1Y]","10","AmountPrincipalRepayment_Debt_LongTermExternalDebt_LenderNewDevelopmentBank","[, WorldBankProjection]"
"[USDollar]","[]","1978","[P1Y]","35","AmountPrincipalRepayment_Debt_PrivateCreditor_PubliclyGuaranteed_LongTermExternalDebt_LenderCountryARE","[, WorldBankProjection]"
"[USDollar]","[]","1995","[P1Y]","5","AmountPrincipalRepayment_Debt_OfficialCreditor_Concessional_PubliclyGuaranteed_Bilateral_LongTermExternalDebt_LenderCountryMYS","[]"
"[USDollar]","[]","1970","[P1Y]","31","AmountPrincipalRepayment_Debt_PrivateCreditor_PubliclyGuaranteed_LongTermExternalDebt_LenderCountryARG","[]"
"[USDollar]","[]","1992","[P1Y]","8","AmountPrincipalRepayment_Debt_OfficialCreditor_PubliclyGuaranteed_LongTermExternalDebt_LenderLatinAmerConfofSavingCreditCoop","[]"
"[USDollar]","[]","1992","[P1Y]","8","AmountPrincipalRepayment_Debt_LongTermExternalDebt_LenderLatinAmerConfofSavingCreditCoop","[]"
"[USDollar]","[]","2007","[P1Y]","10","AmountPrincipalRepayment_Debt_OfficialCreditor_Concessional_PubliclyGuaranteed_Bilateral_LongTermExternalDebt_LenderCountryTHA","[, WorldBankProjection]"
"[USDollar]","[]","1970","[P1Y]","66","AmountPrincipalRepayment_Debt_PrivateCreditor_PubliclyGuaranteed_WorldBankOtherPrivate_LongTermExternalDebt_LenderCountryBEL","[, WorldBankProjection]"
"[USDollar]","[]","2010","[P1Y]","11","AmountPrincipalRepayment_Debt_OfficialCreditor_PubliclyGuaranteed_Multilateral_LongTermExternalDebt_LenderECOTradeandDevBank","[, WorldBankProjection]"
"[USDollar]","[]","2009","[P1Y]","6","AmountPrincipalRepayment_Debt_OfficialCreditor_PubliclyGuaranteed_LongTermExternalDebt_LenderCountryBHS","[]"
"[USDollar]","[]","1970","[P1Y]","37","AmountPrincipalRepayment_Debt_PubliclyGuaranteed_LongTermExternalDebt_LenderCountryBHS","[, WorldBankProjection]"
"[USDollar]","[]","1970","[P1Y]","5","AmountPrincipalRepayment_Debt_OfficialCreditor_PubliclyGuaranteed_LongTermExternalDebt_LenderCountryBHR","[]"
"[USDollar]","[]","1970","[P1Y]","31","AmountPrincipalRepayment_Debt_PubliclyGuaranteed_LongTermExternalDebt_LenderCountryBHR","[, WorldBankProjection]"
"[USDollar]","[]","1970","[P1Y]","88","AmountPrincipalRepayment_Debt_PrivateCreditor_PubliclyGuaranteed_LongTermExternalDebt_LenderCountryNLD","[, WorldBankProjection]"
"[USDollar]","[]","1970","[P1Y]","53","AmountPrincipalRepayment_Debt_PubliclyGuaranteed_LongTermExternalDebt_LenderGermanDemRep","[]"
"[USDollar]","[]","1998","[P1Y]","7","AmountPrincipalRepayment_Debt_OfficialCreditor_Concessional_PubliclyGuaranteed_Multilateral_LongTermExternalDebt_LenderArabMonetaryFund","[]"
"[USDollar]","[]","1988","[P1Y]","7","AmountPrincipalRepayment_Debt_OfficialCreditor_Concessional_PubliclyGuaranteed_Bilateral_LongTermExternalDebt_LenderCountryTGO","[]"
"[USDollar]","[]","2000","[P1Y]","5","AmountPrincipalRepayment_Debt_PrivateCreditor_PubliclyGuaranteed_CommercialBank_LongTermExternalDebt_LenderCountryBRN","[]"
"[USDollar]","[]","2020","[P1Y]","6","AmountPrincipalRepayment_Debt_PubliclyGuaranteed_LongTermExternalDebt_LenderNordicEnvironmentFinanceCorporation","[, WorldBankProjection]"
"[USDollar]","[]","2013","[P1Y]","12","AmountPrincipalRepayment_Debt_LongTermExternalDebt_LenderUNGeneralAssembly","[, WorldBankProjection]"
"[USDollar]","[]","1970","[P1Y]","17","AmountPrincipalRepayment_Debt_OfficialCreditor_PubliclyGuaranteed_Multilateral_LongTermExternalDebt_LenderCentralAmericanBankforEconIntegration","[, WorldBankProjection]"
"[USDollar]","[]","1975","[P1Y]","22","AmountPrincipalRepayment_Debt_PrivateCreditor_PubliclyGuaranteed_WorldBankOtherPrivate_LongTermExternalDebt_LenderCountrySGP","[]"
"[USDollar]","[]","1976","[P1Y]","12","AmountPrincipalRepayment_Debt_OfficialCreditor_Concessional_PubliclyGuaranteed_Bilateral_LongTermExternalDebt_LenderCountryIRN","[, WorldBankProjection]"
"[USDollar]","[]","1970","[P1Y]","39","AmountPrincipalRepayment_Debt_OfficialCreditor_PubliclyGuaranteed_Bilateral_LongTermExternalDebt_LenderCountryBGR","[, WorldBankProjection]"
"[USDollar]","[]","1970","[P1Y]","26","AmountPrincipalRepayment_Debt_PrivateCreditor_PubliclyGuaranteed_CommercialBank_LongTermExternalDebt_LenderCountryZAF","[, WorldBankProjection]"
"[USDollar]","[]","2008","[P1Y]","8","AmountPrincipalRepayment_Debt_PubliclyGuaranteed_LongTermExternalDebt_LenderCountryBIH","[, WorldBankProjection]"
"[USDollar]","[]","1970","[P1Y]","51","AmountPrincipalRepayment_Debt_PubliclyGuaranteed_LongTermExternalDebt_LenderCountryHUN","[, WorldBankProjection]"
"[USDollar]","[]","1970","[P1Y]","94","AmountPrincipalRepayment_Debt_PrivateCreditor_PubliclyGuaranteed_CommercialBank_LongTermExternalDebt_LenderMultipleLenders","[, WorldBankProjection]"
"[USDollar]","[]","1980","[P1Y]","18","AmountPrincipalRepayment_Debt_OfficialCreditor_Concessional_PubliclyGuaranteed_Bilateral_LongTermExternalDebt_LenderCountryIRQ","[, WorldBankProjection]"
"[USDollar]","[]","1991","[P1Y]","38","AmountPrincipalRepayment_Debt_PrivateCreditor_PubliclyGuaranteed_LongTermExternalDebt_LenderCountryRUS","[, WorldBankProjection]"
"[USDollar]","[]","2008","[P1Y]","6","AmountPrincipalRepayment_Debt_OfficialCreditor_PubliclyGuaranteed_LongTermExternalDebt_LenderCountryBIH","[]"
"[USDollar]","[]","1970","[P1Y]","48","AmountPrincipalRepayment_Debt_OfficialCreditor_PubliclyGuaranteed_LongTermExternalDebt_LenderCountryHUN","[, WorldBankProjection]"
"[USDollar]","[]","1971","[P1Y]","14","AmountPrincipalRepayment_Debt_PrivateCreditor_PubliclyGuaranteed_WorldBankOtherPrivate_LongTermExternalDebt_LenderCountryBHS","[]"
"[USDollar]","[]","1970","[P1Y]","106","AmountPrincipalRepayment_Debt_OfficialCreditor_IBRD_PubliclyGuaranteed_Multilateral_LongTermExternalDebt_LenderWorldBankIBRD","[]"
"[USDollar]","[]","1983","[P1Y]","7","AmountPrincipalRepayment_Debt_PubliclyGuaranteed_LongTermExternalDebt_LenderCountryMAC","[]"
"[USDollar]","[]","1984","[P1Y]","21","AmountPrincipalRepayment_Debt_PrivateCreditor_PubliclyGuaranteed_WorldBankOtherPrivate_LongTermExternalDebt_LenderCountryBHR","[, WorldBankProjection]"
"[USDollar]","[]","2003","[P1Y]","5","AmountPrincipalRepayment_Debt_PrivateCreditor_PubliclyGuaranteed_CommercialBank_LongTermExternalDebt_LenderCountrySWZ","[]"
"[USDollar]","[]","1981","[P1Y]","7","AmountPrincipalRepayment_Debt_OfficialCreditor_Concessional_PubliclyGuaranteed_Bilateral_LongTermExternalDebt_LenderCountryEGY","[]"
"[USDollar]","[]","1970","[P1Y]","123","AmountPrincipalRepayment_Debt_OfficialCreditor_PubliclyGuaranteed_LongTermExternalDebt_LenderCountryFRA","[, WorldBankProjection]"
"[USDollar]","[]","1970","[P1Y]","50","AmountPrincipalRepayment_Debt_PrivateCreditor_PubliclyGuaranteed_CommercialBank_LongTermExternalDebt_LenderCountrySWE","[, WorldBankProjection]"
"[USDollar]","[]","2009","[P1Y]","6","AmountPrincipalRepayment_Debt_OfficialCreditor_PubliclyGuaranteed_Bilateral_LongTermExternalDebt_LenderCountryBHS","[]"
"[USDollar]","[]","1972","[P1Y]","5","AmountPrincipalRepayment_Debt_PrivateCreditor_PubliclyGuaranteed_LongTermExternalDebt_LenderCountryTZA","[]"
"[USDollar]","[]","1970","[P1Y]","5","AmountPrincipalRepayment_Debt_OfficialCreditor_PubliclyGuaranteed_Bilateral_LongTermExternalDebt_LenderCountryBHR","[]"
"[USDollar]","[]","1970","[P1Y]","20","AmountPrincipalRepayment_Debt_PubliclyGuaranteed_LongTermExternalDebt_LenderCountryMAR","[, WorldBankProjection]"
"[USDollar]","[]","1994","[P1Y]","5","AmountPrincipalRepayment_Debt_PrivateCreditor_PubliclyGuaranteed_CommercialBank_LongTermExternalDebt_LenderCountryMKD","[]"
"[USDollar]","[]","1970","[P1Y]","33","AmountPrincipalRepayment_Debt_PrivateCreditor_PubliclyGuaranteed_WorldBankOtherPrivate_LongTermExternalDebt_LenderCountryHUN","[]"
"[USDollar]","[]","2020","[P1Y]","5","AmountPrincipalRepayment_Debt_OfficialCreditor_Concessional_PubliclyGuaranteed_Multilateral_LongTermExternalDebt_LenderNewDevelopmentBank","[]"
"[USDollar]","[]","2020","[P1Y]","5","AmountPrincipalRepayment_Debt_PrivateCreditor_PubliclyGuaranteed_WorldBankOtherPrivate_LongTermExternalDebt_LenderCountryBIH","[, WorldBankProjection]"
"[USDollar]","[]","2020","[P1Y]","6","AmountPrincipalRepayment_Debt_OfficialCreditor_PubliclyGuaranteed_LongTermExternalDebt_LenderNordicEnvironmentFinanceCorporation","[, WorldBankProjection]"
"[USDollar]","[]","2013","[P1Y]","6","AmountPrincipalRepayment_Debt_LongTermExternalDebt_LenderCountryKNA","[, WorldBankProjection]"
"[USDollar]","[]","1973","[P1Y]","24","AmountPrincipalRepayment_Debt_PrivateCreditor_PubliclyGuaranteed_LongTermExternalDebt_LenderCountryPRT","[, WorldBankProjection]"
"[USDollar]","[]","1970","[P1Y]","69","AmountPrincipalRepayment_Debt_OfficialCreditor_PubliclyGuaranteed_LongTermExternalDebt_LenderCountryDNK","[, WorldBankProjection]"
"[USDollar]","[]","2003","[P1Y]","7","AmountPrincipalRepayment_Debt_PrivateCreditor_PubliclyGuaranteed_CommercialBank_LongTermExternalDebt_LenderCountrySVN","[, WorldBankProjection]"
"[USDollar]","[]","1989","[P1Y]","7","AmountPrincipalRepayment_Debt_PrivateCreditor_PubliclyGuaranteed_LongTermExternalDebt_LenderCountryPRK","[]"
"[USDollar]","[]","1970","[P1Y]","19","AmountPrincipalRepayment_Debt_PrivateCreditor_PubliclyGuaranteed_WorldBankOtherPrivate_LongTermExternalDebt_LenderCountryBGR","[]"
"[USDollar]","[]","1984","[P1Y]","6","AmountPrincipalRepayment_Debt_PrivateCreditor_PubliclyGuaranteed_LongTermExternalDebt_LenderCountryPRI","[]"
"[USDollar]","[]","2006","[P1Y]","6","AmountPrincipalRepayment_Debt_LongTermExternalDebt_LenderCountryVCT","[, WorldBankProjection]"
"[USDollar]","[]","1970","[P1Y]","84","AmountPrincipalRepayment_Debt_PrivateCreditor_PubliclyGuaranteed_LongTermExternalDebt_LenderCountryAUT","[, WorldBankProjection]"
"[USDollar]","[]","1996","[P1Y]","7","AmountPrincipalRepayment_Debt_PrivateCreditor_PubliclyGuaranteed_LongTermExternalDebt_LenderCountryLKA","[, WorldBankProjection]"
"[USDollar]","[]","1976","[P1Y]","13","AmountPrincipalRepayment_Debt_LongTermExternalDebt_LenderEntenteCouncil","[]"
"[USDollar]","[]","1988","[P1Y]","7","AmountPrincipalRepayment_Debt_PrivateCreditor_PubliclyGuaranteed_LongTermExternalDebt_LenderCountryRWA","[]"
"[USDollar]","[]","2008","[P1Y]","6","AmountPrincipalRepayment_Debt_OfficialCreditor_PubliclyGuaranteed_Bilateral_LongTermExternalDebt_LenderCountryBIH","[]"
"[USDollar]","[]","1970","[P1Y]","39","AmountPrincipalRepayment_Debt_PrivateCreditor_PubliclyGuaranteed_LongTermExternalDebt_LenderCountryAUS","[, WorldBankProjection]"
"[USDollar]","[]","1970","[P1Y]","10","AmountPrincipalRepayment_Debt_PubliclyGuaranteed_LongTermExternalDebt_LenderCountrySLV","[]"
"[USDollar]","[]","1970","[P1Y]","48","AmountPrincipalRepayment_Debt_OfficialCreditor_PubliclyGuaranteed_Bilateral_LongTermExternalDebt_LenderCountryHUN","[, WorldBankProjection]"
"[USDollar]","[]","1990","[P1Y]","20","AmountPrincipalRepayment_Debt_PrivateCreditor_PubliclyGuaranteed_LongTermExternalDebt_LenderCountryCYP","[]"
"[USDollar]","[]","1970","[P1Y]","9","AmountPrincipalRepayment_Debt_OfficialCreditor_PubliclyGuaranteed_Multilateral_LongTermExternalDebt_LenderEUROFIMA","[, WorldBankProjection]"
"[USDollar]","[]","1984","[P1Y]","28","AmountPrincipalRepayment_Debt_OfficialCreditor_PubliclyGuaranteed_Multilateral_LongTermExternalDebt_LenderMultipleLenders","[, WorldBankProjection]"
"[USDollar]","[]","1996","[P1Y]","8","AmountPrincipalRepayment_Debt_OfficialCreditor_PubliclyGuaranteed_LongTermExternalDebt_LenderCountrySLV","[]"
"[USDollar]","[]","1995","[P1Y]","5","AmountPrincipalRepayment_Debt_PrivateCreditor_PubliclyGuaranteed_LongTermExternalDebt_LenderCountryPRY","[]"
"[USDollar]","[]","1974","[P1Y]","18","AmountPrincipalRepayment_Debt_PrivateCreditor_PubliclyGuaranteed_LongTermExternalDebt_LenderCountryCYM","[, WorldBankProjection]"
"[USDollar]","[]","2020","[P1Y]","6","AmountPrincipalRepayment_Debt_LongTermExternalDebt_LenderNordicEnvironmentFinanceCorporation","[, WorldBankProjection]"
"[USDollar]","[]","1971","[P1Y]","15","AmountPrincipalRepayment_Debt_OfficialCreditor_Concessional_PubliclyGuaranteed_Bilateral_LongTermExternalDebt_LenderCountryCZE","[]"
"[USDollar]","[]","1988","[P1Y]","27","AmountPrincipalRepayment_Debt_OfficialCreditor_PubliclyGuaranteed_LongTermExternalDebt_LenderCountryMYS","[, WorldBankProjection]"
"[USDollar]","[]","1988","[P1Y]","7","AmountPrincipalRepayment_Debt_LongTermExternalDebt_LenderCountryRWA","[]"
"[USDollar]","[]","1970","[P1Y]","21","AmountPrincipalRepayment_Debt_PrivateCreditor_PubliclyGuaranteed_LongTermExternalDebt_LenderCountryBGR","[, WorldBankProjection]"
"[USDollar]","[]","1996","[P1Y]","16","AmountPrincipalRepayment_Debt_OfficialCreditor_Concessional_PubliclyGuaranteed_Bilateral_LongTermExternalDebt_LenderCountryNOR","[]"
"[USDollar]","[]","2023","[P1Y]","5","AmountPrincipalRepayment_Debt_PrivateCreditor_PubliclyGuaranteed_CommercialBank_LongTermExternalDebt_LenderCountryBGR","[, WorldBankProjection]"
"[USDollar]","[]","1970","[P1Y]","109","AmountPrincipalRepayment_Debt_PubliclyGuaranteed_LongTermExternalDebt_LenderCountryKWT","[, WorldBankProjection]"
"[USDollar]","[]","1970","[P1Y]","57","AmountPrincipalRepayment_Debt_PubliclyGuaranteed_LongTermExternalDebt_LenderCountryISR","[, WorldBankProjection]"
"[USDollar]","[]","1996","[P1Y]","7","AmountPrincipalRepayment_Debt_LongTermExternalDebt_LenderCountryLKA","[, WorldBankProjection]"
"[USDollar]","[]","1970","[P1Y]","51","AmountPrincipalRepayment_Debt_LongTermExternalDebt_LenderCountryAUS","[, WorldBankProjection]"
"[USDollar]","[]","1970","[P1Y]","96","AmountPrincipalRepayment_Debt_LongTermExternalDebt_LenderCountryAUT","[, WorldBankProjection]"
"[USDollar]","[]","1981","[P1Y]","36","AmountPrincipalRepayment_Debt_OfficialCreditor_PubliclyGuaranteed_Bilateral_LongTermExternalDebt_LenderCountryTUR","[, WorldBankProjection]"
"[USDollar]","[]","2006","[P1Y]","7","AmountPrincipalRepayment_Debt_OfficialCreditor_PubliclyGuaranteed_Bilateral_LongTermExternalDebt_LenderCountryJAM","[]"
"[USDollar]","[]","1970","[P1Y]","107","AmountPrincipalRepayment_Debt_PubliclyGuaranteed_LongTermExternalDebt_LenderCountryITA","[, WorldBankProjection]"
"[USDollar]","[]","1979","[P1Y]","11","AmountPrincipalRepayment_Debt_PrivateCreditor_PubliclyGuaranteed_WorldBankOtherPrivate_LongTermExternalDebt_LenderNethAntilles","[]"
"[USDollar]","[]","1991","[P1Y]","5","AmountPrincipalRepayment_Debt_PrivateCreditor_PubliclyGuaranteed_LongTermExternalDebt_LenderCountryHTI","[]"
"[USDollar]","[]","1987","[P1Y]","45","AmountPrincipalRepayment_Debt_OfficialCreditor_Concessional_PubliclyGuaranteed_Bilateral_LongTermExternalDebt_LenderCountryAUT","[, WorldBankProjection]"
"[USDollar]","[]","1994","[P1Y]","18","AmountPrincipalRepayment_Debt_OfficialCreditor_Concessional_PubliclyGuaranteed_Bilateral_LongTermExternalDebt_LenderCountryAUS","[, WorldBankProjection]"
"[USDollar]","[]","1973","[P1Y]","27","AmountPrincipalRepayment_Debt_LongTermExternalDebt_LenderCountryPRT","[, WorldBankProjection]"
"[USDollar]","[]","1975","[P1Y]","20","AmountPrincipalRepayment_Debt_PubliclyGuaranteed_LongTermExternalDebt_LenderCountryPAK","[, WorldBankProjection]"
"[USDollar]","[]","1970","[P1Y]","36","AmountPrincipalRepayment_Debt_PubliclyGuaranteed_LongTermExternalDebt_LenderCountryPAN","[, WorldBankProjection]"
"[USDollar]","[]","1970","[P1Y]","5","AmountPrincipalRepayment_Debt_PrivateCreditor_PubliclyGuaranteed_WorldBankOtherPrivate_LongTermExternalDebt_LenderCountrySLV","[]"
"[USDollar]","[]","1988","[P1Y]","10","AmountPrincipalRepayment_Debt_OfficialCreditor_PubliclyGuaranteed_LongTermExternalDebt_LenderCountryTGO","[]"
"[USDollar]","[]","1970","[P1Y]","95","AmountPrincipalRepayment_Debt_PubliclyGuaranteed_LongTermExternalDebt_LenderCountryCHE","[, WorldBankProjection]"
"[USDollar]","[]","1990","[P1Y]","20","AmountPrincipalRepayment_Debt_LongTermExternalDebt_LenderCountryCYP","[]"
"[USDollar]","[]","1995","[P1Y]","5","AmountPrincipalRepayment_Debt_LongTermExternalDebt_LenderCountryPRY","[]"
"[USDollar]","[]","1974","[P1Y]","18","AmountPrincipalRepayment_Debt_LongTermExternalDebt_LenderCountryCYM","[, WorldBankProjection]"
"[USDollar]","[]","1973","[P1Y]","34","AmountPrincipalRepayment_Debt_OfficialCreditor_PubliclyGuaranteed_LongTermExternalDebt_LenderCountryIRN","[, WorldBankProjection]"
"[USDollar]","[]","1973","[P1Y]","34","AmountPrincipalRepayment_Debt_PubliclyGuaranteed_LongTermExternalDebt_LenderCountryIRN","[, WorldBankProjection]"
"[USDollar]","[]","1972","[P1Y]","11","AmountPrincipalRepayment_Debt_LongTermExternalDebt_LenderCountryTZA","[]"
"[USDollar]","[]","1970","[P1Y]","36","AmountPrincipalRepayment_Debt_PrivateCreditor_PubliclyGuaranteed_LongTermExternalDebt_LenderCountryBHS","[, WorldBankProjection]"
"[USDollar]","[]","1978","[P1Y]","31","AmountPrincipalRepayment_Debt_PrivateCreditor_PubliclyGuaranteed_LongTermExternalDebt_LenderCountryBHR","[, WorldBankProjection]"
"[USDollar]","[]","1973","[P1Y]","38","AmountPrincipalRepayment_Debt_PubliclyGuaranteed_LongTermExternalDebt_LenderCountryIRQ","[, WorldBankProjection]"
"[USDollar]","[]","1986","[P1Y]","19","AmountPrincipalRepayment_Debt_OfficialCreditor_PubliclyGuaranteed_Bilateral_LongTermExternalDebt_LenderCountryCUB","[]"
"[USDollar]","[]","1981","[P1Y]","13","AmountPrincipalRepayment_Debt_OfficialCreditor_PubliclyGuaranteed_LongTermExternalDebt_LenderCountryIRL","[]"
"[USDollar]","[]","2024","[P1Y]","7","AmountPrincipalRepayment_Debt_PubliclyGuaranteed_LongTermExternalDebt_LenderCountryGNQ","[WorldBankProjection]"
"[USDollar]","[]","1974","[P1Y]","17","AmountPrincipalRepayment_Debt_PubliclyGuaranteed_LongTermExternalDebt_LenderCountryTHA","[, WorldBankProjection]"
"[USDollar]","[]","2000","[P1Y]","7","AmountPrincipalRepayment_Debt_PubliclyGuaranteed_LongTermExternalDebt_LenderUNWorldFoodProgramme","[]"
"[USDollar]","[]","1974","[P1Y]","16","AmountPrincipalRepayment_Debt_OfficialCreditor_PubliclyGuaranteed_LongTermExternalDebt_LenderCountryTHA","[, WorldBankProjection]"
"[USDollar]","[]","1980","[P1Y]","21","AmountPrincipalRepayment_Debt_LongTermExternalDebt_LenderCountryPRK","[, WorldBankProjection]"
"[USDollar]","[]","1973","[P1Y]","38","AmountPrincipalRepayment_Debt_OfficialCreditor_PubliclyGuaranteed_LongTermExternalDebt_LenderCountryIRQ","[, WorldBankProjection]"
"[USDollar]","[]","1984","[P1Y]","7","AmountPrincipalRepayment_Debt_LongTermExternalDebt_LenderCountryPRI","[]"
"[USDollar]","[]","2024","[P1Y]","7","AmountPrincipalRepayment_Debt_OfficialCreditor_PubliclyGuaranteed_LongTermExternalDebt_LenderCountryGNQ","[WorldBankProjection]"
"[USDollar]","[]","1993","[P1Y]","13","AmountPrincipalRepayment_Debt_LongTermExternalDebt_LenderInternationalBankforEconomicCooperation","[, WorldBankProjection]"
"[USDollar]","[]","2020","[P1Y]","5","AmountPrincipalRepayment_Debt_PrivateCreditor_PubliclyGuaranteed_LongTermExternalDebt_LenderCountryBIH","[, WorldBankProjection]"
"[USDollar]","[]","1970","[P1Y]","37","AmountPrincipalRepayment_Debt_PrivateCreditor_PubliclyGuaranteed_LongTermExternalDebt_LenderCountryHUN","[]"
"[USDollar]","[]","1970","[P1Y]","102","AmountPrincipalRepayment_Debt_PrivateCreditor_PubliclyGuaranteed_WorldBankOtherPrivate_LongTermExternalDebt_LenderCountryFRA","[, WorldBankProjection]"
"[USDollar]","[]","1981","[P1Y]","7","AmountPrincipalRepayment_Debt_PrivateCreditor_PubliclyGuaranteed_CommercialBank_LongTermExternalDebt_LenderCountryBFA","[]"
"[USDollar]","[]","2011","[P1Y]","5","AmountPrincipalRepayment_Debt_PrivateCreditor_PubliclyGuaranteed_CommercialBank_LongTermExternalDebt_LenderCountryUKR","[]"
"[USDollar]","[]","1974","[P1Y]","28","AmountPrincipalRepayment_Debt_PrivateCreditor_PubliclyGuaranteed_CommercialBank_LongTermExternalDebt_LenderCountrySGP","[, WorldBankProjection]"
"[USDollar]","[]","1970","[P1Y]","48","AmountPrincipalRepayment_Debt_OfficialCreditor_PubliclyGuaranteed_Bilateral_LongTermExternalDebt_LenderCountryPOL","[, WorldBankProjection]"
"[USDollar]","[]","1970","[P1Y]","27","AmountPrincipalRepayment_Debt_PubliclyGuaranteed_LongTermExternalDebt_LenderInterAmericanDevBank","[, WorldBankProjection]"
"[USDollar]","[]","1981","[P1Y]","81","AmountPrincipalRepayment_Debt_LongTermExternalDebt_LenderCountryRUS","[, WorldBankProjection]"
"[USDollar]","[]","1988","[P1Y]","5","AmountPrincipalRepayment_Debt_OfficialCreditor_PubliclyGuaranteed_LongTermExternalDebt_LenderEuropeanCoalandSteelCommunity","[]"
"[USDollar]","[]","1970","[P1Y]","45","AmountPrincipalRepayment_Debt_PrivateCreditor_PubliclyGuaranteed_WorldBankOtherPrivate_LongTermExternalDebt_LenderCountryDNK","[]"
"[USDollar]","[]","1990","[P1Y]","5","AmountPrincipalRepayment_Debt_PubliclyGuaranteed_LongTermExternalDebt_LenderCountryISL","[]"
"[USDollar]","[]","1970","[P1Y]","27","AmountPrincipalRepayment_Debt_OfficialCreditor_PubliclyGuaranteed_Bilateral_LongTermExternalDebt_LenderCountryARG","[]"
"[USDollar]","[]","1977","[P1Y]","78","AmountPrincipalRepayment_Debt_OfficialCreditor_PubliclyGuaranteed_Bilateral_LongTermExternalDebt_LenderCountryARE","[, WorldBankProjection]"
"[USDollar]","[]","1970","[P1Y]","12","AmountPrincipalRepayment_Debt_PubliclyGuaranteed_LongTermExternalDebt_LenderCountryZWE","[]"
"[USDollar]","[]","1976","[P1Y]","16","AmountPrincipalRepayment_Debt_PubliclyGuaranteed_LongTermExternalDebt_LenderCaribbeanDevBank","[, WorldBankProjection]"
"[USDollar]","[]","1981","[P1Y]","26","AmountPrincipalRepayment_Debt_OfficialCreditor_Concessional_PubliclyGuaranteed_Bilateral_LongTermExternalDebt_LenderCountryRUS","[, WorldBankProjection]"
"[USDollar]","[]","2003","[P1Y]","8","AmountPrincipalRepayment_Debt_OfficialCreditor_PubliclyGuaranteed_Bilateral_LongTermExternalDebt_LenderCountryARM","[, WorldBankProjection]"
"[USDollar]","[]","1970","[P1Y]","98","AmountPrincipalRepayment_Debt_PrivateCreditor_PubliclyGuaranteed_CommercialBank_LongTermExternalDebt_LenderCountryFRA","[, WorldBankProjection]"
"[USDollar]","[]","1970","[P1Y]","27","AmountPrincipalRepayment_Debt_OfficialCreditor_PubliclyGuaranteed_LongTermExternalDebt_LenderCountryISR","[, WorldBankProjection]"
"[USDollar]","[]","1970","[P1Y]","108","AmountPrincipalRepayment_Debt_OfficialCreditor_PubliclyGuaranteed_LongTermExternalDebt_LenderCountryKWT","[, WorldBankProjection]"
"[USDollar]","[]","1972","[P1Y]","16","AmountPrincipalRepayment_Debt_PubliclyGuaranteed_LongTermExternalDebt_LenderCountryCIV","[, WorldBankProjection]"
"[USDollar]","[]","1970","[P1Y]","55","AmountPrincipalRepayment_Debt_PrivateCreditor_PubliclyGuaranteed_LongTermExternalDebt_LenderCountryDNK","[, WorldBankProjection]"
"[USDollar]","[]","1970","[P1Y]","95","AmountPrincipalRepayment_Debt_OfficialCreditor_PubliclyGuaranteed_LongTermExternalDebt_LenderCountryITA","[, WorldBankProjection]"
"[USDollar]","[]","1995","[P1Y]","8","AmountPrincipalRepayment_Debt_PubliclyGuaranteed_LongTermExternalDebt_LenderCountryTKM","[]"
"[USDollar]","[]","2013","[P1Y]","6","AmountPrincipalRepayment_Debt_PubliclyGuaranteed_LongTermExternalDebt_LenderCountryGRD","[, WorldBankProjection]"
"[USDollar]","[]","1970","[P1Y]","24","AmountPrincipalRepayment_Debt_PubliclyGuaranteed_LongTermExternalDebt_LenderCountryGRC","[, WorldBankProjection]"
"[USDollar]","[]","1978","[P1Y]","32","AmountPrincipalRepayment_Debt_PubliclyGuaranteed_LongTermExternalDebt_LenderArabFundforEconomicSocialDevelopment","[, WorldBankProjection]"
"[USDollar]","[]","1992","[P1Y]","5","AmountPrincipalRepayment_Debt_PrivateCreditor_PubliclyGuaranteed_WorldBankOtherPrivate_LongTermExternalDebt_LenderCountryURY","[]"
"[USDollar]","[]","1983","[P1Y]","7","AmountPrincipalRepayment_Debt_OfficialCreditor_PubliclyGuaranteed_LongTermExternalDebt_LenderCountryPAN","[]"
"[USDollar]","[]","1973","[P1Y]","17","AmountPrincipalRepayment_Debt_PrivateCreditor_PubliclyGuaranteed_CommercialBank_LongTermExternalDebt_LenderCountryHUN","[]"
"[USDollar]","[]","1970","[P1Y]","111","AmountPrincipalRepayment_Debt_PrivateCreditor_PubliclyGuaranteed_LongTermExternalDebt_LenderCountryFRA","[, WorldBankProjection]"
"[USDollar]","[]","1970","[P1Y]","84","AmountPrincipalRepayment_Debt_OfficialCreditor_PubliclyGuaranteed_Bilateral_LongTermExternalDebt_LenderCountryNLD","[, WorldBankProjection]"
"[USDollar]","[]","1979","[P1Y]","20","AmountPrincipalRepayment_Debt_OfficialCreditor_PubliclyGuaranteed_LongTermExternalDebt_LenderCountryPAK","[, WorldBankProjection]"
"[USDollar]","[]","1970","[P1Y]","53","AmountPrincipalRepayment_Debt_LongTermExternalDebt_LenderGermanDemRep","[]"
"[USDollar]","[]","1983","[P1Y]","6","AmountPrincipalRepayment_Debt_PubliclyGuaranteed_LongTermExternalDebt_LenderCountryCHL","[]"
"[USDollar]","[]","1970","[P1Y]","123","AmountPrincipalRepayment_Debt_PubliclyGuaranteed_LongTermExternalDebt_LenderCountryCHN","[, WorldBankProjection]"
"[USDollar]","[]","1970","[P1Y]","33","AmountPrincipalRepayment_Debt_PrivateCreditor_PubliclyGuaranteed_CommercialBank_LongTermExternalDebt_LenderCountryBHS","[, WorldBankProjection]"
"[USDollar]","[]","1993","[P1Y]","15","AmountPrincipalRepayment_Debt_OfficialCreditor_Concessional_PubliclyGuaranteed_Bilateral_LongTermExternalDebt_LenderCountryPRT","[, WorldBankProjection]"
"[USDollar]","[]","1970","[P1Y]","70","AmountPrincipalRepayment_Debt_OfficialCreditor_PubliclyGuaranteed_LongTermExternalDebt_LenderCountryCHE","[, WorldBankProjection]"
"[USDollar]","[]","1978","[P1Y]","28","AmountPrincipalRepayment_Debt_PrivateCreditor_PubliclyGuaranteed_CommercialBank_LongTermExternalDebt_LenderCountryBHR","[, WorldBankProjection]"
"[USDollar]","[]","1970","[P1Y]","123","AmountPrincipalRepayment_Debt_OfficialCreditor_PubliclyGuaranteed_LongTermExternalDebt_LenderCountryCHN","[, WorldBankProjection]"
"[USDollar]","[]","1989","[P1Y]","10","AmountPrincipalRepayment_Debt_OfficialCreditor_PubliclyGuaranteed_Multilateral_LongTermExternalDebt_LenderArabFundforTechAssisttoAfricanCountries","[]"
"[USDollar]","[]","1983","[P1Y]","7","AmountPrincipalRepayment_Debt_PrivateCreditor_PubliclyGuaranteed_WorldBankOtherPrivate_LongTermExternalDebt_LenderCountryMAC","[]"
"[USDollar]","[]","2012","[P1Y]","9","AmountPrincipalRepayment_Debt_PubliclyGuaranteed_LongTermExternalDebt_LenderCountryVNM","[, WorldBankProjection]"
"[USDollar]","[]","1970","[P1Y]","64","AmountPrincipalRepayment_Debt_LongTermExternalDebt_LenderCountryCZE","[, WorldBankProjection]"
"[USDollar]","[]","1992","[P1Y]","7","AmountPrincipalRepayment_Debt_OfficialCreditor_Concessional_PubliclyGuaranteed_Bilateral_LongTermExternalDebt_LenderCountryTZA","[]"
"[USDollar]","[]","2012","[P1Y]","9","AmountPrincipalRepayment_Debt_OfficialCreditor_PubliclyGuaranteed_LongTermExternalDebt_LenderCountryVNM","[, WorldBankProjection]"
"[USDollar]","[]","1970","[P1Y]","5","AmountPrincipalRepayment_Debt_PrivateCreditor_PubliclyGuaranteed_LongTermExternalDebt_LenderCountrySLV","[]"
"[USDollar]","[]","1970","[P1Y]","68","AmountPrincipalRepayment_Debt_LongTermExternalDebt_LenderCountryNOR","[, WorldBankProjection]"
"[USDollar]","[]","1991","[P1Y]","5","AmountPrincipalRepayment_Debt_PrivateCreditor_PubliclyGuaranteed_CommercialBank_LongTermExternalDebt_LenderCountryHTI","[]"
"[USDollar]","[]","1980","[P1Y]","15","AmountPrincipalRepayment_Debt_OfficialCreditor_Concessional_PubliclyGuaranteed_Bilateral_LongTermExternalDebt_LenderCountryPRK","[, WorldBankProjection]"
"[USDollar]","[]","1983","[P1Y]","121","AmountPrincipalRepayment_Debt_PubliclyGuaranteed_LongTermExternalDebt_LenderInternationalFundforAgriculturalDev","[, WorldBankProjection]"
"[USDollar]","[]","1977","[P1Y]","13","AmountPrincipalRepayment_Debt_PrivateCreditor_PubliclyGuaranteed_WorldBankOtherPrivate_LongTermExternalDebt_LenderCountryMAR","[]"
"[USDollar]","[]","1970","[P1Y]","13","AmountPrincipalRepayment_Debt_PubliclyGuaranteed_LongTermExternalDebt_LenderNethAntilles","[]"
"[USDollar]","[]","1979","[P1Y]","23","AmountPrincipalRepayment_Debt_LongTermExternalDebt_LenderArabAfricanInternationalBank","[, WorldBankProjection]"
"[USDollar]","[]","2011","[P1Y]","11","AmountPrincipalRepayment_Debt_OfficialCreditor_Concessional_PubliclyGuaranteed_Multilateral_LongTermExternalDebt_LenderCouncilofEurope","[]"
"[USDollar]","[]","1983","[P1Y]","7","AmountPrincipalRepayment_Debt_PrivateCreditor_PubliclyGuaranteed_LongTermExternalDebt_LenderCountryMAC","[]"
"[USDollar]","[]","2022","[P1Y]","7","AmountPrincipalRepayment_Debt_OfficialCreditor_PubliclyGuaranteed_Multilateral_LongTermExternalDebt_LenderIslamicSolidarityFundforDev","[, WorldBankProjection]"
"[USDollar]","[]","1987","[P1Y]","5","AmountPrincipalRepayment_Debt_PrivateCreditor_PubliclyGuaranteed_CommercialBank_LongTermExternalDebt_LenderCountryMAC","[]"
"[USDollar]","[]","2007","[P1Y]","10","AmountPrincipalRepayment_Debt_OfficialCreditor_PubliclyGuaranteed_LongTermExternalDebt_LenderCountryMUS","[]"
"[USDollar]","[]","1970","[P1Y]","23","AmountPrincipalRepayment_Debt_PubliclyGuaranteed_LongTermExternalDebt_LenderCountryEGY","[, WorldBankProjection]"
"[USDollar]","[]","1970","[P1Y]","86","AmountPrincipalRepayment_Debt_OfficialCreditor_PubliclyGuaranteed_LongTermExternalDebt_LenderCountryCAN","[, WorldBankProjection]"
"[USDollar]","[]","1970","[P1Y]","35","AmountPrincipalRepayment_Debt_PubliclyGuaranteed_LongTermExternalDebt_LenderInternationalFinanceCorporation","[, WorldBankProjection]"
"[USDollar]","[]","1977","[P1Y]","17","AmountPrincipalRepayment_Debt_PrivateCreditor_PubliclyGuaranteed_LongTermExternalDebt_LenderCountryMAR","[, WorldBankProjection]"
"[USDollar]","[]","1986","[P1Y]","19","AmountPrincipalRepayment_Debt_LongTermExternalDebt_LenderCountryCUB","[]"
"[USDollar]","[]","1970","[P1Y]","109","AmountPrincipalRepayment_Debt_LongTermExternalDebt_LenderMultipleLenders","[, WorldBankProjection]"
"[USDollar]","[]","1970","[P1Y]","83","AmountPrincipalRepayment_Debt_OfficialCreditor_PubliclyGuaranteed_LongTermExternalDebt_LenderCountryIND","[, WorldBankProjection]"
"[USDollar]","[]","1970","[P1Y]","15","AmountPrincipalRepayment_Debt_PubliclyGuaranteed_LongTermExternalDebt_LenderCouncilofEurope","[, WorldBankProjection]"
"[USDollar]","[]","1974","[P1Y]","5","AmountPrincipalRepayment_Debt_PrivateCreditor_PubliclyGuaranteed_WorldBankOtherPrivate_LongTermExternalDebt_LenderCountryBOL","[]"
"[USDollar]","[]","1980","[P1Y]","13","AmountPrincipalRepayment_Debt_OfficialCreditor_PubliclyGuaranteed_Bilateral_LongTermExternalDebt_LenderCountryCPV","[]"
"[USDollar]","[]","1970","[P1Y]","7","AmountPrincipalRepayment_Debt_OfficialCreditor_PubliclyGuaranteed_Bilateral_LongTermExternalDebt_LenderCountryLBN","[]"
"[USDollar]","[]","1970","[P1Y]","94","AmountPrincipalRepayment_Debt_PrivateCreditor_PubliclyGuaranteed_WorldBankOtherPrivate_LongTermExternalDebt_LenderCountryUSA","[, WorldBankProjection]"
"[USDollar]","[]","1970","[P1Y]","133","AmountPrincipalRepayment_Debt_OfficialCreditor_Concessional_PubliclyGuaranteed_Bilateral_LongTermExternalDebt","[, WorldBankProjection]"
"[USDollar]","[]","1970","[P1Y]","10","AmountPrincipalRepayment_Debt_OfficialCreditor_PubliclyGuaranteed_Multilateral_LongTermExternalDebt_LenderEuropeanSocialFund","[, WorldBankProjection]"
"[USDollar]","[]","1998","[P1Y]","19","AmountPrincipalRepayment_Debt_OfficialCreditor_Concessional_PubliclyGuaranteed_Multilateral_LongTermExternalDebt_LenderNordicInvestmentBank","[]"
"[USDollar]","[]","1970","[P1Y]","17","AmountPrincipalRepayment_Debt_PrivateCreditor_PubliclyGuaranteed_WorldBankOtherPrivate_LongTermExternalDebt_LenderCountryBMU","[]"
"[USDollar]","[]","1972","[P1Y]","11","AmountPrincipalRepayment_Debt_LongTermExternalDebt_LenderCountryTUN","[]"
"[USDollar]","[]","2002","[P1Y]","13","AmountPrincipalRepayment_Debt_OfficialCreditor_PubliclyGuaranteed_Bilateral_LongTermExternalDebt_LenderCountryNGA","[, WorldBankProjection]"
"[USDollar]","[]","2017","[P1Y]","10","AmountPrincipalRepayment_Debt_OfficialCreditor_PubliclyGuaranteed_LongTermExternalDebt_LenderNewDevelopmentBank","[, WorldBankProjection]"
"[USDollar]","[]","2017","[P1Y]","39","AmountPrincipalRepayment_Debt_OfficialCreditor_PubliclyGuaranteed_LongTermExternalDebt_LenderAsianInfrastructureInvestmentBank","[, WorldBankProjection]"
"[USDollar]","[]","1970","[P1Y]","111","AmountPrincipalRepayment_Debt_PrivateCreditor_PubliclyGuaranteed_LongTermExternalDebt_LenderCountryUSA","[, WorldBankProjection]"
"[USDollar]","[]","1974","[P1Y]","38","AmountPrincipalRepayment_Debt_LongTermExternalDebt_LenderCountryTUR","[, WorldBankProjection]"
"[USDollar]","[]","1988","[P1Y]","5","AmountPrincipalRepayment_Debt_PrivateCreditor_PubliclyGuaranteed_WorldBankOtherPrivate_LongTermExternalDebt_LenderCountryMCO","[]"
"[USDollar]","[]","1992","[P1Y]","5","AmountPrincipalRepayment_Debt_PrivateCreditor_PubliclyGuaranteed_LongTermExternalDebt_LenderCountryURY","[]"
"[USDollar]","[]","1971","[P1Y]","36","AmountPrincipalRepayment_Debt_PrivateCreditor_PubliclyGuaranteed_CommercialBank_LongTermExternalDebt_LenderCountryDNK","[, WorldBankProjection]"
"[USDollar]","[]","1973","[P1Y]","11","AmountPrincipalRepayment_Debt_LongTermExternalDebt_LenderCountryJAM","[]"
"[USDollar]","[]","1980","[P1Y]","112","AmountPrincipalRepayment_Debt_OfficialCreditor_PubliclyGuaranteed_Multilateral_LongTermExternalDebt_LenderOPECFundforInternationalDev","[, WorldBankProjection]"
"[USDollar]","[]","1970","[P1Y]","9","AmountPrincipalRepayment_Debt_PrivateCreditor_PubliclyGuaranteed_CommercialBank_LongTermExternalDebt_LenderNethAntilles","[]"
"[USDollar]","[]","1973","[P1Y]","50","AmountPrincipalRepayment_Debt_OfficialCreditor_PubliclyGuaranteed_Bilateral_LongTermExternalDebt_LenderCountryLBY","[, WorldBankProjection]"
"[USDollar]","[]","2001","[P1Y]","7","AmountPrincipalRepayment_Debt_PrivateCreditor_PubliclyGuaranteed_WorldBankOtherPrivate_LongTermExternalDebt_LenderCountryKAZ","[]"
"[USDollar]","[]","1970","[P1Y]","11","AmountPrincipalRepayment_Debt_PrivateCreditor_PubliclyGuaranteed_CommercialBank_LongTermExternalDebt_LenderCountryBMU","[]"
"[USDollar]","[]","1970","[P1Y]","42","AmountPrincipalRepayment_Debt_OfficialCreditor_PubliclyGuaranteed_Bilateral_LongTermExternalDebt_LenderCountryROU","[, WorldBankProjection]"
"[USDollar]","[]","1988","[P1Y]","32","AmountPrincipalRepayment_Debt_PubliclyGuaranteed_LongTermExternalDebt_LenderCountryMYS","[, WorldBankProjection]"
"[USDollar]","[]","1970","[P1Y]","48","AmountPrincipalRepayment_Debt_PrivateCreditor_PubliclyGuaranteed_WorldBankOtherPrivate_LongTermExternalDebt_LenderCountrySRB","[]"
"[USDollar]","[]","1975","[P1Y]","11","AmountPrincipalRepayment_Debt_OfficialCreditor_Concessional_PubliclyGuaranteed_Multilateral_LongTermExternalDebt_LenderCentralAmericanBankforEconIntegration","[]"
"[USDollar]","[]","1981","[P1Y]","8","AmountPrincipalRepayment_Debt_OfficialCreditor_PubliclyGuaranteed_Multilateral_LongTermExternalDebt_LenderUNRegularProgrammeofTechnicalCoop","[]"
"[USDollar]","[]","1970","[P1Y]","18","AmountPrincipalRepayment_Debt_PrivateCreditor_PubliclyGuaranteed_LongTermExternalDebt_LenderCountryBMU","[]"
"[USDollar]","[]","1980","[P1Y]","11","AmountPrincipalRepayment_Debt_OfficialCreditor_PubliclyGuaranteed_Bilateral_LongTermExternalDebt_LenderCountryCRI","[]"
"[USDollar]","[]","2018","[P1Y]","18","AmountPrincipalRepayment_Debt_OfficialCreditor_Concessional_PubliclyGuaranteed_Multilateral_LongTermExternalDebt_LenderEuropeanUnion","[]"
"[USDollar]","[]","2000","[P1Y]","7","AmountPrincipalRepayment_Debt_LongTermExternalDebt_LenderUNWorldFoodProgramme","[]"
"[USDollar]","[]","1970","[P1Y]","27","AmountPrincipalRepayment_Debt_LongTermExternalDebt_LenderInterAmericanDevBank","[, WorldBankProjection]"
"[USDollar]","[]","1970","[P1Y]","18","AmountPrincipalRepayment_Debt_OfficialCreditor_PubliclyGuaranteed_LongTermExternalDebt_LenderCountryEGY","[, WorldBankProjection]"
"[USDollar]","[]","1970","[P1Y]","27","AmountPrincipalRepayment_Debt_OfficialCreditor_PubliclyGuaranteed_Multilateral_LongTermExternalDebt_LenderInterAmericanDevBank","[, WorldBankProjection]"
"[USDollar]","[]","1994","[P1Y]","5","AmountPrincipalRepayment_Debt_PrivateCreditor_PubliclyGuaranteed_CommercialBank_LongTermExternalDebt_LenderCountryURY","[]"
"[USDollar]","[]","1988","[P1Y]","5","AmountPrincipalRepayment_Debt_PrivateCreditor_PubliclyGuaranteed_LongTermExternalDebt_LenderCountryMCO","[]"
"[USDollar]","[]","1988","[P1Y]","10","AmountPrincipalRepayment_Debt_PubliclyGuaranteed_LongTermExternalDebt_LenderCountryTGO","[]"
"[USDollar]","[]","1972","[P1Y]","28","AmountPrincipalRepayment_Debt_PubliclyGuaranteed_LongTermExternalDebt_LenderCountryIRL","[, WorldBankProjection]"
"[USDollar]","[]","1970","[P1Y]","96","AmountPrincipalRepayment_Debt_PrivateCreditor_PubliclyGuaranteed_CommercialBank_LongTermExternalDebt_LenderCountryUSA","[, WorldBankProjection]"
"[USDollar]","[]","1976","[P1Y]","16","AmountPrincipalRepayment_Debt_LongTermExternalDebt_LenderCaribbeanDevBank","[, WorldBankProjection]"
"[USDollar]","[]","2003","[P1Y]","8","AmountPrincipalRepayment_Debt_LongTermExternalDebt_LenderCountryARM","[, WorldBankProjection]"
"[USDollar]","[]","1970","[P1Y]","43","AmountPrincipalRepayment_Debt_OfficialCreditor_PubliclyGuaranteed_Multilateral_LongTermExternalDebt_LenderAsianDevBank","[, WorldBankProjection]"
"[USDollar]","[]","1970","[P1Y]","105","AmountPrincipalRepayment_Debt_PubliclyGuaranteed_LongTermExternalDebt_LenderWorldBankIBRD","[, WorldBankProjection]"
"[USDollar]","[]","1979","[P1Y]","15","AmountPrincipalRepayment_Debt_OfficialCreditor_PubliclyGuaranteed_Bilateral_LongTermExternalDebt_LenderCountryTTO","[, WorldBankProjection]"
"[USDollar]","[]","1980","[P1Y]","23","AmountPrincipalRepayment_Debt_LongTermExternalDebt_LenderArabMonetaryFund","[, WorldBankProjection]"
"[USDollar]","[]","1970","[P1Y]","97","AmountPrincipalRepayment_Debt_LongTermExternalDebt_LenderCountryNLD","[, WorldBankProjection]"
"[USDollar]","[]","1970","[P1Y]","55","AmountPrincipalRepayment_Debt_LongTermExternalDebt_LenderCountryPOL","[, WorldBankProjection]"
"[USDollar]","[]","2013","[P1Y]","7","AmountPrincipalRepayment_Debt_OfficialCreditor_Concessional_PubliclyGuaranteed_Multilateral_LongTermExternalDebt_LenderUNGeneralAssembly","[]"
"[USDollar]","[]","2000","[P1Y]","7","AmountPrincipalRepayment_Debt_OfficialCreditor_PubliclyGuaranteed_Multilateral_LongTermExternalDebt_LenderUNWorldFoodProgramme","[]"
"[USDollar]","[]","1970","[P1Y]","10","AmountPrincipalRepayment_Debt_PubliclyGuaranteed_LongTermExternalDebt_LenderEuropeanSocialFund","[, WorldBankProjection]"
"[USDollar]","[]","1994","[P1Y]","14","AmountPrincipalRepayment_Debt_PrivateCreditor_PubliclyGuaranteed_CommercialBank_LongTermExternalDebt_LenderCountryMAR","[, WorldBankProjection]"
"[USDollar]","[]","1974","[P1Y]","6","AmountPrincipalRepayment_Debt_PrivateCreditor_PubliclyGuaranteed_LongTermExternalDebt_LenderCountryBOL","[]"
"[USDollar]","[]","1989","[P1Y]","5","AmountPrincipalRepayment_Debt_OfficialCreditor_PubliclyGuaranteed_Bilateral_LongTermExternalDebt_LenderCountryTUN","[]"
"[USDollar]","[]","1998","[P1Y]","5","AmountPrincipalRepayment_Debt_OfficialCreditor_PubliclyGuaranteed_LongTermExternalDebt_LenderCountryGMB","[]"
"[USDollar]","[]","1998","[P1Y]","5","AmountPrincipalRepayment_Debt_PubliclyGuaranteed_LongTermExternalDebt_LenderCountryGMB","[]"
"[USDollar]","[]","1970","[P1Y]","37","AmountPrincipalRepayment_Debt_LongTermExternalDebt_LenderCountryARG","[]"
"[USDollar]","[]","1977","[P1Y]","83","AmountPrincipalRepayment_Debt_LongTermExternalDebt_LenderCountryARE","[, WorldBankProjection]"
"[USDollar]","[]","1970","[P1Y]","18","AmountPrincipalRepayment_Debt_PrivateCreditor_PubliclyGuaranteed_WorldBankOtherPrivate_LongTermExternalDebt_LenderCountryMEX","[]"
"[USDollar]","[]","1982","[P1Y]","13","AmountPrincipalRepayment_Debt_LongTermExternalDebt_LenderCountryLBR","[]"
"[USDollar]","[]","1985","[P1Y]","9","AmountPrincipalRepayment_Debt_PrivateCreditor_PubliclyGuaranteed_LongTermExternalDebt_LenderCountryJOR","[]"
"[USDollar]","[]","1973","[P1Y]","9","AmountPrincipalRepayment_Debt_PubliclyGuaranteed_LongTermExternalDebt_LenderCountryZMB","[]"
"[USDollar]","[]","1973","[P1Y]","51","AmountPrincipalRepayment_Debt_LongTermExternalDebt_LenderCountryLBY","[, WorldBankProjection]"
"[USDollar]","[]","1977","[P1Y]","73","AmountPrincipalRepayment_Debt_PubliclyGuaranteed_LongTermExternalDebt_LenderCountryKOR","[, WorldBankProjection]"
"[USDollar]","[]","1976","[P1Y]","36","AmountPrincipalRepayment_Debt_PrivateCreditor_PubliclyGuaranteed_LongTermExternalDebt_LenderCountryHKG","[, WorldBankProjection]"
"[USDollar]","[]","1984","[P1Y]","13","AmountPrincipalRepayment_Debt_OfficialCreditor_PubliclyGuaranteed_Multilateral_LongTermExternalDebt_LenderArabLeague","[]"
"[USDollar]","[]","2013","[P1Y]","7","AmountPrincipalRepayment_Debt_LongTermExternalDebt_LenderCountryLCA","[, WorldBankProjection]"
"[USDollar]","[]","1971","[P1Y]","11","AmountPrincipalRepayment_Debt_OfficialCreditor_Concessional_PubliclyGuaranteed_Bilateral_LongTermExternalDebt_LenderCountryROU","[]"
"[USDollar]","[]","1978","[P1Y]","14","AmountPrincipalRepayment_Debt_LongTermExternalDebt_LenderCountryNGA","[, WorldBankProjection]"
"[USDollar]","[]","1979","[P1Y]","10","AmountPrincipalRepayment_Debt_PubliclyGuaranteed_LongTermExternalDebt_LenderCountryECU","[]"
"[USDollar]","[]","2017","[P1Y]","39","AmountPrincipalRepayment_Debt_LongTermExternalDebt_LenderAsianInfrastructureInvestmentBank","[, WorldBankProjection]"
"[USDollar]","[]","1981","[P1Y]","17","AmountPrincipalRepayment_Debt_OfficialCreditor_Concessional_PubliclyGuaranteed_Bilateral_LongTermExternalDebt_LenderCountryLBY","[, WorldBankProjection]"
"[USDollar]","[]","1970","[P1Y]","34","AmountPrincipalRepayment_Debt_PubliclyGuaranteed_LongTermExternalDebt_LenderCountryVEN","[, WorldBankProjection]"
"[USDollar]","[]","1970","[P1Y]","11","AmountPrincipalRepayment_Debt_PubliclyGuaranteed_LongTermExternalDebt_LenderCountryGHA","[]"
"[USDollar]","[]","1976","[P1Y]","28","AmountPrincipalRepayment_Debt_PrivateCreditor_PubliclyGuaranteed_CommercialBank_LongTermExternalDebt_LenderCountryHKG","[, WorldBankProjection]"
"[USDollar]","[]","2004","[P1Y]","8","AmountPrincipalRepayment_Debt_OfficialCreditor_Concessional_PubliclyGuaranteed_Bilateral_LongTermExternalDebt_LenderCountryNGA","[]"
"[USDollar]","[]","1970","[P1Y]","16","AmountPrincipalRepayment_Debt_LongTermExternalDebt_LenderCountryLBN","[]"
"[USDollar]","[]","2006","[P1Y]","6","AmountPrincipalRepayment_Debt_OfficialCreditor_PubliclyGuaranteed_LongTermExternalDebt_LenderCountryVCT","[]"
"[USDollar]","[]","2006","[P1Y]","6","AmountPrincipalRepayment_Debt_PubliclyGuaranteed_LongTermExternalDebt_LenderCountryVCT","[, WorldBankProjection]"
"[USDollar]","[]","1999","[P1Y]","6","AmountPrincipalRepayment_Debt_OfficialCreditor_Concessional_PubliclyGuaranteed_Bilateral_LongTermExternalDebt_LenderCountryTTO","[]"
"[USDollar]","[]","2008","[P1Y]","6","AmountPrincipalRepayment_Debt_OfficialCreditor_PubliclyGuaranteed_Multilateral_LongTermExternalDebt_LenderArabTownsOrganization","[]"
"[USDollar]","[]","1970","[P1Y]","86","AmountPrincipalRepayment_Debt_PrivateCreditor_PubliclyGuaranteed_LongTermExternalDebt_LenderCountryJPN","[, WorldBankProjection]"
"[USDollar]","[]","1980","[P1Y]","14","AmountPrincipalRepayment_Debt_LongTermExternalDebt_LenderCountryCPV","[]"
"[USDollar]","[]","1976","[P1Y]","6","AmountPrincipalRepayment_Debt_LongTermExternalDebt_LenderUNHighCommissionerforRefugees","[]"
"[USDollar]","[]","1970","[P1Y]","44","AmountPrincipalRepayment_Debt_PrivateCreditor_PubliclyGuaranteed_WorldBankOtherPrivate_LongTermExternalDebt_LenderCountryBRA","[]"
"[USDollar]","[]","1970","[P1Y]","26","AmountPrincipalRepayment_Debt_PrivateCreditor_PubliclyGuaranteed_LongTermExternalDebt_LenderCountrySAU","[]"
"[USDollar]","[]","2010","[P1Y]","6","AmountPrincipalRepayment_Debt_PrivateCreditor_PubliclyGuaranteed_WorldBankOtherPrivate_LongTermExternalDebt_LenderCountryBRB","[]"
"[USDollar]","[]","1995","[P1Y]","10","AmountPrincipalRepayment_Debt_OfficialCreditor_PubliclyGuaranteed_LongTermExternalDebt_LenderEuropeanReliefFund","[, WorldBankProjection]"
"[USDollar]","[]","2005","[P1Y]","6","AmountPrincipalRepayment_Debt_OfficialCreditor_PubliclyGuaranteed_Bilateral_LongTermExternalDebt_LenderCountryAZE","[, WorldBankProjection]"
"[USDollar]","[]","1994","[P1Y]","31","AmountPrincipalRepayment_Debt_PubliclyGuaranteed_LongTermExternalDebt_LenderEuropeanBankforReconstructionandDev","[, WorldBankProjection]"
"[USDollar]","[]","1970","[P1Y]","24","AmountPrincipalRepayment_Debt_PrivateCreditor_PubliclyGuaranteed_WorldBankOtherPrivate_LongTermExternalDebt_LenderCountryZAF","[]"
"[USDollar]","[]","2023","[P1Y]","5","AmountPrincipalRepayment_Debt_OfficialCreditor_Concessional_PubliclyGuaranteed_Multilateral_LongTermExternalDebt_LenderEuropeanSocialFund","[]"
"[USDollar]","[]","1999","[P1Y]","7","AmountPrincipalRepayment_Debt_PrivateCreditor_PubliclyGuaranteed_WorldBankOtherPrivate_LongTermExternalDebt_LenderCountrySVK","[]"
"[USDollar]","[]","1974","[P1Y]","8","AmountPrincipalRepayment_Debt_LongTermExternalDebt_LenderWorldBankMIGA","[, WorldBankProjection]"
"[USDollar]","[]","1970","[P1Y]","42","AmountPrincipalRepayment_Debt_PrivateCreditor_PubliclyGuaranteed_LongTermExternalDebt_LenderCountryLUX","[, WorldBankProjection]"
"[USDollar]","[]","2000","[P1Y]","17","AmountPrincipalRepayment_Debt_PubliclyGuaranteed_LongTermExternalDebt_LenderCountryMUS","[, WorldBankProjection]"
"[USDollar]","[]","1977","[P1Y]","26","AmountPrincipalRepayment_Debt_PrivateCreditor_PubliclyGuaranteed_CommercialBank_LongTermExternalDebt_LenderCountryFIN","[, WorldBankProjection]"
"[USDollar]","[]","2010","[P1Y]","11","AmountPrincipalRepayment_Debt_OfficialCreditor_PubliclyGuaranteed_LongTermExternalDebt_LenderECOTradeandDevBank","[, WorldBankProjection]"
"[USDollar]","[]","1973","[P1Y]","6","AmountPrincipalRepayment_Debt_OfficialCreditor_PubliclyGuaranteed_LongTermExternalDebt_LenderCountryZMB","[]"
"[USDollar]","[]","1970","[P1Y]","44","AmountPrincipalRepayment_Debt_PrivateCreditor_PubliclyGuaranteed_LongTermExternalDebt_LenderCountryFIN","[, WorldBankProjection]"
"[USDollar]","[]","1970","[P1Y]","9","AmountPrincipalRepayment_Debt_LongTermExternalDebt_LenderEUROFIMA","[, WorldBankProjection]"
"[USDollar]","[]","2007","[P1Y]","5","AmountPrincipalRepayment_Debt_PrivateCreditor_PubliclyGuaranteed_WorldBankOtherPrivate_LongTermExternalDebt_LenderCountrySVN","[]"
"[USDollar]","[]","1970","[P1Y]","30","AmountPrincipalRepayment_Debt_PrivateCreditor_PubliclyGuaranteed_CommercialBank_LongTermExternalDebt_LenderCountryLUX","[, WorldBankProjection]"
"[USDollar]","[]","1970","[P1Y]","134","AmountPrincipalRepayment_Debt_OfficialCreditor_PubliclyGuaranteed_LongTermExternalDebt","[, WorldBankProjection]"
"[USDollar]","[]","1980","[P1Y]","70","AmountPrincipalRepayment_Debt_OfficialCreditor_PubliclyGuaranteed_LongTermExternalDebt_LenderCountryKOR","[, WorldBankProjection]"
"[USDollar]","[]","1970","[P1Y]","88","AmountPrincipalRepayment_Debt_PubliclyGuaranteed_LongTermExternalDebt_LenderCountryCAN","[, WorldBankProjection]"
"[USDollar]","[]","1970","[P1Y]","88","AmountPrincipalRepayment_Debt_PrivateCreditor_PubliclyGuaranteed_CommercialBank_LongTermExternalDebt_LenderCountryDEU","[, WorldBankProjection]"
"[USDollar]","[]","1982","[P1Y]","5","AmountPrincipalRepayment_Debt_LongTermExternalDebt_LenderCountryNIC","[]"
"[USDollar]","[]","1975","[P1Y]","13","AmountPrincipalRepayment_Debt_PrivateCreditor_PubliclyGuaranteed_LongTermExternalDebt_LenderCountryNZL","[]"
"[USDollar]","[]","2016","[P1Y]","11","AmountPrincipalRepayment_Debt_OfficialCreditor_Concessional_PubliclyGuaranteed_Bilateral_LongTermExternalDebt_LenderCountryCOG","[, WorldBankProjection]"
"[USDollar]","[]","1979","[P1Y]","6","AmountPrincipalRepayment_Debt_OfficialCreditor_PubliclyGuaranteed_LongTermExternalDebt_LenderCountryECU","[]"
"[USDollar]","[]","1981","[P1Y]","17","AmountPrincipalRepayment_Debt_OfficialCreditor_PubliclyGuaranteed_LongTermExternalDebt_LenderWestAfricanDevelopmentBank","[, WorldBankProjection]"
"[USDollar]","[]","1992","[P1Y]","64","AmountPrincipalRepayment_Debt_OfficialCreditor_Concessional_PubliclyGuaranteed_Bilateral_LongTermExternalDebt_LenderCountryESP","[, WorldBankProjection]"
"[USDollar]","[]","1979","[P1Y]","15","AmountPrincipalRepayment_Debt_LongTermExternalDebt_LenderCountryTTO","[, WorldBankProjection]"
"[USDollar]","[]","2021","[P1Y]","5","AmountPrincipalRepayment_Debt_PrivateCreditor_PubliclyGuaranteed_LongTermExternalDebt_LenderCountryHND","[, WorldBankProjection]"
"[USDollar]","[]","1970","[P1Y]","100","AmountPrincipalRepayment_Debt_PrivateCreditor_PubliclyGuaranteed_LongTermExternalDebt_LenderMultipleLenders","[, WorldBankProjection]"
"[USDollar]","[]","1976","[P1Y]","34","AmountPrincipalRepayment_Debt_OfficialCreditor_PubliclyGuaranteed_LongTermExternalDebt_LenderCountryVEN","[, WorldBankProjection]"
"[USDollar]","[]","1970","[P1Y]","88","AmountPrincipalRepayment_Debt_PubliclyGuaranteed_LongTermExternalDebt_LenderCountryIND","[, WorldBankProjection]"
"[USDollar]","[]","1970","[P1Y]","62","AmountPrincipalRepayment_Debt_PrivateCreditor_PubliclyGuaranteed_WorldBankOtherPrivate_LongTermExternalDebt_LenderCountrySWE","[, WorldBankProjection]"
"[USDollar]","[]","1970","[P1Y]","106","AmountPrincipalRepayment_Debt_PrivateCreditor_PubliclyGuaranteed_LongTermExternalDebt_LenderCountryDEU","[, WorldBankProjection]"
"[USDollar]","[]","1976","[P1Y]","16","AmountPrincipalRepayment_Debt_OfficialCreditor_PubliclyGuaranteed_Multilateral_LongTermExternalDebt_LenderCaribbeanDevBank","[, WorldBankProjection]"
"[USDollar]","[]","1970","[P1Y]","15","AmountPrincipalRepayment_Debt_OfficialCreditor_PubliclyGuaranteed_Multilateral_LongTermExternalDebt_LenderCouncilofEurope","[, WorldBankProjection]"
"[USDollar]","[]","2018","[P1Y]","6","AmountPrincipalRepayment_Debt_OfficialCreditor_Concessional_PubliclyGuaranteed_Multilateral_LongTermExternalDebt_LenderCorporacionAndinadeFomento","[]"
"[USDollar]","[]","1970","[P1Y]","52","AmountPrincipalRepayment_Debt_PrivateCreditor_PubliclyGuaranteed_CommercialBank_LongTermExternalDebt_LenderCountryJPN","[, WorldBankProjection]"
"[USDollar]","[]","1970","[P1Y]","24","AmountPrincipalRepayment_Debt_PrivateCreditor_PubliclyGuaranteed_CommercialBank_LongTermExternalDebt_LenderCountrySAU","[]"
"[USDollar]","[]","1970","[P1Y]","11","AmountPrincipalRepayment_Debt_OfficialCreditor_PubliclyGuaranteed_LongTermExternalDebt_LenderCountryGHA","[]"
"[USDollar]","[]","1978","[P1Y]","10","AmountPrincipalRepayment_Debt_PubliclyGuaranteed_LongTermExternalDebt_LenderLatinAmericanAgribusinessDevCorp","[]"
"[USDollar]","[]","1979","[P1Y]","23","AmountPrincipalRepayment_Debt_PubliclyGuaranteed_LongTermExternalDebt_LenderArabAfricanInternationalBank","[, WorldBankProjection]"
"[USDollar]","[]","1970","[P1Y]","42","AmountPrincipalRepayment_Debt_PrivateCreditor_PubliclyGuaranteed_WorldBankOtherPrivate_LongTermExternalDebt_LenderCountrySUN","[]"
"[USDollar]","[]","1978","[P1Y]","63","AmountPrincipalRepayment_Debt_OfficialCreditor_Concessional_PubliclyGuaranteed_Multilateral_LongTermExternalDebt_LenderEuropeanDevelopmentFund","[]"
"[USDollar]","[]","2013","[P1Y]","12","AmountPrincipalRepayment_Debt_OfficialCreditor_PubliclyGuaranteed_LongTermExternalDebt_LenderUNGeneralAssembly","[, WorldBankProjection]"
"[USDollar]","[]","2020","[P1Y]","5","AmountPrincipalRepayment_Debt_OfficialCreditor_PubliclyGuaranteed_Multilateral_LongTermExternalDebt_LenderUNPopulationFund","[, WorldBankProjection]"
"[USDollar]","[]","1980","[P1Y]","10","AmountPrincipalRepayment_Debt_PrivateCreditor_PubliclyGuaranteed_WorldBankOtherPrivate_LongTermExternalDebt_LenderCountryKEN","[]"
"[USDollar]","[]","2017","[P1Y]","39","AmountPrincipalRepayment_Debt_PubliclyGuaranteed_LongTermExternalDebt_LenderAsianInfrastructureInvestmentBank","[, WorldBankProjection]"
"[USDollar]","[]","2004","[P1Y]","5","AmountPrincipalRepayment_Debt_PubliclyGuaranteed_LongTermExternalDebt_LenderCountryGIB","[]"
"[USDollar]","[]","1980","[P1Y]","11","AmountPrincipalRepayment_Debt_LongTermExternalDebt_LenderCountryCRI","[]"
"[USDollar]","[]","1970","[P1Y]","51","AmountPrincipalRepayment_Debt_LongTermExternalDebt_LenderCountryROU","[, WorldBankProjection]"
"[USDollar]","[]","1971","[P1Y]","24","AmountPrincipalRepayment_Debt_OfficialCreditor_Concessional_PubliclyGuaranteed_Bilateral_LongTermExternalDebt_LenderCountryPOL","[, WorldBankProjection]"
"[USDollar]","[]","1970","[P1Y]","43","AmountPrincipalRepayment_Debt_PubliclyGuaranteed_LongTermExternalDebt_LenderAsianDevBank","[, WorldBankProjection]"
"[USDollar]","[]","1978","[P1Y]","32","AmountPrincipalRepayment_Debt_LongTermExternalDebt_LenderArabFundforEconomicSocialDevelopment","[, WorldBankProjection]"
"[USDollar]","[]","1980","[P1Y]","7","AmountPrincipalRepayment_Debt_OfficialCreditor_PubliclyGuaranteed_Bilateral_LongTermExternalDebt_LenderCountryTZA","[]"
"[USDollar]","[]","1970","[P1Y]","108","AmountPrincipalRepayment_Debt_LongTermExternalDebt_LenderOtherMultipleLenders","[, WorldBankProjection]"
"[USDollar]","[]","1985","[P1Y]","23","AmountPrincipalRepayment_Debt_OfficialCreditor_Concessional_PubliclyGuaranteed_Bilateral_LongTermExternalDebt_LenderCountryARE","[, WorldBankProjection]"
"[USDollar]","[]","1981","[P1Y]","76","AmountPrincipalRepayment_Debt_OfficialCreditor_PubliclyGuaranteed_Bilateral_LongTermExternalDebt_LenderCountryRUS","[, WorldBankProjection]"
"[USDollar]","[]","1975","[P1Y]","8","AmountPrincipalRepayment_Debt_PrivateCreditor_PubliclyGuaranteed_WorldBankOtherPrivate_LongTermExternalDebt_LenderCountryMLI","[]"
"[USDollar]","[]","1970","[P1Y]","5","AmountPrincipalRepayment_Debt_OfficialCreditor_Concessional_PubliclyGuaranteed_Bilateral_LongTermExternalDebt_LenderCountryARG","[]"
"[USDollar]","[]","1982","[P1Y]","6","AmountPrincipalRepayment_Debt_OfficialCreditor_PubliclyGuaranteed_LongTermExternalDebt_LenderCountryGAB","[]"
"[USDollar]","[]","1970","[P1Y]","108","AmountPrincipalRepayment_Debt_PrivateCreditor_PrivateNonGuaranteed_WorldBankCommercialBankAndOther_LongTermExternalDebt_LenderOtherMultipleLenders","[, WorldBankProjection]"
"[USDollar]","[]","1996","[P1Y]","11","AmountPrincipalRepayment_Debt_LongTermExternalDebt_LenderCountryCMR","[, WorldBankProjection]"
"[USDollar]","[]","1990","[P1Y]","5","AmountPrincipalRepayment_Debt_OfficialCreditor_PubliclyGuaranteed_Bilateral_LongTermExternalDebt_LenderCountryPRI","[]"
"[USDollar]","[]","1984","[P1Y]","5","AmountPrincipalRepayment_Debt_PrivateCreditor_PubliclyGuaranteed_WorldBankOtherPrivate_LongTermExternalDebt_LenderCountryMLT","[]"
"[USDollar]","[]","1983","[P1Y]","121","AmountPrincipalRepayment_Debt_OfficialCreditor_PubliclyGuaranteed_LongTermExternalDebt_LenderInternationalFundforAgriculturalDev","[, WorldBankProjection]"
"[USDollar]","[]","1980","[P1Y]","21","AmountPrincipalRepayment_Debt_OfficialCreditor_PubliclyGuaranteed_Bilateral_LongTermExternalDebt_LenderCountryPRK","[, WorldBankProjection]"
"[USDollar]","[]","1992","[P1Y]","8","AmountPrincipalRepayment_Debt_OfficialCreditor_PubliclyGuaranteed_Multilateral_LongTermExternalDebt_LenderLatinAmerConfofSavingCreditCoop","[]"
"[USDollar]","[]","1987","[P1Y]","8","AmountPrincipalRepayment_Debt_PrivateCreditor_PubliclyGuaranteed_WorldBankOtherPrivate_LongTermExternalDebt_LenderCountryIDN","[]"
"[USDollar]","[]","1970","[P1Y]","11","AmountPrincipalRepayment_Debt_PrivateCreditor_PubliclyGuaranteed_LongTermExternalDebt_LenderCountrySEN","[]"
"[USDollar]","[]","1999","[P1Y]","5","AmountPrincipalRepayment_Debt_PubliclyGuaranteed_LongTermExternalDebt_LenderBankforInternationalSettlements","[]"
"[USDollar]","[]","2014","[P1Y]","6","AmountPrincipalRepayment_Debt_OfficialCreditor_Concessional_PubliclyGuaranteed_Multilateral_LongTermExternalDebt_LenderBolivarianAlliancefortheAmericas","[]"
"[USDollar]","[]","1975","[P1Y]","14","AmountPrincipalRepayment_Debt_LongTermExternalDebt_LenderCountryPER","[]"
"[USDollar]","[]","2017","[P1Y]","5","AmountPrincipalRepayment_Debt_PubliclyGuaranteed_LongTermExternalDebt_LenderCountryMNE","[]"
"[USDollar]","[]","1986","[P1Y]","24","AmountPrincipalRepayment_Debt_PubliclyGuaranteed_LongTermExternalDebt_LenderEconomicCommunityofWestAfricanStates","[, WorldBankProjection]"
"[USDollar]","[]","1983","[P1Y]","121","AmountPrincipalRepayment_Debt_LongTermExternalDebt_LenderInternationalFundforAgriculturalDev","[, WorldBankProjection]"
"[USDollar]","[]","1995","[P1Y]","6","AmountPrincipalRepayment_Debt_PrivateCreditor_PubliclyGuaranteed_WorldBankOtherPrivate_LongTermExternalDebt_LenderCountryMKD","[]"
"[USDollar]","[]","1984","[P1Y]","9","AmountPrincipalRepayment_Debt_LongTermExternalDebt_LenderCountryGTM","[]"
"[USDollar]","[]","1970","[P1Y]","10","AmountPrincipalRepayment_Debt_PrivateCreditor_PubliclyGuaranteed_WorldBankOtherPrivate_LongTermExternalDebt_LenderCountryDZA","[]"
"[USDollar]","[]","1977","[P1Y]","20","AmountPrincipalRepayment_Debt_OfficialCreditor_PubliclyGuaranteed_Bilateral_LongTermExternalDebt_LenderCountryPRT","[, WorldBankProjection]"
"[USDollar]","[]","1982","[P1Y]","14","AmountPrincipalRepayment_Debt_PrivateCreditor_PubliclyGuaranteed_LongTermExternalDebt_LenderCountryQAT","[, WorldBankProjection]"
"[USDollar]","[]","1970","[P1Y]","98","AmountPrincipalRepayment_Debt_OfficialCreditor_PubliclyGuaranteed_LongTermExternalDebt_LenderCountryGBR","[, WorldBankProjection]"
"[USDollar]","[]","1970","[P1Y]","119","AmountPrincipalRepayment_Debt_PubliclyGuaranteed_LongTermExternalDebt_LenderCountryGBR","[, WorldBankProjection]"
"[USDollar]","[]","1970","[P1Y]","130","AmountPrincipalRepayment_Debt_OfficialCreditor_Concessional_PubliclyGuaranteed_Multilateral_LongTermExternalDebt","[]"
"[USDollar]","[]","2021","[P1Y]","5","AmountPrincipalRepayment_Debt_PrivateCreditor_PubliclyGuaranteed_CommercialBank_LongTermExternalDebt_LenderCountryHND","[, WorldBankProjection]"
"[USDollar]","[]","1994","[P1Y]","51","AmountPrincipalRepayment_Debt_PubliclyGuaranteed_LongTermExternalDebt_LenderNordicDevelopmentFund","[, WorldBankProjection]"
"[USDollar]","[]","1970","[P1Y]","76","AmountPrincipalRepayment_Debt_OfficialCreditor_PubliclyGuaranteed_Bilateral_LongTermExternalDebt_LenderCountryAUT","[, WorldBankProjection]"
"[USDollar]","[]","1970","[P1Y]","38","AmountPrincipalRepayment_Debt_OfficialCreditor_PubliclyGuaranteed_Bilateral_LongTermExternalDebt_LenderCountryAUS","[, WorldBankProjection]"
"[USDollar]","[]","1970","[P1Y]","55","AmountPrincipalRepayment_Debt_OfficialCreditor_PubliclyGuaranteed_Bilateral_LongTermExternalDebt_LenderCountryCZE","[, WorldBankProjection]"
"[USDollar]","[]","1970","[P1Y]","26","AmountPrincipalRepayment_Debt_OfficialCreditor_Concessional_PubliclyGuaranteed_Bilateral_LongTermExternalDebt_LenderCountryNLD","[, WorldBankProjection]"
"[USDollar]","[]","1975","[P1Y]","9","AmountPrincipalRepayment_Debt_PrivateCreditor_PubliclyGuaranteed_CommercialBank_LongTermExternalDebt_LenderCountryNZL","[]"
"[USDollar]","[]","1970","[P1Y]","102","AmountPrincipalRepayment_Debt_PubliclyGuaranteed_LongTermExternalDebt_LenderBondholders","[, WorldBankProjection]"
"[USDollar]","[]","1975","[P1Y]","15","AmountPrincipalRepayment_Debt_OfficialCreditor_PubliclyGuaranteed_Multilateral_LongTermExternalDebt_LenderUNDevelopmentProgramme","[]"
"[USDollar]","[]","1970","[P1Y]","59","AmountPrincipalRepayment_Debt_OfficialCreditor_PubliclyGuaranteed_Multilateral_LongTermExternalDebt_LenderAfricanDevBank","[, WorldBankProjection]"
"[USDollar]","[]","1970","[P1Y]","63","AmountPrincipalRepayment_Debt_PrivateCreditor_PubliclyGuaranteed_CommercialBank_LongTermExternalDebt_LenderCountryBEL","[, WorldBankProjection]"
"[USDollar]","[]","2013","[P1Y]","13","AmountPrincipalRepayment_Debt_LongTermExternalDebt_LenderCountryCOG","[, WorldBankProjection]"
"[USDollar]","[]","2012","[P1Y]","7","AmountPrincipalRepayment_Debt_OfficialCreditor_Concessional_PubliclyGuaranteed_Bilateral_LongTermExternalDebt_LenderCountryTUR","[, WorldBankProjection]"
"[USDollar]","[]","1970","[P1Y]","91","AmountPrincipalRepayment_Debt_LongTermExternalDebt_LenderCountryESP","[, WorldBankProjection]"
"[USDollar]","[]","1982","[P1Y]","56","AmountPrincipalRepayment_Debt_OfficialCreditor_PubliclyGuaranteed_Multilateral_LongTermExternalDebt_LenderEuropeanEconomicCommunity","[, WorldBankProjection]"
"[USDollar]","[]","1988","[P1Y]","5","AmountPrincipalRepayment_Debt_PubliclyGuaranteed_LongTermExternalDebt_LenderEuropeanCoalandSteelCommunity","[]"
"[USDollar]","[]","1970","[P1Y]","14","AmountPrincipalRepayment_Debt_LongTermExternalDebt_LenderCountryCOL","[]"
"[USDollar]","[]","1970","[P1Y]","77","AmountPrincipalRepayment_Debt_PrivateCreditor_PubliclyGuaranteed_LongTermExternalDebt_LenderCountryBEL","[, WorldBankProjection]"
"[USDollar]","[]","2006","[P1Y]","7","AmountPrincipalRepayment_Debt_OfficialCreditor_Concessional_PubliclyGuaranteed_Bilateral_LongTermExternalDebt_LenderCountryJAM","[]"
"[USDollar]","[]","1970","[P1Y]","62","AmountPrincipalRepayment_Debt_OfficialCreditor_PubliclyGuaranteed_Bilateral_LongTermExternalDebt_LenderCountryNOR","[, WorldBankProjection]"
"[USDollar]","[]","1983","[P1Y]","104","AmountPrincipalRepayment_Debt_OfficialCreditor_Concessional_PubliclyGuaranteed_Multilateral_LongTermExternalDebt_LenderInternationalFundforAgriculturalDev","[]"
"[USDollar]","[]","1978","[P1Y]","32","AmountPrincipalRepayment_Debt_OfficialCreditor_PubliclyGuaranteed_LongTermExternalDebt_LenderArabFundforEconomicSocialDevelopment","[, WorldBankProjection]"
"[USDollar]","[]","1981","[P1Y]","7","AmountPrincipalRepayment_Debt_PrivateCreditor_PubliclyGuaranteed_LongTermExternalDebt_LenderCountryBFA","[]"
"[USDollar]","[]","2011","[P1Y]","5","AmountPrincipalRepayment_Debt_PrivateCreditor_PubliclyGuaranteed_LongTermExternalDebt_LenderCountryUKR","[]"
"[USDollar]","[]","1974","[P1Y]","31","AmountPrincipalRepayment_Debt_PrivateCreditor_PubliclyGuaranteed_LongTermExternalDebt_LenderCountrySGP","[, WorldBankProjection]"
"[USDollar]","[]","1970","[P1Y]","103","AmountPrincipalRepayment_Debt_PrivateCreditor_PubliclyGuaranteed_WorldBankOtherPrivate_LongTermExternalDebt_LenderCountryGBR","[, WorldBankProjection]"
"[USDollar]","[]","1981","[P1Y]","9","AmountPrincipalRepayment_Debt_LongTermExternalDebt_LenderPlataBasinFinancialDevFund","[, WorldBankProjection]"
"[USDollar]","[]","1993","[P1Y]","13","AmountPrincipalRepayment_Debt_PubliclyGuaranteed_LongTermExternalDebt_LenderInternationalBankforEconomicCooperation","[, WorldBankProjection]"
"[USDollar]","[]","2013","[P1Y]","6","AmountPrincipalRepayment_Debt_PubliclyGuaranteed_LongTermExternalDebt_LenderCountryKNA","[, WorldBankProjection]"
"[USDollar]","[]","1975","[P1Y]","8","AmountPrincipalRepayment_Debt_LongTermExternalDebt_LenderCountryPHL","[]"
"[USDollar]","[]","1970","[P1Y]","119","AmountPrincipalRepayment_Debt_OfficialCreditor_IDA_PubliclyGuaranteed_Multilateral_LongTermExternalDebt","[]"
"[USDollar]","[]","1972","[P1Y]","8","AmountPrincipalRepayment_Debt_LongTermExternalDebt_LenderCountryCOD","[]"
"[USDollar]","[]","1977","[P1Y]","63","AmountPrincipalRepayment_Debt_PubliclyGuaranteed_LongTermExternalDebt_LenderIslamicDevBank","[, WorldBankProjection]"
"[USDollar]","[]","1978","[P1Y]","6","AmountPrincipalRepayment_Debt_PrivateCreditor_PubliclyGuaranteed_WorldBankOtherPrivate_LongTermExternalDebt_LenderCountryGAB","[]"
"[USDollar]","[]","1998","[P1Y]","5","AmountPrincipalRepayment_Debt_OfficialCreditor_Concessional_PubliclyGuaranteed_Bilateral_LongTermExternalDebt_LenderCountryCUB","[]"
"[USDollar]","[]","1994","[P1Y]","13","AmountPrincipalRepayment_Debt_PrivateCreditor_PubliclyGuaranteed_LongTermExternalDebt_LenderCountryHRV","[, WorldBankProjection]"
"[USDollar]","[]","2007","[P1Y]","5","AmountPrincipalRepayment_Debt_PrivateCreditor_PubliclyGuaranteed_WorldBankOtherPrivate_LongTermExternalDebt_LenderCountrySYR","[]"
"[USDollar]","[]","1970","[P1Y]","119","AmountPrincipalRepayment_Debt_LongTermExternalDebt_LenderWorldBankIDA","[, WorldBankProjection]"
"[USDollar]","[]","1970","[P1Y]","121","AmountPrincipalRepayment_Debt_OfficialCreditor_PubliclyGuaranteed_Multilateral_LongTermExternalDebt_LenderEuropeanInvestmentBank","[, WorldBankProjection]"
"[USDollar]","[]","1978","[P1Y]","7","AmountPrincipalRepayment_Debt_LongTermExternalDebt_LenderCountryGUY","[]"
"[USDollar]","[]","2016","[P1Y]","8","AmountPrincipalRepayment_Debt_OfficialCreditor_Concessional_PubliclyGuaranteed_Multilateral_LongTermExternalDebt_LenderEurasianDevelopmentBank","[]"
"[USDollar]","[]","1985","[P1Y]","5","AmountPrincipalRepayment_Debt_PrivateCreditor_PubliclyGuaranteed_CommercialBank_LongTermExternalDebt_LenderCountrySEN","[]"
"[USDollar]","[]","1977","[P1Y]","8","AmountPrincipalRepayment_Debt_LongTermExternalDebt_LenderInternationalCoffeeOrganization","[]"
"[USDollar]","[]","1982","[P1Y]","14","AmountPrincipalRepayment_Debt_PrivateCreditor_PubliclyGuaranteed_CommercialBank_LongTermExternalDebt_LenderCountryQAT","[, WorldBankProjection]"
"[USDollar]","[]","1970","[P1Y]","18","AmountPrincipalRepayment_Debt_OfficialCreditor_PubliclyGuaranteed_Bilateral_LongTermExternalDebt_LenderCountryEGY","[, WorldBankProjection]"
"[USDollar]","[]","1977","[P1Y]","17","AmountPrincipalRepayment_Debt_OfficialCreditor_Concessional_PubliclyGuaranteed_Bilateral_LongTermExternalDebt_LenderCountryBGR","[]"
"[USDollar]","[]","1970","[P1Y]","29","AmountPrincipalRepayment_Debt_PrivateCreditor_PubliclyGuaranteed_CommercialBank_LongTermExternalDebt_LenderCountryCZE","[, WorldBankProjection]"
"[USDollar]","[]","2007","[P1Y]","5","AmountPrincipalRepayment_Debt_PrivateCreditor_PubliclyGuaranteed_LongTermExternalDebt_LenderCountrySYR","[]"
"[USDollar]","[]","2009","[P1Y]","10","AmountPrincipalRepayment_Debt_OfficialCreditor_Concessional_PubliclyGuaranteed_Multilateral_LongTermExternalDebt_LenderArabAfricanInternationalBank","[]"
"[USDollar]","[]","1970","[P1Y]","48","AmountPrincipalRepayment_Debt_OfficialCreditor_PubliclyGuaranteed_LongTermExternalDebt_LenderCountryPOL","[, WorldBankProjection]"
"[USDollar]","[]","1974","[P1Y]","21","AmountPrincipalRepayment_Debt_PrivateCreditor_PubliclyGuaranteed_CommercialBank_LongTermExternalDebt_LenderCountryNOR","[, WorldBankProjection]"
"[USDollar]","[]","1978","[P1Y]","6","AmountPrincipalRepayment_Debt_PrivateCreditor_PubliclyGuaranteed_LongTermExternalDebt_LenderCountryGAB","[]"
"[USDollar]","[]","1981","[P1Y]","81","AmountPrincipalRepayment_Debt_PubliclyGuaranteed_LongTermExternalDebt_LenderCountryRUS","[, WorldBankProjection]"
"[USDollar]","[]","1999","[P1Y]","12","AmountPrincipalRepayment_Debt_PrivateCreditor_PubliclyGuaranteed_CommercialBank_LongTermExternalDebt_LenderCountryCYP","[]"
"[USDollar]","[]","1977","[P1Y]","78","AmountPrincipalRepayment_Debt_OfficialCreditor_PubliclyGuaranteed_LongTermExternalDebt_LenderCountryARE","[, WorldBankProjection]"
"[USDollar]","[]","1995","[P1Y]","5","AmountPrincipalRepayment_Debt_PrivateCreditor_PubliclyGuaranteed_CommercialBank_LongTermExternalDebt_LenderCountryPRY","[]"
"[USDollar]","[]","1974","[P1Y]","17","AmountPrincipalRepayment_Debt_PrivateCreditor_PubliclyGuaranteed_CommercialBank_LongTermExternalDebt_LenderCountryCYM","[, WorldBankProjection]"
"[USDollar]","[]","1970","[P1Y]","27","AmountPrincipalRepayment_Debt_OfficialCreditor_PubliclyGuaranteed_LongTermExternalDebt_LenderCountryARG","[]"
"[USDollar]","[]","1994","[P1Y]","15","AmountPrincipalRepayment_Debt_LongTermExternalDebt_LenderCountryHRV","[, WorldBankProjection]"
"[USDollar]","[]","1979","[P1Y]","23","AmountPrincipalRepayment_Debt_OfficialCreditor_PubliclyGuaranteed_Multilateral_LongTermExternalDebt_LenderArabAfricanInternationalBank","[, WorldBankProjection]"
"[USDollar]","[]","1972","[P1Y]","11","AmountPrincipalRepayment_Debt_PubliclyGuaranteed_LongTermExternalDebt_LenderCountryTZA","[]"
"[USDollar]","[]","1996","[P1Y]","7","AmountPrincipalRepayment_Debt_PrivateCreditor_PubliclyGuaranteed_CommercialBank_LongTermExternalDebt_LenderCountryLKA","[]"
"[USDollar]","[]","1988","[P1Y]","5","AmountPrincipalRepayment_Debt_LongTermExternalDebt_LenderEuropeanCoalandSteelCommunity","[]"
"[USDollar]","[]","2003","[P1Y]","8","AmountPrincipalRepayment_Debt_OfficialCreditor_PubliclyGuaranteed_LongTermExternalDebt_LenderCountryARM","[, WorldBankProjection]"
"[USDollar]","[]","1970","[P1Y]","43","AmountPrincipalRepayment_Debt_LongTermExternalDebt_LenderAsianDevBank","[, WorldBankProjection]"
"[USDollar]","[]","1970","[P1Y]","65","AmountPrincipalRepayment_Debt_PrivateCreditor_PubliclyGuaranteed_CommercialBank_LongTermExternalDebt_LenderCountryAUT","[, WorldBankProjection]"
"[USDollar]","[]","1970","[P1Y]","18","AmountPrincipalRepayment_Debt_PrivateCreditor_PubliclyGuaranteed_CommercialBank_LongTermExternalDebt_LenderCountryAUS","[, WorldBankProjection]"
"[USDollar]","[]","1981","[P1Y]","7","AmountPrincipalRepayment_Debt_LongTermExternalDebt_LenderCountryBFA","[]"
"[USDollar]","[]","1984","[P1Y]","6","AmountPrincipalRepayment_Debt_PrivateCreditor_PubliclyGuaranteed_CommercialBank_LongTermExternalDebt_LenderCountryPRI","[]"
"[USDollar]","[]","1970","[P1Y]","84","AmountPrincipalRepayment_Debt_OfficialCreditor_PubliclyGuaranteed_LongTermExternalDebt_LenderCountryNLD","[, WorldBankProjection]"
"[USDollar]","[]","1970","[P1Y]","97","AmountPrincipalRepayment_Debt_PubliclyGuaranteed_LongTermExternalDebt_LenderCountryNLD","[, WorldBankProjection]"
"[USDollar]","[]","2000","[P1Y]","7","AmountPrincipalRepayment_Debt_LongTermExternalDebt_LenderCountryUKR","[]"
"[USDollar]","[]","1974","[P1Y]","33","AmountPrincipalRepayment_Debt_LongTermExternalDebt_LenderCountrySGP","[, WorldBankProjection]"
"[USDollar]","[]","1998","[P1Y]","5","AmountPrincipalRepayment_Debt_OfficialCreditor_PubliclyGuaranteed_Bilateral_LongTermExternalDebt_LenderCountryGMB","[]"
"[USDollar]","[]","1982","[P1Y]","18","AmountPrincipalRepayment_Debt_PrivateCreditor_PubliclyGuaranteed_CommercialBank_LongTermExternalDebt_LenderCountryPRT","[, WorldBankProjection]"
"[USDollar]","[]","1984","[P1Y]","45","AmountPrincipalRepayment_Debt_OfficialCreditor_Concessional_PubliclyGuaranteed_Multilateral_LongTermExternalDebt_LenderArabBankforEconomicDevinAfrica","[]"
"[USDollar]","[]","2017","[P1Y]","5","AmountPrincipalRepayment_Debt_PrivateCreditor_PubliclyGuaranteed_LongTermExternalDebt_LenderCountryMNE","[]"
"[USDollar]","[]","1988","[P1Y]","27","AmountPrincipalRepayment_Debt_OfficialCreditor_PubliclyGuaranteed_Bilateral_LongTermExternalDebt_LenderCountryMYS","[, WorldBankProjection]"
"[USDollar]","[]","1980","[P1Y]","112","AmountPrincipalRepayment_Debt_OfficialCreditor_PubliclyGuaranteed_LongTermExternalDebt_LenderOPECFundforInternationalDev","[, WorldBankProjection]"
"[USDollar]","[]","1978","[P1Y]","10","AmountPrincipalRepayment_Debt_LongTermExternalDebt_LenderLatinAmericanAgribusinessDevCorp","[]"
"[USDollar]","[]","1992","[P1Y]","15","AmountPrincipalRepayment_Debt_OfficialCreditor_Concessional_PubliclyGuaranteed_Multilateral_LongTermExternalDebt_LenderWestAfricanDevelopmentBank","[]"
"[USDollar]","[]","1970","[P1Y]","113","AmountPrincipalRepayment_Debt_PrivateCreditor_PubliclyGuaranteed_LongTermExternalDebt_LenderCountryGBR","[, WorldBankProjection]"
"[USDollar]","[]","2008","[P1Y]","8","AmountPrincipalRepayment_Debt_LongTermExternalDebt_LenderCountryBIH","[, WorldBankProjection]"
"[USDollar]","[]","1970","[P1Y]","51","AmountPrincipalRepayment_Debt_LongTermExternalDebt_LenderCountryHUN","[, WorldBankProjection]"
"[USDollar]","[]","1988","[P1Y]","10","AmountPrincipalRepayment_Debt_OfficialCreditor_PubliclyGuaranteed_Bilateral_LongTermExternalDebt_LenderCountryTGO","[]"
"[USDollar]","[]","2020","[P1Y]","5","AmountPrincipalRepayment_Debt_PubliclyGuaranteed_LongTermExternalDebt_LenderUNPopulationFund","[, WorldBankProjection]"
"[USDollar]","[]","1970","[P1Y]","17","AmountPrincipalRepayment_Debt_OfficialCreditor_PubliclyGuaranteed_LongTermExternalDebt_LenderCentralAmericanBankforEconIntegration","[, WorldBankProjection]"
"[USDollar]","[]","1970","[P1Y]","64","AmountPrincipalRepayment_Debt_PubliclyGuaranteed_LongTermExternalDebt_LenderCountryCZE","[, WorldBankProjection]"
"[USDollar]","[]","1970","[P1Y]","68","AmountPrincipalRepayment_Debt_PubliclyGuaranteed_LongTermExternalDebt_LenderCountryNOR","[, WorldBankProjection]"
"[USDollar]","[]","1974","[P1Y]","8","AmountPrincipalRepayment_Debt_PubliclyGuaranteed_LongTermExternalDebt_LenderWorldBankMIGA","[, WorldBankProjection]"
"[USDollar]","[]","1970","[P1Y]","37","AmountPrincipalRepayment_Debt_LongTermExternalDebt_LenderCountryBHS","[, WorldBankProjection]"
"[USDollar]","[]","1973","[P1Y]","38","AmountPrincipalRepayment_Debt_OfficialCreditor_PubliclyGuaranteed_Bilateral_LongTermExternalDebt_LenderCountryIRQ","[, WorldBankProjection]"
"[USDollar]","[]","1970","[P1Y]","17","AmountPrincipalRepayment_Debt_LongTermExternalDebt_LenderCentralAmericanBankforEconIntegration","[, WorldBankProjection]"
"[USDollar]","[]","2024","[P1Y]","7","AmountPrincipalRepayment_Debt_OfficialCreditor_PubliclyGuaranteed_Bilateral_LongTermExternalDebt_LenderCountryGNQ","[WorldBankProjection]"
"[USDollar]","[]","1970","[P1Y]","31","AmountPrincipalRepayment_Debt_LongTermExternalDebt_LenderCountryBHR","[, WorldBankProjection]"
"[USDollar]","[]","2014","[P1Y]","6","AmountPrincipalRepayment_Debt_OfficialCreditor_PubliclyGuaranteed_LongTermExternalDebt_LenderBolivarianAlliancefortheAmericas","[, WorldBankProjection]"
"[USDollar]","[]","1974","[P1Y]","16","AmountPrincipalRepayment_Debt_OfficialCreditor_PubliclyGuaranteed_Bilateral_LongTermExternalDebt_LenderCountryTHA","[, WorldBankProjection]"
"[USDollar]","[]","1981","[P1Y]","76","AmountPrincipalRepayment_Debt_OfficialCreditor_PubliclyGuaranteed_LongTermExternalDebt_LenderCountryRUS","[, WorldBankProjection]"
"[USDollar]","[]","1970","[P1Y]","62","AmountPrincipalRepayment_Debt_PrivateCreditor_PubliclyGuaranteed_WorldBankOtherPrivate_LongTermExternalDebt_LenderMultipleLenders","[, WorldBankProjection]"
"[USDollar]","[]","1981","[P1Y]","13","AmountPrincipalRepayment_Debt_OfficialCreditor_PubliclyGuaranteed_Bilateral_LongTermExternalDebt_LenderCountryIRL","[]"
"[USDollar]","[]","1993","[P1Y]","13","AmountPrincipalRepayment_Debt_OfficialCreditor_PubliclyGuaranteed_Multilateral_LongTermExternalDebt_LenderInternationalBankforEconomicCooperation","[, WorldBankProjection]"
"[USDollar]","[]","1980","[P1Y]","7","AmountPrincipalRepayment_Debt_OfficialCreditor_PubliclyGuaranteed_LongTermExternalDebt_LenderCountryTZA","[]"
"[USDollar]","[]","1973","[P1Y]","35","AmountPrincipalRepayment_Debt_OfficialCreditor_PubliclyGuaranteed_Bilateral_LongTermExternalDebt_LenderCountryIRN","[, WorldBankProjection]"
"[USDollar]","[]","1975","[P1Y]","68","AmountPrincipalRepayment_Debt_OfficialCreditor_Concessional_PubliclyGuaranteed_Bilateral_LongTermExternalDebt_LenderCountryBEL","[, WorldBankProjection]"
"[USDollar]","[]","1991","[P1Y]","5","AmountPrincipalRepayment_Debt_LongTermExternalDebt_LenderCountryHTI","[]"
"[USDollar]","[]","1970","[P1Y]","15","AmountPrincipalRepayment_Debt_LongTermExternalDebt_LenderCouncilofEurope","[, WorldBankProjection]"
"[USDollar]","[]","1990","[P1Y]","5","AmountPrincipalRepayment_Debt_OfficialCreditor_PubliclyGuaranteed_LongTermExternalDebt_LenderCountryPRI","[]"
"[USDollar]","[]","1984","[P1Y]","7","AmountPrincipalRepayment_Debt_PubliclyGuaranteed_LongTermExternalDebt_LenderCountryPRI","[]"
"[USDollar]","[]","1980","[P1Y]","21","AmountPrincipalRepayment_Debt_PubliclyGuaranteed_LongTermExternalDebt_LenderCountryPRK","[, WorldBankProjection]"
"[USDollar]","[]","1983","[P1Y]","121","AmountPrincipalRepayment_Debt_OfficialCreditor_PubliclyGuaranteed_Multilateral_LongTermExternalDebt_LenderInternationalFundforAgriculturalDev","[, WorldBankProjection]"
"[USDollar]","[]","1984","[P1Y]","8","AmountPrincipalRepayment_Debt_OfficialCreditor_PubliclyGuaranteed_LongTermExternalDebt_LenderFondoLatinoamericanodeReservas","[, WorldBankProjection]"
"[USDollar]","[]","1980","[P1Y]","21","AmountPrincipalRepayment_Debt_OfficialCreditor_PubliclyGuaranteed_LongTermExternalDebt_LenderCountryPRK","[, WorldBankProjection]"
"[USDollar]","[]","1973","[P1Y]","27","AmountPrincipalRepayment_Debt_PubliclyGuaranteed_LongTermExternalDebt_LenderCountryPRT","[, WorldBankProjection]"
"[USDollar]","[]","1970","[P1Y]","42","AmountPrincipalRepayment_Debt_LongTermExternalDebt_LenderCountryBGR","[, WorldBankProjection]"
"[USDollar]","[]","1970","[P1Y]","27","AmountPrincipalRepayment_Debt_OfficialCreditor_PubliclyGuaranteed_Bilateral_LongTermExternalDebt_LenderCountryISR","[, WorldBankProjection]"
"[USDollar]","[]","1970","[P1Y]","108","AmountPrincipalRepayment_Debt_OfficialCreditor_PubliclyGuaranteed_Bilateral_LongTermExternalDebt_LenderCountryKWT","[, WorldBankProjection]"
"[USDollar]","[]","1995","[P1Y]","5","AmountPrincipalRepayment_Debt_PubliclyGuaranteed_LongTermExternalDebt_LenderCountryPRY","[]"
"[USDollar]","[]","1974","[P1Y]","18","AmountPrincipalRepayment_Debt_PubliclyGuaranteed_LongTermExternalDebt_LenderCountryCYM","[, WorldBankProjection]"
"[USDollar]","[]","1977","[P1Y]","20","AmountPrincipalRepayment_Debt_OfficialCreditor_PubliclyGuaranteed_LongTermExternalDebt_LenderCountryPRT","[, WorldBankProjection]"
"[USDollar]","[]","1990","[P1Y]","20","AmountPrincipalRepayment_Debt_PubliclyGuaranteed_LongTermExternalDebt_LenderCountryCYP","[]"
"[USDollar]","[]","1988","[P1Y]","7","AmountPrincipalRepayment_Debt_PubliclyGuaranteed_LongTermExternalDebt_LenderCountryRWA","[]"
"[USDollar]","[]","1970","[P1Y]","38","AmountPrincipalRepayment_Debt_OfficialCreditor_PubliclyGuaranteed_LongTermExternalDebt_LenderCountryAUS","[, WorldBankProjection]"
"[USDollar]","[]","1970","[P1Y]","51","AmountPrincipalRepayment_Debt_PubliclyGuaranteed_LongTermExternalDebt_LenderCountryAUS","[, WorldBankProjection]"
"[USDollar]","[]","1997","[P1Y]","18","AmountPrincipalRepayment_Debt_OfficialCreditor_PubliclyGuaranteed_Multilateral_LongTermExternalDebt_LenderEasternSouthernAfricanTradeDevBank","[, WorldBankProjection]"
"[USDollar]","[]","1977","[P1Y]","10","AmountPrincipalRepayment_Debt_OfficialCreditor_PubliclyGuaranteed_LongTermExternalDebt_LenderEastAfricanCommunity","[]"
"[USDollar]","[]","2022","[P1Y]","7","AmountPrincipalRepayment_Debt_LongTermExternalDebt_LenderIslamicSolidarityFundforDev","[, WorldBankProjection]"
"[USDollar]","[]","1970","[P1Y]","96","AmountPrincipalRepayment_Debt_PubliclyGuaranteed_LongTermExternalDebt_LenderCountryAUT","[, WorldBankProjection]"
"[USDollar]","[]","1996","[P1Y]","7","AmountPrincipalRepayment_Debt_PubliclyGuaranteed_LongTermExternalDebt_LenderCountryLKA","[, WorldBankProjection]"
"[USDollar]","[]","1979","[P1Y]","6","AmountPrincipalRepayment_Debt_OfficialCreditor_PubliclyGuaranteed_Bilateral_LongTermExternalDebt_LenderCountryECU","[]"
"[USDollar]","[]","1980","[P1Y]","23","AmountPrincipalRepayment_Debt_OfficialCreditor_PubliclyGuaranteed_LongTermExternalDebt_LenderArabMonetaryFund","[, WorldBankProjection]"
"[USDollar]","[]","1982","[P1Y]","5","AmountPrincipalRepayment_Debt_PubliclyGuaranteed_LongTermExternalDebt_LenderCountryNIC","[]"
"[USDollar]","[]","2011","[P1Y]","5","AmountPrincipalRepayment_Debt_PrivateCreditor_PubliclyGuaranteed_CommercialBank_LongTermExternalDebt_LenderCountryAZE","[]"
"[USDollar]","[]","1973","[P1Y]","50","AmountPrincipalRepayment_Debt_OfficialCreditor_PubliclyGuaranteed_LongTermExternalDebt_LenderCountryLBY","[, WorldBankProjection]"
"[USDollar]","[]","1973","[P1Y]","6","AmountPrincipalRepayment_Debt_OfficialCreditor_PubliclyGuaranteed_Bilateral_LongTermExternalDebt_LenderCountryZMB","[]"
"[USDollar]","[]","1972","[P1Y]","11","AmountPrincipalRepayment_Debt_PubliclyGuaranteed_LongTermExternalDebt_LenderCountryTUN","[]"
"[USDollar]","[]","2014","[P1Y]","6","AmountPrincipalRepayment_Debt_LongTermExternalDebt_LenderBolivarianAlliancefortheAmericas","[, WorldBankProjection]"
"[USDollar]","[]","1974","[P1Y]","38","AmountPrincipalRepayment_Debt_PubliclyGuaranteed_LongTermExternalDebt_LenderCountryTUR","[, WorldBankProjection]"
"[USDollar]","[]","2002","[P1Y]","13","AmountPrincipalRepayment_Debt_OfficialCreditor_PubliclyGuaranteed_LongTermExternalDebt_LenderCountryNGA","[, WorldBankProjection]"
"[USDollar]","[]","1973","[P1Y]","11","AmountPrincipalRepayment_Debt_PubliclyGuaranteed_LongTermExternalDebt_LenderCountryJAM","[]"
"[USDollar]","[]","2017","[P1Y]","10","AmountPrincipalRepayment_Debt_OfficialCreditor_PubliclyGuaranteed_Multilateral_LongTermExternalDebt_LenderNewDevelopmentBank","[, WorldBankProjection]"
"[USDollar]","[]","2013","[P1Y]","6","AmountPrincipalRepayment_Debt_PrivateCreditor_PubliclyGuaranteed_LongTermExternalDebt_LenderCountryKNA","[, WorldBankProjection]"
"[USDollar]","[]","1981","[P1Y]","17","AmountPrincipalRepayment_Debt_PubliclyGuaranteed_LongTermExternalDebt_LenderWestAfricanDevelopmentBank","[, WorldBankProjection]"
"[USDollar]","[]","1976","[P1Y]","34","AmountPrincipalRepayment_Debt_OfficialCreditor_PubliclyGuaranteed_Bilateral_LongTermExternalDebt_LenderCountryVEN","[, WorldBankProjection]"
"[USDollar]","[]","1970","[P1Y]","11","AmountPrincipalRepayment_Debt_OfficialCreditor_PubliclyGuaranteed_Bilateral_LongTermExternalDebt_LenderCountryGHA","[]"
"[USDollar]","[]","1981","[P1Y]","17","AmountPrincipalRepayment_Debt_OfficialCreditor_PubliclyGuaranteed_Multilateral_LongTermExternalDebt_LenderWestAfricanDevelopmentBank","[, WorldBankProjection]"
"[USDollar]","[]","2004","[P1Y]","5","AmountPrincipalRepayment_Debt_PrivateCreditor_PubliclyGuaranteed_WorldBankOtherPrivate_LongTermExternalDebt_LenderCountryGIB","[]"
"[USDollar]","[]","1970","[P1Y]","42","AmountPrincipalRepayment_Debt_OfficialCreditor_PubliclyGuaranteed_LongTermExternalDebt_LenderCountryROU","[, WorldBankProjection]"
"[USDollar]","[]","1980","[P1Y]","11","AmountPrincipalRepayment_Debt_OfficialCreditor_PubliclyGuaranteed_LongTermExternalDebt_LenderCountryCRI","[]"
"[USDollar]","[]","1981","[P1Y]","9","AmountPrincipalRepayment_Debt_LongTermExternalDebt_LenderCountryHND","[, WorldBankProjection]"
"[USDollar]","[]","1980","[P1Y]","112","AmountPrincipalRepayment_Debt_PubliclyGuaranteed_LongTermExternalDebt_LenderOPECFundforInternationalDev","[, WorldBankProjection]"
"[USDollar]","[]","1975","[P1Y]","40","AmountPrincipalRepayment_Debt_OfficialCreditor_Concessional_PubliclyGuaranteed_Multilateral_LongTermExternalDebt_LenderAsianDevBank","[]"
"[USDollar]","[]","1975","[P1Y]","20","AmountPrincipalRepayment_Debt_LongTermExternalDebt_LenderCountryNZL","[]"
"[USDollar]","[]","1979","[P1Y]","15","AmountPrincipalRepayment_Debt_OfficialCreditor_PubliclyGuaranteed_LongTermExternalDebt_LenderCountryTTO","[, WorldBankProjection]"
"[USDollar]","[]","1979","[P1Y]","15","AmountPrincipalRepayment_Debt_PubliclyGuaranteed_LongTermExternalDebt_LenderCountryTTO","[, WorldBankProjection]"
"[USDollar]","[]","1977","[P1Y]","38","AmountPrincipalRepayment_Debt_PrivateCreditor_PubliclyGuaranteed_WorldBankOtherPrivate_LongTermExternalDebt_LenderCountryKOR","[, WorldBankProjection]"
"[USDollar]","[]","1970","[P1Y]","102","AmountPrincipalRepayment_Debt_PrivateCreditor_PubliclyGuaranteed_Bond_LongTermExternalDebt_LenderBondholders","[, WorldBankProjection]"
"[USDollar]","[]","2013","[P1Y]","6","AmountPrincipalRepayment_Debt_PrivateCreditor_PubliclyGuaranteed_LongTermExternalDebt_LenderCountryVCT","[, WorldBankProjection]"
"[USDollar]","[]","2020","[P1Y]","6","AmountPrincipalRepayment_Debt_OfficialCreditor_PubliclyGuaranteed_Multilateral_LongTermExternalDebt_LenderNordicEnvironmentFinanceCorporation","[, WorldBankProjection]"
"[USDollar]","[]","1992","[P1Y]","62","AmountPrincipalRepayment_Debt_PrivateNonGuaranteed_LongTermExternalDebt_LenderBondholders","[, WorldBankProjection]"
"[USDollar]","[]","1970","[P1Y]","56","AmountPrincipalRepayment_Debt_LongTermExternalDebt_LenderCountryFIN","[, WorldBankProjection]"
"[USDollar]","[]","2007","[P1Y]","10","AmountPrincipalRepayment_Debt_OfficialCreditor_PubliclyGuaranteed_Bilateral_LongTermExternalDebt_LenderCountryMUS","[]"
"[USDollar]","[]","1974","[P1Y]","8","AmountPrincipalRepayment_Debt_OfficialCreditor_PubliclyGuaranteed_LongTermExternalDebt_LenderWorldBankMIGA","[, WorldBankProjection]"
"[USDollar]","[]","1970","[P1Y]","43","AmountPrincipalRepayment_Debt_LongTermExternalDebt_LenderCountryLUX","[, WorldBankProjection]"
"[USDollar]","[]","1975","[P1Y]","15","AmountPrincipalRepayment_Debt_LongTermExternalDebt_LenderUNDevelopmentProgramme","[]"
"[USDollar]","[]","1970","[P1Y]","124","AmountPrincipalRepayment_Debt_LongTermExternalDebt_LenderCountryDEU","[, WorldBankProjection]"
"[USDollar]","[]","1970","[P1Y]","16","AmountPrincipalRepayment_Debt_PrivateCreditor_PubliclyGuaranteed_WorldBankOtherPrivate_LongTermExternalDebt_LenderCountryVEN","[]"
"[USDollar]","[]","1970","[P1Y]","10","AmountPrincipalRepayment_Debt_OfficialCreditor_PubliclyGuaranteed_LongTermExternalDebt_LenderEuropeanSocialFund","[, WorldBankProjection]"
"[USDollar]","[]","1971","[P1Y]","12","AmountPrincipalRepayment_Debt_OfficialCreditor_Concessional_PubliclyGuaranteed_Bilateral_LongTermExternalDebt_LenderGermanDemRep","[]"
"[USDollar]","[]","2001","[P1Y]","8","AmountPrincipalRepayment_Debt_PrivateCreditor_PubliclyGuaranteed_LongTermExternalDebt_LenderCountryZMB","[]"
"[USDollar]","[]","1970","[P1Y]","86","AmountPrincipalRepayment_Debt_OfficialCreditor_PubliclyGuaranteed_Bilateral_LongTermExternalDebt_LenderCountryCAN","[, WorldBankProjection]"
"[USDollar]","[]","1977","[P1Y]","41","AmountPrincipalRepayment_Debt_PrivateCreditor_PubliclyGuaranteed_LongTermExternalDebt_LenderCountryKOR","[, WorldBankProjection]"
"[USDollar]","[]","1970","[P1Y]","99","AmountPrincipalRepayment_Debt_OfficialCreditor_Concessional_PubliclyGuaranteed_Bilateral_LongTermExternalDebt_LenderCountryFRA","[, WorldBankProjection]"
"[USDollar]","[]","1970","[P1Y]","55","AmountPrincipalRepayment_Debt_PubliclyGuaranteed_LongTermExternalDebt_LenderCountryPOL","[, WorldBankProjection]"
"[USDollar]","[]","1989","[P1Y]","5","AmountPrincipalRepayment_Debt_OfficialCreditor_PubliclyGuaranteed_LongTermExternalDebt_LenderCountryTUN","[]"
"[USDollar]","[]","1989","[P1Y]","7","AmountPrincipalRepayment_Debt_OfficialCreditor_PubliclyGuaranteed_Multilateral_LongTermExternalDebt_LenderEconCommoftheGreatLakesCountries","[]"
"[USDollar]","[]","1970","[P1Y]","99","AmountPrincipalRepayment_Debt_LongTermExternalDebt_LenderCountryBEL","[, WorldBankProjection]"
"[USDollar]","[]","1977","[P1Y]","83","AmountPrincipalRepayment_Debt_PubliclyGuaranteed_LongTermExternalDebt_LenderCountryARE","[, WorldBankProjection]"
"[USDollar]","[]","1970","[P1Y]","35","AmountPrincipalRepayment_Debt_LongTermExternalDebt_LenderInternationalFinanceCorporation","[, WorldBankProjection]"
"[USDollar]","[]","1985","[P1Y]","35","AmountPrincipalRepayment_Debt_OfficialCreditor_PubliclyGuaranteed_Multilateral_LongTermExternalDebt_LenderNordicInvestmentBank","[, WorldBankProjection]"
"[USDollar]","[]","2006","[P1Y]","7","AmountPrincipalRepayment_Debt_OfficialCreditor_PubliclyGuaranteed_LongTermExternalDebt_LenderCountryJAM","[]"
"[USDollar]","[]","1970","[P1Y]","37","AmountPrincipalRepayment_Debt_PubliclyGuaranteed_LongTermExternalDebt_LenderCountryARG","[]"
"[USDollar]","[]","1993","[P1Y]","16","AmountPrincipalRepayment_Debt_OfficialCreditor_Concessional_PubliclyGuaranteed_Bilateral_LongTermExternalDebt_LenderCountryHUN","[, WorldBankProjection]"
"[USDollar]","[]","1970","[P1Y]","59","AmountPrincipalRepayment_Debt_OfficialCreditor_PubliclyGuaranteed_LongTermExternalDebt_LenderAfricanDevBank","[, WorldBankProjection]"
"[USDollar]","[]","1970","[P1Y]","21","AmountPrincipalRepayment_Debt_PrivateCreditor_PubliclyGuaranteed_LongTermExternalDebt_LenderCountryVEN","[]"
"[USDollar]","[]","1981","[P1Y]","36","AmountPrincipalRepayment_Debt_OfficialCreditor_PubliclyGuaranteed_LongTermExternalDebt_LenderCountryTUR","[, WorldBankProjection]"
"[USDollar]","[]","1970","[P1Y]","83","AmountPrincipalRepayment_Debt_OfficialCreditor_PubliclyGuaranteed_Bilateral_LongTermExternalDebt_LenderCountryIND","[, WorldBankProjection]"
"[USDollar]","[]","2003","[P1Y]","8","AmountPrincipalRepayment_Debt_PubliclyGuaranteed_LongTermExternalDebt_LenderCountryARM","[, WorldBankProjection]"
"[USDollar]","[]","2017","[P1Y]","7","AmountPrincipalRepayment_Debt_PrivateCreditor_PubliclyGuaranteed_LongTermExternalDebt_LenderCountryECU","[]"
"[USDollar]","[]","1976","[P1Y]","16","AmountPrincipalRepayment_Debt_OfficialCreditor_PubliclyGuaranteed_LongTermExternalDebt_LenderCaribbeanDevBank","[, WorldBankProjection]"
"[USDollar]","[]","2010","[P1Y]","11","AmountPrincipalRepayment_Debt_LongTermExternalDebt_LenderECOTradeandDevBank","[, WorldBankProjection]"
"[USDollar]","[]","1970","[P1Y]","11","AmountPrincipalRepayment_Debt_LongTermExternalDebt_LenderCountrySEN","[]"
"[USDollar]","[]","1970","[P1Y]","25","AmountPrincipalRepayment_Debt_LongTermExternalDebt_LenderCountryQAT","[, WorldBankProjection]"
"[USDollar]","[]","1970","[P1Y]","121","AmountPrincipalRepayment_Debt_LongTermExternalDebt_LenderEuropeanInvestmentBank","[, WorldBankProjection]"
"[USDollar]","[]","2012","[P1Y]","11","AmountPrincipalRepayment_Debt_PubliclyGuaranteed_LongTermExternalDebt_LenderWorldTradeOrganization","[, WorldBankProjection]"
"[USDollar]","[]","1986","[P1Y]","19","AmountPrincipalRepayment_Debt_PubliclyGuaranteed_LongTermExternalDebt_LenderCountryCUB","[]"
"[USDollar]","[]","2005","[P1Y]","8","AmountPrincipalRepayment_Debt_LongTermExternalDebt_LenderCountryBDI","[]"
"[USDollar]","[]","1970","[P1Y]","46","AmountPrincipalRepayment_Debt_PrivateCreditor_PubliclyGuaranteed_WorldBankOtherPrivate_LongTermExternalDebt_LenderCountryCAN","[]"
"[USDollar]","[]","2004","[P1Y]","5","AmountPrincipalRepayment_Debt_PrivateCreditor_PubliclyGuaranteed_LongTermExternalDebt_LenderCountryGIB","[]"
"[USDollar]","[]","1986","[P1Y]","19","AmountPrincipalRepayment_Debt_OfficialCreditor_PubliclyGuaranteed_LongTermExternalDebt_LenderCountryCUB","[]"
"[USDollar]","[]","1970","[P1Y]","105","AmountPrincipalRepayment_Debt_LongTermExternalDebt_LenderWorldBankIBRD","[, WorldBankProjection]"
"[USDollar]","[]","1971","[P1Y]","54","AmountPrincipalRepayment_Debt_OfficialCreditor_Concessional_PubliclyGuaranteed_Bilateral_LongTermExternalDebt_LenderCountryDNK","[, WorldBankProjection]"
"[USDollar]","[]","1970","[P1Y]","102","AmountPrincipalRepayment_Debt_PrivateCreditor_PubliclyGuaranteed_Bond_LongTermExternalDebt","[, WorldBankProjection]"
"[USDollar]","[]","1985","[P1Y]","35","AmountPrincipalRepayment_Debt_PubliclyGuaranteed_LongTermExternalDebt_LenderNordicInvestmentBank","[, WorldBankProjection]"
"[USDollar]","[]","1970","[P1Y]","36","AmountPrincipalRepayment_Debt_PrivateCreditor_PubliclyGuaranteed_WorldBankOtherPrivate_LongTermExternalDebt_LenderCountryIND","[, WorldBankProjection]"
"[USDollar]","[]","2013","[P1Y]","7","AmountPrincipalRepayment_Debt_PrivateCreditor_PubliclyGuaranteed_CommercialBank_LongTermExternalDebt_LenderCountryLCA","[, WorldBankProjection]"
"[USDollar]","[]","1978","[P1Y]","7","AmountPrincipalRepayment_Debt_PrivateCreditor_PubliclyGuaranteed_CommercialBank_LongTermExternalDebt_LenderCountryNGA","[]"
"[USDollar]","[]","1975","[P1Y]","10","AmountPrincipalRepayment_Debt_OfficialCreditor_PubliclyGuaranteed_Bilateral_LongTermExternalDebt_LenderCountryPER","[]"
"[USDollar]","[]","1978","[P1Y]","19","AmountPrincipalRepayment_Debt_OfficialCreditor_Concessional_PubliclyGuaranteed_Multilateral_LongTermExternalDebt_LenderArabFundforEconomicSocialDevelopment","[]"
"[USDollar]","[]","1976","[P1Y]","37","AmountPrincipalRepayment_Debt_LongTermExternalDebt_LenderCountryHKG","[, WorldBankProjection]"
"[USDollar]","[]","1996","[P1Y]","11","AmountPrincipalRepayment_Debt_OfficialCreditor_PubliclyGuaranteed_LongTermExternalDebt_LenderCountryCMR","[, WorldBankProjection]"
"[USDollar]","[]","1978","[P1Y]","7","AmountPrincipalRepayment_Debt_OfficialCreditor_PubliclyGuaranteed_LongTermExternalDebt_LenderCountryGUY","[]"
"[USDollar]","[]","1970","[P1Y]","21","AmountPrincipalRepayment_Debt_PrivateCreditor_PubliclyGuaranteed_LongTermExternalDebt_LenderCountryMEX","[]"
"[USDollar]","[]","1974","[P1Y]","6","AmountPrincipalRepayment_Debt_PrivateCreditor_PubliclyGuaranteed_CommercialBank_LongTermExternalDebt_LenderCountryLBN","[]"
"[USDollar]","[]","1970","[P1Y]","49","AmountPrincipalRepayment_Debt_PrivateCreditor_PubliclyGuaranteed_LongTermExternalDebt_LenderCountrySRB","[]"
"[USDollar]","[]","2005","[P1Y]","20","AmountPrincipalRepayment_Debt_OfficialCreditor_PubliclyGuaranteed_Multilateral_LongTermExternalDebt_LenderEuropeanUnion","[, WorldBankProjection]"
"[USDollar]","[]","1976","[P1Y]","6","AmountPrincipalRepayment_Debt_OfficialCreditor_PubliclyGuaranteed_LongTermExternalDebt_LenderUNHighCommissionerforRefugees","[]"
"[USDollar]","[]","1995","[P1Y]","10","AmountPrincipalRepayment_Debt_OfficialCreditor_PubliclyGuaranteed_Multilateral_LongTermExternalDebt_LenderEuropeanReliefFund","[, WorldBankProjection]"
"[USDollar]","[]","1986","[P1Y]","12","AmountPrincipalRepayment_Debt_PrivateCreditor_PubliclyGuaranteed_CommercialBank_LongTermExternalDebt_LenderCountryLBR","[]"
"[USDollar]","[]","1984","[P1Y]","9","AmountPrincipalRepayment_Debt_OfficialCreditor_PubliclyGuaranteed_Bilateral_LongTermExternalDebt_LenderCountryGTM","[]"
"[USDollar]","[]","1993","[P1Y]","9","AmountPrincipalRepayment_Debt_PrivateCreditor_PubliclyGuaranteed_CommercialBank_LongTermExternalDebt_LenderCountryLBY","[]"
"[USDollar]","[]","1981","[P1Y]","9","AmountPrincipalRepayment_Debt_OfficialCreditor_PubliclyGuaranteed_LongTermExternalDebt_LenderPlataBasinFinancialDevFund","[, WorldBankProjection]"
"[USDollar]","[]","1999","[P1Y]","5","AmountPrincipalRepayment_Debt_LongTermExternalDebt_LenderBankforInternationalSettlements","[]"
"[USDollar]","[]","2001","[P1Y]","7","AmountPrincipalRepayment_Debt_PrivateCreditor_PubliclyGuaranteed_LongTermExternalDebt_LenderCountryKAZ","[]"
"[USDollar]","[]","1975","[P1Y]","8","AmountPrincipalRepayment_Debt_PubliclyGuaranteed_LongTermExternalDebt_LenderCountryPHL","[]"
"[USDollar]","[]","1978","[P1Y]","7","AmountPrincipalRepayment_Debt_OfficialCreditor_PubliclyGuaranteed_Bilateral_LongTermExternalDebt_LenderCountryGUY","[]"
"[USDollar]","[]","1994","[P1Y]","51","AmountPrincipalRepayment_Debt_OfficialCreditor_PubliclyGuaranteed_Multilateral_LongTermExternalDebt_LenderNordicDevelopmentFund","[, WorldBankProjection]"
"[USDollar]","[]","1972","[P1Y]","8","AmountPrincipalRepayment_Debt_PubliclyGuaranteed_LongTermExternalDebt_LenderCountryCOD","[]"
"[USDollar]","[]","2013","[P1Y]","13","AmountPrincipalRepayment_Debt_PubliclyGuaranteed_LongTermExternalDebt_LenderCountryCOG","[, WorldBankProjection]"
"[USDollar]","[]","1984","[P1Y]","16","AmountPrincipalRepayment_Debt_PrivateCreditor_PubliclyGuaranteed_WorldBankOtherPrivate_LongTermExternalDebt_LenderCountryEGY","[, WorldBankProjection]"
"[USDollar]","[]","1972","[P1Y]","8","AmountPrincipalRepayment_Debt_OfficialCreditor_PubliclyGuaranteed_LongTermExternalDebt_LenderCountryCOD","[]"
"[USDollar]","[]","1970","[P1Y]","14","AmountPrincipalRepayment_Debt_PubliclyGuaranteed_LongTermExternalDebt_LenderCountryCOL","[]"
"[USDollar]","[]","1975","[P1Y]","60","AmountPrincipalRepayment_Debt_OfficialCreditor_Concessional_PubliclyGuaranteed_Bilateral_LongTermExternalDebt_LenderCountrySAU","[, WorldBankProjection]"
"[USDollar]","[]","1996","[P1Y]","11","AmountPrincipalRepayment_Debt_OfficialCreditor_PubliclyGuaranteed_Bilateral_LongTermExternalDebt_LenderCountryCMR","[, WorldBankProjection]"
"[USDollar]","[]","2013","[P1Y]","13","AmountPrincipalRepayment_Debt_OfficialCreditor_PubliclyGuaranteed_LongTermExternalDebt_LenderCountryCOG","[, WorldBankProjection]"
"[USDollar]","[]","1971","[P1Y]","94","AmountPrincipalRepayment_Debt_OfficialCreditor_Concessional_PubliclyGuaranteed_Bilateral_LongTermExternalDebt_LenderCountryJPN","[, WorldBankProjection]"
"[USDollar]","[]","1970","[P1Y]","91","AmountPrincipalRepayment_Debt_PubliclyGuaranteed_LongTermExternalDebt_LenderCountryESP","[, WorldBankProjection]"
"[USDollar]","[]","1970","[P1Y]","49","AmountPrincipalRepayment_Debt_PrivateCreditor_PubliclyGuaranteed_LongTermExternalDebt_LenderCountryBRA","[, WorldBankProjection]"
"[USDollar]","[]","2017","[P1Y]","10","AmountPrincipalRepayment_Debt_PubliclyGuaranteed_LongTermExternalDebt_LenderNewDevelopmentBank","[, WorldBankProjection]"
"[USDollar]","[]","1982","[P1Y]","5","AmountPrincipalRepayment_Debt_PrivateCreditor_PubliclyGuaranteed_CommercialBank_LongTermExternalDebt_LenderCountryNIC","[]"
"[USDollar]","[]","1972","[P1Y]","21","AmountPrincipalRepayment_Debt_PrivateCreditor_PubliclyGuaranteed_WorldBankOtherPrivate_LongTermExternalDebt_LenderCountryIRL","[, WorldBankProjection]"
"[USDollar]","[]","1981","[P1Y]","7","AmountPrincipalRepayment_Debt_PrivateCreditor_PubliclyGuaranteed_LongTermExternalDebt_LenderCountryBRB","[, WorldBankProjection]"
"[USDollar]","[]","1979","[P1Y]","8","AmountPrincipalRepayment_Debt_PrivateCreditor_PubliclyGuaranteed_CommercialBank_LongTermExternalDebt_LenderGermanDemRep","[]"
"[USDollar]","[]","1989","[P1Y]","5","AmountPrincipalRepayment_Debt_PrivateCreditor_PubliclyGuaranteed_CommercialBank_LongTermExternalDebt_LenderCountryTUN","[]"
"[USDollar]","[]","1970","[P1Y]","10","AmountPrincipalRepayment_Debt_OfficialCreditor_PubliclyGuaranteed_LongTermExternalDebt_LenderCountryCOL","[]"
"[USDollar]","[]","1978","[P1Y]","14","AmountPrincipalRepayment_Debt_PubliclyGuaranteed_LongTermExternalDebt_LenderCountryNGA","[, WorldBankProjection]"
"[USDollar]","[]","1970","[P1Y]","84","AmountPrincipalRepayment_Debt_OfficialCreditor_PubliclyGuaranteed_LongTermExternalDebt_LenderCountryESP","[, WorldBankProjection]"
"[USDollar]","[]","2013","[P1Y]","7","AmountPrincipalRepayment_Debt_PubliclyGuaranteed_LongTermExternalDebt_LenderCountryLCA","[, WorldBankProjection]"
"[USDollar]","[]","1970","[P1Y]","126","AmountPrincipalRepayment_Debt_PrivateCreditor_PubliclyGuaranteed_WorldBankOtherPrivate_LongTermExternalDebt","[, WorldBankProjection]"
"[USDollar]","[]","1977","[P1Y]","12","AmountPrincipalRepayment_Debt_PrivateCreditor_PubliclyGuaranteed_WorldBankOtherPrivate_LongTermExternalDebt_LenderCountryTHA","[]"
"[USDollar]","[]","1988","[P1Y]","9","AmountPrincipalRepayment_Debt_PrivateCreditor_PubliclyGuaranteed_CommercialBank_LongTermExternalDebt_LenderCountryTUR","[]"
"[USDollar]","[]","1973","[P1Y]","7","AmountPrincipalRepayment_Debt_PrivateCreditor_PubliclyGuaranteed_CommercialBank_LongTermExternalDebt_LenderCountryJAM","[]"
"[USDollar]","[]","1982","[P1Y]","16","AmountPrincipalRepayment_Debt_OfficialCreditor_PubliclyGuaranteed_LongTermExternalDebt_LenderDevBankoftheCentralAfricanStates","[, WorldBankProjection]"
"[USDollar]","[]","1970","[P1Y]","51","AmountPrincipalRepayment_Debt_PubliclyGuaranteed_LongTermExternalDebt_LenderCountryROU","[, WorldBankProjection]"
"[USDollar]","[]","1970","[P1Y]","32","AmountPrincipalRepayment_Debt_PrivateCreditor_PubliclyGuaranteed_LongTermExternalDebt_LenderCountryZAF","[, WorldBankProjection]"
"[USDollar]","[]","2000","[P1Y]","5","AmountPrincipalRepayment_Debt_PrivateCreditor_PubliclyGuaranteed_LongTermExternalDebt_LenderCountryBRN","[]"
"[USDollar]","[]","1980","[P1Y]","11","AmountPrincipalRepayment_Debt_PubliclyGuaranteed_LongTermExternalDebt_LenderCountryCRI","[]"
"[USDollar]","[]","1973","[P1Y]","11","AmountPrincipalRepayment_Debt_OfficialCreditor_PubliclyGuaranteed_Multilateral_LongTermExternalDebt_LenderWestAfricanMonetaryUnion","[]"
"[USDollar]","[]","1973","[P1Y]","11","AmountPrincipalRepayment_Debt_LongTermExternalDebt_LenderWestAfricanMonetaryUnion","[]"
"[USDollar]","[]","1997","[P1Y]","13","AmountPrincipalRepayment_Debt_OfficialCreditor_Concessional_PubliclyGuaranteed_Multilateral_LongTermExternalDebt_LenderMultipleLenders","[]"
"[USDollar]","[]","1995","[P1Y]","10","AmountPrincipalRepayment_Debt_PubliclyGuaranteed_LongTermExternalDebt_LenderEuropeanReliefFund","[, WorldBankProjection]"
"[USDollar]","[]","1980","[P1Y]","14","AmountPrincipalRepayment_Debt_PubliclyGuaranteed_LongTermExternalDebt_LenderCountryCPV","[]"
"[USDollar]","[]","1994","[P1Y]","5","AmountPrincipalRepayment_Debt_LongTermExternalDebt_LenderInternationalInvestmentBank","[]"
"[USDollar]","[]","1994","[P1Y]","8","AmountPrincipalRepayment_Debt_PrivateCreditor_PubliclyGuaranteed_WorldBankOtherPrivate_LongTermExternalDebt_LenderCountryMYS","[]"
"[USDollar]","[]","1985","[P1Y]","12","AmountPrincipalRepayment_Debt_PrivateCreditor_PubliclyGuaranteed_CommercialBank_LongTermExternalDebt_LenderCountryTTO","[, WorldBankProjection]"
"[USDollar]","[]","2013","[P1Y]","13","AmountPrincipalRepayment_Debt_OfficialCreditor_PubliclyGuaranteed_Bilateral_LongTermExternalDebt_LenderCountryCOG","[, WorldBankProjection]"
"[USDollar]","[]","1980","[P1Y]","13","AmountPrincipalRepayment_Debt_OfficialCreditor_PubliclyGuaranteed_LongTermExternalDebt_LenderCountryCPV","[]"
"[USDollar]","[]","1972","[P1Y]","8","AmountPrincipalRepayment_Debt_OfficialCreditor_PubliclyGuaranteed_Bilateral_LongTermExternalDebt_LenderCountryCOD","[]"
"[USDollar]","[]","1999","[P1Y]","5","AmountPrincipalRepayment_Debt_OfficialCreditor_PubliclyGuaranteed_LongTermExternalDebt_LenderBankforInternationalSettlements","[]"
"[USDollar]","[]","1970","[P1Y]","95","AmountPrincipalRepayment_Debt_LongTermExternalDebt_LenderCountrySAU","[, WorldBankProjection]"
"[USDollar]","[]","1970","[P1Y]","114","AmountPrincipalRepayment_Debt_LongTermExternalDebt_LenderCountryJPN","[, WorldBankProjection]"
"[USDollar]","[]","1985","[P1Y]","9","AmountPrincipalRepayment_Debt_LongTermExternalDebt_LenderCountryJOR","[]"
"[USDollar]","[]","1970","[P1Y]","59","AmountPrincipalRepayment_Debt_PubliclyGuaranteed_LongTermExternalDebt_LenderAfricanDevBank","[, WorldBankProjection]"
"[USDollar]","[]","1981","[P1Y]","6","AmountPrincipalRepayment_Debt_PrivateCreditor_PubliclyGuaranteed_CommercialBank_LongTermExternalDebt_LenderCountryROU","[]"
"[USDollar]","[]","1970","[P1Y]","16","AmountPrincipalRepayment_Debt_PubliclyGuaranteed_LongTermExternalDebt_LenderCountryLBN","[]"
"[USDollar]","[]","1970","[P1Y]","10","AmountPrincipalRepayment_Debt_OfficialCreditor_PubliclyGuaranteed_Bilateral_LongTermExternalDebt_LenderCountryCOL","[]"
"[USDollar]","[]","1994","[P1Y]","51","AmountPrincipalRepayment_Debt_LongTermExternalDebt_LenderNordicDevelopmentFund","[, WorldBankProjection]"
"[USDollar]","[]","1970","[P1Y]","13","AmountPrincipalRepayment_Debt_LongTermExternalDebt_LenderNethAntilles","[]"
"[USDollar]","[]","1982","[P1Y]","13","AmountPrincipalRepayment_Debt_PubliclyGuaranteed_LongTermExternalDebt_LenderCountryLBR","[]"
"[USDollar]","[]","1970","[P1Y]","84","AmountPrincipalRepayment_Debt_OfficialCreditor_PubliclyGuaranteed_Bilateral_LongTermExternalDebt_LenderCountryESP","[, WorldBankProjection]"
"[USDollar]","[]","1970","[P1Y]","7","AmountPrincipalRepayment_Debt_OfficialCreditor_PubliclyGuaranteed_LongTermExternalDebt_LenderCountryLBN","[]"
"[USDollar]","[]","2012","[P1Y]","31","AmountPrincipalRepayment_Debt_PubliclyGuaranteed_LongTermExternalDebt_LenderAfricanExportImportBank","[, WorldBankProjection]"
"[USDollar]","[]","1985","[P1Y]","11","AmountPrincipalRepayment_Debt_OfficialCreditor_PubliclyGuaranteed_LongTermExternalDebt_LenderOrgofArabPetroleumExportingCountries","[]"
"[USDollar]","[]","1973","[P1Y]","51","AmountPrincipalRepayment_Debt_PubliclyGuaranteed_LongTermExternalDebt_LenderCountryLBY","[, WorldBankProjection]"
"[USDollar]","[]","1999","[P1Y]","8","AmountPrincipalRepayment_Debt_PrivateCreditor_PubliclyGuaranteed_LongTermExternalDebt_LenderCountryOMN","[]"
"[USDollar]","[]","1979","[P1Y]","20","AmountPrincipalRepayment_Debt_OfficialCreditor_PubliclyGuaranteed_Bilateral_LongTermExternalDebt_LenderCountryPAK","[, WorldBankProjection]"
"[USDollar]","[]","1983","[P1Y]","5","AmountPrincipalRepayment_Debt_PrivateCreditor_PubliclyGuaranteed_WorldBankOtherPrivate_LongTermExternalDebt_LenderCountryCHL","[]"
"[USDollar]","[]","1982","[P1Y]","16","AmountPrincipalRepayment_Debt_PubliclyGuaranteed_LongTermExternalDebt_LenderCountryAGO","[, WorldBankProjection]"
"[USDollar]","[]","1980","[P1Y]","12","AmountPrincipalRepayment_Debt_PrivateCreditor_PubliclyGuaranteed_CommercialBank_LongTermExternalDebt_LenderCountryPOL","[]"
"[USDollar]","[]","1970","[P1Y]","43","AmountPrincipalRepayment_Debt_PrivateCreditor_PubliclyGuaranteed_LongTermExternalDebt_LenderCountrySUN","[]"
"[USDollar]","[]","1984","[P1Y]","41","AmountPrincipalRepayment_Debt_PrivateCreditor_PubliclyGuaranteed_WorldBankOtherPrivate_LongTermExternalDebt_LenderCountryCHN","[, WorldBankProjection]"
"[USDollar]","[]","1983","[P1Y]","7","AmountPrincipalRepayment_Debt_OfficialCreditor_PubliclyGuaranteed_Bilateral_LongTermExternalDebt_LenderCountryPAN","[]"
"[USDollar]","[]","1970","[P1Y]","9","AmountPrincipalRepayment_Debt_OfficialCreditor_PubliclyGuaranteed_LongTermExternalDebt_LenderEUROFIMA","[, WorldBankProjection]"
"[USDollar]","[]","2013","[P1Y]","12","AmountPrincipalRepayment_Debt_PubliclyGuaranteed_LongTermExternalDebt_LenderUNGeneralAssembly","[, WorldBankProjection]"
"[USDollar]","[]","1970","[P1Y]","14","AmountPrincipalRepayment_Debt_PrivateCreditor_PubliclyGuaranteed_CommercialBank_LongTermExternalDebt_LenderCountryARG","[]"
"[USDollar]","[]","1986","[P1Y]","48","AmountPrincipalRepayment_Debt_OfficialCreditor_Concessional_PubliclyGuaranteed_Multilateral_LongTermExternalDebt_LenderEuropeanEconomicCommunity","[]"
"[USDollar]","[]","1978","[P1Y]","32","AmountPrincipalRepayment_Debt_PrivateCreditor_PubliclyGuaranteed_CommercialBank_LongTermExternalDebt_LenderCountryARE","[, WorldBankProjection]"
"[USDollar]","[]","2004","[P1Y]","8","AmountPrincipalRepayment_Debt_OfficialCreditor_PubliclyGuaranteed_LongTermExternalDebt_LenderCountryZWE","[]"
"[USDollar]","[]","1970","[P1Y]","95","AmountPrincipalRepayment_Debt_OfficialCreditor_PubliclyGuaranteed_Bilateral_LongTermExternalDebt_LenderCountryITA","[, WorldBankProjection]"
"[USDollar]","[]","1995","[P1Y]","8","AmountPrincipalRepayment_Debt_OfficialCreditor_PubliclyGuaranteed_LongTermExternalDebt_LenderCountryTKM","[]"
"[USDollar]","[]","2012","[P1Y]","31","AmountPrincipalRepayment_Debt_OfficialCreditor_PubliclyGuaranteed_Multilateral_LongTermExternalDebt_LenderAfricanExportImportBank","[, WorldBankProjection]"
"[USDollar]","[]","1972","[P1Y]","13","AmountPrincipalRepayment_Debt_OfficialCreditor_PubliclyGuaranteed_LongTermExternalDebt_LenderCountryCIV","[]"
"[USDollar]","[]","1970","[P1Y]","70","AmountPrincipalRepayment_Debt_OfficialCreditor_PubliclyGuaranteed_Bilateral_LongTermExternalDebt_LenderCountryCHE","[, WorldBankProjection]"
"[USDollar]","[]","1975","[P1Y]","14","AmountPrincipalRepayment_Debt_PubliclyGuaranteed_LongTermExternalDebt_LenderCountryPER","[]"
"[USDollar]","[]","1980","[P1Y]","12","AmountPrincipalRepayment_Debt_PrivateCreditor_PubliclyGuaranteed_LongTermExternalDebt_LenderCountryKEN","[]"
"[USDollar]","[]","1970","[P1Y]","123","AmountPrincipalRepayment_Debt_OfficialCreditor_PubliclyGuaranteed_Bilateral_LongTermExternalDebt_LenderCountryCHN","[, WorldBankProjection]"
"[USDollar]","[]","1970","[P1Y]","15","AmountPrincipalRepayment_Debt_OfficialCreditor_PubliclyGuaranteed_LongTermExternalDebt_LenderCountryGRC","[, WorldBankProjection]"
"[USDollar]","[]","1984","[P1Y]","9","AmountPrincipalRepayment_Debt_PubliclyGuaranteed_LongTermExternalDebt_LenderCountryGTM","[]"
"[USDollar]","[]","2012","[P1Y]","11","AmountPrincipalRepayment_Debt_OfficialCreditor_PubliclyGuaranteed_LongTermExternalDebt_LenderWorldTradeOrganization","[, WorldBankProjection]"
"[USDollar]","[]","2012","[P1Y]","31","AmountPrincipalRepayment_Debt_OfficialCreditor_PubliclyGuaranteed_LongTermExternalDebt_LenderAfricanExportImportBank","[, WorldBankProjection]"
"[USDollar]","[]","1990","[P1Y]","5","AmountPrincipalRepayment_Debt_PrivateCreditor_PubliclyGuaranteed_WorldBankOtherPrivate_LongTermExternalDebt_LenderCountryISL","[]"
"[USDollar]","[]","1994","[P1Y]","31","AmountPrincipalRepayment_Debt_OfficialCreditor_PubliclyGuaranteed_Multilateral_LongTermExternalDebt_LenderEuropeanBankforReconstructionandDev","[, WorldBankProjection]"
"[USDollar]","[]","1971","[P1Y]","24","AmountPrincipalRepayment_Debt_PrivateCreditor_PubliclyGuaranteed_WorldBankOtherPrivate_LongTermExternalDebt_LenderCountryKWT","[, WorldBankProjection]"
"[USDollar]","[]","1970","[P1Y]","40","AmountPrincipalRepayment_Debt_PrivateCreditor_PubliclyGuaranteed_WorldBankOtherPrivate_LongTermExternalDebt_LenderCountryISR","[, WorldBankProjection]"
"[USDollar]","[]","2014","[P1Y]","7","AmountPrincipalRepayment_Debt_OfficialCreditor_Concessional_PubliclyGuaranteed_Multilateral_LongTermExternalDebt_LenderEconomicCommunityofWestAfricanStates","[]"
"[USDollar]","[]","1999","[P1Y]","7","AmountPrincipalRepayment_Debt_PrivateCreditor_PubliclyGuaranteed_LongTermExternalDebt_LenderCountrySVK","[]"
"[USDollar]","[]","2003","[P1Y]","7","AmountPrincipalRepayment_Debt_PrivateCreditor_PubliclyGuaranteed_LongTermExternalDebt_LenderCountrySVN","[, WorldBankProjection]"
"[USDollar]","[]","1981","[P1Y]","9","AmountPrincipalRepayment_Debt_PubliclyGuaranteed_LongTermExternalDebt_LenderPlataBasinFinancialDevFund","[, WorldBankProjection]"
"[USDollar]","[]","2012","[P1Y]","9","AmountPrincipalRepayment_Debt_OfficialCreditor_PubliclyGuaranteed_Bilateral_LongTermExternalDebt_LenderCountryVNM","[, WorldBankProjection]"
"[USDollar]","[]","1970","[P1Y]","67","AmountPrincipalRepayment_Debt_PrivateCreditor_PubliclyGuaranteed_LongTermExternalDebt_LenderCountrySWE","[, WorldBankProjection]"
"[USDollar]","[]","2004","[P1Y]","8","AmountPrincipalRepayment_Debt_OfficialCreditor_PubliclyGuaranteed_Bilateral_LongTermExternalDebt_LenderCountryZWE","[]"
"[USDollar]","[]","2005","[P1Y]","20","AmountPrincipalRepayment_Debt_OfficialCreditor_PubliclyGuaranteed_LongTermExternalDebt_LenderEuropeanUnion","[, WorldBankProjection]"
"[USDollar]","[]","1970","[P1Y]","88","AmountPrincipalRepayment_Debt_PrivateCreditor_PubliclyGuaranteed_WorldBankOtherPrivate_LongTermExternalDebt_LenderCountryITA","[, WorldBankProjection]"
"[USDollar]","[]","1982","[P1Y]","16","AmountPrincipalRepayment_Debt_LongTermExternalDebt_LenderDevBankoftheCentralAfricanStates","[, WorldBankProjection]"
"[USDollar]","[]","1970","[P1Y]","32","AmountPrincipalRepayment_Debt_PrivateCreditor_PubliclyGuaranteed_WorldBankOtherPrivate_LongTermExternalDebt_LenderCountryPAN","[, WorldBankProjection]"
"[USDollar]","[]","1975","[P1Y]","12","AmountPrincipalRepayment_Debt_PrivateCreditor_PubliclyGuaranteed_WorldBankOtherPrivate_LongTermExternalDebt_LenderCountryPAK","[]"
"[USDollar]","[]","1976","[P1Y]","13","AmountPrincipalRepayment_Debt_OfficialCreditor_PubliclyGuaranteed_LongTermExternalDebt_LenderEntenteCouncil","[]"
"[USDollar]","[]","2018","[P1Y]","11","AmountPrincipalRepayment_Debt_OfficialCreditor_Concessional_PubliclyGuaranteed_Bilateral_LongTermExternalDebt_LenderCountryQAT","[, WorldBankProjection]"
"[USDollar]","[]","1970","[P1Y]","134","AmountPrincipalRepayment_Debt_OfficialCreditor_PubliclyGuaranteed_Bilateral_LongTermExternalDebt","[, WorldBankProjection]"
"[USDollar]","[]","1970","[P1Y]","75","AmountPrincipalRepayment_Debt_PrivateCreditor_PubliclyGuaranteed_WorldBankOtherPrivate_LongTermExternalDebt_LenderCountryCHE","[, WorldBankProjection]"
"[USDollar]","[]","1970","[P1Y]","15","AmountPrincipalRepayment_Debt_OfficialCreditor_PubliclyGuaranteed_Bilateral_LongTermExternalDebt_LenderCountryGRC","[, WorldBankProjection]"
"[USDollar]","[]","1982","[P1Y]","19","AmountPrincipalRepayment_Debt_OfficialCreditor_Concessional_PubliclyGuaranteed_Bilateral_LongTermExternalDebt_LenderCountryFIN","[]"
"[USDollar]","[]","1996","[P1Y]","11","AmountPrincipalRepayment_Debt_PubliclyGuaranteed_LongTermExternalDebt_LenderCountryCMR","[, WorldBankProjection]"
"[USDollar]","[]","1999","[P1Y]","9","AmountPrincipalRepayment_Debt_OfficialCreditor_Concessional_PubliclyGuaranteed_Bilateral_LongTermExternalDebt_LenderCountryLUX","[]"
"[USDollar]","[]","1972","[P1Y]","13","AmountPrincipalRepayment_Debt_OfficialCreditor_PubliclyGuaranteed_Bilateral_LongTermExternalDebt_LenderCountryCIV","[]"
"[USDollar]","[]","1978","[P1Y]","7","AmountPrincipalRepayment_Debt_PubliclyGuaranteed_LongTermExternalDebt_LenderCountryGUY","[]"
"[USDollar]","[]","1971","[P1Y]","90","AmountPrincipalRepayment_Debt_OfficialCreditor_Concessional_PubliclyGuaranteed_Bilateral_LongTermExternalDebt_LenderCountryDEU","[, WorldBankProjection]"
"[USDollar]","[]","1973","[P1Y]","11","AmountPrincipalRepayment_Debt_OfficialCreditor_PubliclyGuaranteed_LongTermExternalDebt_LenderWestAfricanMonetaryUnion","[]"
"[USDollar]","[]","1991","[P1Y]","23","AmountPrincipalRepayment_Debt_PrivateCreditor_PubliclyGuaranteed_CommercialBank_LongTermExternalDebt_LenderCountryRUS","[, WorldBankProjection]"
"[USDollar]","[]","1970","[P1Y]","10","AmountPrincipalRepayment_Debt_PrivateCreditor_PubliclyGuaranteed_LongTermExternalDebt_LenderCountryDZA","[]"
"[USDollar]","[]","1984","[P1Y]","13","AmountPrincipalRepayment_Debt_LongTermExternalDebt_LenderArabLeague","[]"
"[USDollar]","[]","1982","[P1Y]","16","AmountPrincipalRepayment_Debt_OfficialCreditor_PubliclyGuaranteed_LongTermExternalDebt_LenderCountryAGO","[, WorldBankProjection]"
"[USDollar]","[]","1994","[P1Y]","6","AmountPrincipalRepayment_Debt_PrivateCreditor_PubliclyGuaranteed_LongTermExternalDebt_LenderCountryMKD","[]"
"[USDollar]","[]","1995","[P1Y]","8","AmountPrincipalRepayment_Debt_OfficialCreditor_PubliclyGuaranteed_Bilateral_LongTermExternalDebt_LenderCountryTKM","[]"
"[USDollar]","[]","1975","[P1Y]","10","AmountPrincipalRepayment_Debt_OfficialCreditor_PubliclyGuaranteed_LongTermExternalDebt_LenderCountryPER","[]"
"[USDollar]","[]","2003","[P1Y]","5","AmountPrincipalRepayment_Debt_PrivateCreditor_PubliclyGuaranteed_LongTermExternalDebt_LenderCountrySWZ","[]"
"[USDollar]","[]","1997","[P1Y]","18","AmountPrincipalRepayment_Debt_LongTermExternalDebt_LenderEasternSouthernAfricanTradeDevBank","[, WorldBankProjection]"
"[USDollar]","[]","2020","[P1Y]","5","AmountPrincipalRepayment_Debt_LongTermExternalDebt_LenderUNPopulationFund","[, WorldBankProjection]"
"[USDollar]","[]","1987","[P1Y]","8","AmountPrincipalRepayment_Debt_PrivateCreditor_PubliclyGuaranteed_LongTermExternalDebt_LenderCountryIDN","[]"
"[USDollar]","[]","1970","[P1Y]","10","AmountPrincipalRepayment_Debt_PrivateCreditor_PubliclyGuaranteed_WorldBankOtherPrivate_LongTermExternalDebt_LenderCountryZWE","[]"
"[USDollar]","[]","1984","[P1Y]","9","AmountPrincipalRepayment_Debt_OfficialCreditor_PubliclyGuaranteed_LongTermExternalDebt_LenderCountryGTM","[]"
"[USDollar]","[]","2017","[P1Y]","39","AmountPrincipalRepayment_Debt_OfficialCreditor_PubliclyGuaranteed_Multilateral_LongTermExternalDebt_LenderAsianInfrastructureInvestmentBank","[, WorldBankProjection]"
"[USDollar]","[]","1975","[P1Y]","8","AmountPrincipalRepayment_Debt_PrivateCreditor_PubliclyGuaranteed_LongTermExternalDebt_LenderCountryMLI","[]"
"[USDollar]","[]","1976","[P1Y]","13","AmountPrincipalRepayment_Debt_PubliclyGuaranteed_LongTermExternalDebt_LenderEntenteCouncil","[]"
"[USDollar]","[]","1988","[P1Y]","11","AmountPrincipalRepayment_Debt_PrivateCreditor_PubliclyGuaranteed_WorldBankOtherPrivate_LongTermExternalDebt_LenderCountryCIV","[, WorldBankProjection]"
"[USDollar]","[]","1984","[P1Y]","13","AmountPrincipalRepayment_Debt_OfficialCreditor_Concessional_PubliclyGuaranteed_Multilateral_LongTermExternalDebt_LenderArabLeague","[]"
"[USDollar]","[]","2005","[P1Y]","7","AmountPrincipalRepayment_Debt_LongTermExternalDebt_LenderCountryAZE","[, WorldBankProjection]"
"[USDollar]","[]","1982","[P1Y]","19","AmountPrincipalRepayment_Debt_PrivateCreditor_PubliclyGuaranteed_WorldBankOtherPrivate_LongTermExternalDebt_LenderCountryGRC","[, WorldBankProjection]"
"[USDollar]","[]","1992","[P1Y]","62","AmountPrincipalRepayment_Debt_PrivateCreditor_PrivateNonGuaranteed_Bond_LongTermExternalDebt","[, WorldBankProjection]"
"[USDollar]","[]","1970","[P1Y]","66","AmountPrincipalRepayment_Debt_PrivateCreditor_PubliclyGuaranteed_CommercialBank_LongTermExternalDebt_LenderCountryNLD","[, WorldBankProjection]"
"[USDollar]","[]","1984","[P1Y]","8","AmountPrincipalRepayment_Debt_PrivateCreditor_PubliclyGuaranteed_LongTermExternalDebt_LenderCountryMLT","[]"
"[USDollar]","[]","1982","[P1Y]","16","AmountPrincipalRepayment_Debt_OfficialCreditor_PubliclyGuaranteed_Bilateral_LongTermExternalDebt_LenderCountryAGO","[, WorldBankProjection]"
