"NumPlaces","ScalingFactors","Units","StatVar","observationPeriods","MeasurementMethods","MinDate"
"6","[]","[Percent]","Amount_Debt_USD_LenderCountryJOR_AsAFractionOf_Amount_Debt_LenderCountryJOR","[P1Y]","[]","1981"
"8","[]","[Percent]","Amount_Debt_WorldBankMultipleCurrency_LenderCountryLBN_AsAFractionOf_Amount_Debt_LenderCountryLBN","[P1Y]","[]","1970"
"10","[]","[Percent]","Amount_Debt_USD_LenderCountryGTM_AsAFractionOf_Amount_Debt_LenderCountryGTM","[P1Y]","[]","1970"
"120","[]","[Percent]","Amount_Debt_JPY_LenderInternationalMonetaryFund_AsAFractionOf_Amount_Debt_LenderInternationalMonetaryFund","[P1Y]","[]","1970"
"35","[]","[Percent]","Amount_Debt_JPY_LenderCountryDZA_AsAFractionOf_Amount_Debt_LenderCountryDZA","[P1Y]","[]","1970"
"28","[]","[Percent]","Amount_Debt_FRF_LenderCountryIRQ_AsAFractionOf_Amount_Debt_LenderCountryIRQ","[P1Y]","[]","1970"
"52","[]","[Percent]","Amount_Debt_GBP_LenderCountryROU_AsAFractionOf_Amount_Debt_LenderCountryROU","[P1Y]","[]","1970"
"11","[]","[Percent]","Amount_Debt_GBP_LenderCountryGHA_AsAFractionOf_Amount_Debt_LenderCountryGHA","[P1Y]","[]","1970"
"2","[]","[Percent]","Amount_Debt_DEM_LenderCountryPRY_AsAFractionOf_Amount_Debt_LenderCountryPRY","[P1Y]","[]","1970"
"1","[]","[Percent]","Amount_Debt_JPY_LenderCountrySWZ_AsAFractionOf_Amount_Debt_LenderCountrySWZ","[P1Y]","[]","1970"
"28","[]","[Percent]","Amount_Debt_CHF_LenderNordicInvestmentBank_AsAFractionOf_Amount_Debt_LenderNordicInvestmentBank","[P1Y]","[]","1970"
"111","[]","[Percent]","Amount_Debt_DEM_LenderInternationalFundforAgriculturalDev_AsAFractionOf_Amount_Debt_LenderInternationalFundforAgriculturalDev","[P1Y]","[]","1970"
"2","[]","[Percent]","Amount_Debt_FRF_LenderArabFundforTechAssisttoAfricanCountries_AsAFractionOf_Amount_Debt_LenderArabFundforTechAssisttoAfricanCountries","[P1Y]","[]","1970"
"4","[]","[Percent]","Amount_Debt_EUR_LenderCountryJAM_AsAFractionOf_Amount_Debt_LenderCountryJAM","[P1Y]","[]","2001"
"50","[]","[Percent]","Amount_Debt_EUR_LenderArabBankforEconomicDevinAfrica_AsAFractionOf_Amount_Debt_LenderArabBankforEconomicDevinAfrica","[P1Y]","[]","2001"
"3","[]","[Percent]","Amount_Debt_CHF_LenderInternationalBankforEconomicCooperation_AsAFractionOf_Amount_Debt_LenderInternationalBankforEconomicCooperation","[P1Y]","[]","1970"
"51","[]","[Percent]","Amount_Debt_USD_LenderNordicDevelopmentFund_AsAFractionOf_Amount_Debt_LenderNordicDevelopmentFund","[P1Y]","[]","1970"
"7","[]","[Percent]","Amount_Debt_WorldBankMultipleCurrency_LenderCountryMUS_AsAFractionOf_Amount_Debt_LenderCountryMUS","[P1Y]","[]","1970"
"3","[]","[Percent]","Amount_Debt_CHF_LenderCountrySEN_AsAFractionOf_Amount_Debt_LenderCountrySEN","[P1Y]","[]","1970"
"1","[]","[Percent]","Amount_Debt_DEM_LenderCountryTCD_AsAFractionOf_Amount_Debt_LenderCountryTCD","[P1Y]","[]","1970"
"124","[]","[Percent]","Amount_Debt_JPY_LenderCountryFRA_AsAFractionOf_Amount_Debt_LenderCountryFRA","[P1Y]","[]","1970"
"2","[]","[Percent]","Amount_Debt_SDR_LenderCountryZMB_AsAFractionOf_Amount_Debt_LenderCountryZMB","[P1Y]","[]","1970"
"19","[]","[Percent]","Amount_Debt_WorldBankMultipleCurrency_LenderCountryMYS_AsAFractionOf_Amount_Debt_LenderCountryMYS","[P1Y]","[]","1970"
"2","[]","[Percent]","Amount_Debt_CHF_LenderCountryMKD_AsAFractionOf_Amount_Debt_LenderCountryMKD","[P1Y]","[]","1970"
"56","[]","[Percent]","Amount_Debt_USD_LenderGermanDemRep_AsAFractionOf_Amount_Debt_LenderGermanDemRep","[P1Y]","[]","1970"
"1","[]","[Percent]","Amount_Debt_WorldBankMultipleCurrency_LenderCountryHTI_AsAFractionOf_Amount_Debt_LenderCountryHTI","[P1Y]","[]","1970"
"66","[]","[Percent]","Amount_Debt_EUR_LenderCountryNOR_AsAFractionOf_Amount_Debt_LenderCountryNOR","[P1Y]","[]","2001"
"2","[]","[Percent]","Amount_Debt_WorldBankMultipleCurrency_LenderCountryHND_AsAFractionOf_Amount_Debt_LenderCountryHND","[P1Y]","[]","1970"
"1","[]","[Percent]","Amount_Debt_EUR_LenderEuropeanCoalandSteelCommunity_AsAFractionOf_Amount_Debt_LenderEuropeanCoalandSteelCommunity","[P1Y]","[]","2001"
"1","[]","[Percent]","Amount_Debt_EUR_LenderCountryNER_AsAFractionOf_Amount_Debt_LenderCountryNER","[P1Y]","[]","2001"
"1","[]","[Percent]","Amount_Debt_CHF_LenderArabTownsOrganization_AsAFractionOf_Amount_Debt_LenderArabTownsOrganization","[P1Y]","[]","2008"
"2","[]","[Percent]","Amount_Debt_GBP_LenderNordicEnvironmentFinanceCorporation_AsAFractionOf_Amount_Debt_LenderNordicEnvironmentFinanceCorporation","[P1Y]","[]","1992"
"9","[]","[Percent]","Amount_Debt_FRF_LenderCountryTHA_AsAFractionOf_Amount_Debt_LenderCountryTHA","[P1Y]","[]","1970"
"8","[]","[Percent]","Amount_Debt_GBP_LenderEasternSouthernAfricanTradeDevBank_AsAFractionOf_Amount_Debt_LenderEasternSouthernAfricanTradeDevBank","[P1Y]","[]","1970"
"1","[]","[Percent]","Amount_Debt_EUR_LenderSouthAsianDevelopmentFund_AsAFractionOf_Amount_Debt_LenderSouthAsianDevelopmentFund","[P1Y]","[]","2001"
"1","[]","[Percent]","Amount_Debt_DEM_LenderCountryMCO_AsAFractionOf_Amount_Debt_LenderCountryMCO","[P1Y]","[]","1970"
"39","[]","[Percent]","Amount_Debt_JPY_LenderAsianDevBank_AsAFractionOf_Amount_Debt_LenderAsianDevBank","[P1Y]","[]","1970"
"9","[]","[Percent]","Amount_Debt_WorldBankOtherCurrency_LenderWestAfricanDevelopmentBank_AsAFractionOf_Amount_Debt_LenderWestAfricanDevelopmentBank","[P1Y]","[]","1970"
"53","[]","[Percent]","Amount_Debt_JPY_LenderIslamicDevBank_AsAFractionOf_Amount_Debt_LenderIslamicDevBank","[P1Y]","[]","1970"
"48","[]","[Percent]","Amount_Debt_WorldBankMultipleCurrency_LenderNordicDevelopmentFund_AsAFractionOf_Amount_Debt_LenderNordicDevelopmentFund","[P1Y]","[]","1970"
"3","[]","[Percent]","Amount_Debt_WorldBankOtherCurrency_LenderCountryBIH_AsAFractionOf_Amount_Debt_LenderCountryBIH","[P1Y]","[]","1991"
"3","[]","[Percent]","Amount_Debt_EUR_LenderCountryGTM_AsAFractionOf_Amount_Debt_LenderCountryGTM","[P1Y]","[]","2001"
"98","[]","[Percent]","Amount_Debt_CHF_LenderCountryNLD_AsAFractionOf_Amount_Debt_LenderCountryNLD","[P1Y]","[]","1970"
"121","[]","[Percent]","Amount_Debt_USD_LenderCountryGBR_AsAFractionOf_Amount_Debt_LenderCountryGBR","[P1Y]","[]","1970"
"2","[]","[Percent]","Amount_Debt_EUR_LenderCountryJOR_AsAFractionOf_Amount_Debt_LenderCountryJOR","[P1Y]","[]","2001"
"23","[]","[Percent]","Amount_Debt_DEM_LenderCountryPRT_AsAFractionOf_Amount_Debt_LenderCountryPRT","[P1Y]","[]","1970"
"115","[]","[Percent]","Amount_Debt_WorldBankMultipleCurrency_LenderCountryJPN_AsAFractionOf_Amount_Debt_LenderCountryJPN","[P1Y]","[]","1970"
"19","[]","[Percent]","Amount_Debt_FRF_LenderInterAmericanDevBank_AsAFractionOf_Amount_Debt_LenderInterAmericanDevBank","[P1Y]","[]","1970"
"4","[]","[Percent]","Amount_Debt_FRF_LenderCountryCHL_AsAFractionOf_Amount_Debt_LenderCountryCHL","[P1Y]","[]","1970"
"24","[]","[Percent]","Amount_Debt_USD_LenderEconomicCommunityofWestAfricanStates_AsAFractionOf_Amount_Debt_LenderEconomicCommunityofWestAfricanStates","[P1Y]","[]","1970"
"104","[]","[Percent]","Amount_Debt_JPY_LenderBondholders_AsAFractionOf_Amount_Debt_LenderBondholders","[P1Y]","[]","1970"
"3","[]","[Percent]","Amount_Debt_SDR_LenderCountryUZB_AsAFractionOf_Amount_Debt_LenderCountryUZB","[P1Y]","[]","1992"
"97","[]","[Percent]","Amount_Debt_DEM_LenderCountryKWT_AsAFractionOf_Amount_Debt_LenderCountryKWT","[P1Y]","[]","1970"
"4","[]","[Percent]","Amount_Debt_JPY_LenderCountryCPV_AsAFractionOf_Amount_Debt_LenderCountryCPV","[P1Y]","[]","1970"
"1","[]","[Percent]","Amount_Debt_DEM_LenderUNRegularProgrammeofTechnicalCoop_AsAFractionOf_Amount_Debt_LenderUNRegularProgrammeofTechnicalCoop","[P1Y]","[]","1970"
"9","[]","[Percent]","Amount_Debt_GBP_LenderCountryCIV_AsAFractionOf_Amount_Debt_LenderCountryCIV","[P1Y]","[]","1970"
"70","[]","[Percent]","Amount_Debt_USD_LenderCountryNOR_AsAFractionOf_Amount_Debt_LenderCountryNOR","[P1Y]","[]","1970"
"16","[]","[Percent]","Amount_Debt_USD_LenderCorporacionAndinadeFomento_AsAFractionOf_Amount_Debt_LenderCorporacionAndinadeFomento","[P1Y]","[]","1970"
"2","[]","[Percent]","Amount_Debt_FRF_LenderCountryBOL_AsAFractionOf_Amount_Debt_LenderCountryBOL","[P1Y]","[]","1970"
"3","[]","[Percent]","Amount_Debt_WorldBankMultipleCurrency_LenderCountryKEN_AsAFractionOf_Amount_Debt_LenderCountryKEN","[P1Y]","[]","1970"
"6","[]","[Percent]","Amount_Debt_WorldBankMultipleCurrency_LenderCaribbeanCommunity_AsAFractionOf_Amount_Debt_LenderCaribbeanCommunity","[P1Y]","[]","1970"
"42","[]","[Percent]","Amount_Debt_DEM_LenderCountryLBY_AsAFractionOf_Amount_Debt_LenderCountryLBY","[P1Y]","[]","1970"
"3","[]","[Percent]","Amount_Debt_DEM_LenderEuropeanReliefFund_AsAFractionOf_Amount_Debt_LenderEuropeanReliefFund","[P1Y]","[]","1970"
"4","[]","[Percent]","Amount_Debt_JPY_LenderCountryZWE_AsAFractionOf_Amount_Debt_LenderCountryZWE","[P1Y]","[]","1970"
"106","[]","[Percent]","Amount_Debt_WorldBankOtherCurrency_LenderWorldBankIDA_AsAFractionOf_Amount_Debt_LenderWorldBankIDA","[P1Y]","[]","1970"
"8","[]","[Percent]","Amount_Debt_USD_LenderUNRegularProgrammeofTechnicalCoop_AsAFractionOf_Amount_Debt_LenderUNRegularProgrammeofTechnicalCoop","[P1Y]","[]","1970"
"54","[]","[Percent]","Amount_Debt_DEM_LenderIslamicDevBank_AsAFractionOf_Amount_Debt_LenderIslamicDevBank","[P1Y]","[]","1970"
"3","[]","[Percent]","Amount_Debt_WorldBankOtherCurrency_LenderCountryARM_AsAFractionOf_Amount_Debt_LenderCountryARM","[P1Y]","[]","1970"
"5","[]","[Percent]","Amount_Debt_CHF_LenderCountryOMN_AsAFractionOf_Amount_Debt_LenderCountryOMN","[P1Y]","[]","1970"
"5","[]","[Percent]","Amount_Debt_DEM_LenderArabLeague_AsAFractionOf_Amount_Debt_LenderArabLeague","[P1Y]","[]","1970"
"8","[]","[Percent]","Amount_Debt_WorldBankMultipleCurrency_LenderDevBankoftheCentralAfricanStates_AsAFractionOf_Amount_Debt_LenderDevBankoftheCentralAfricanStates","[P1Y]","[]","1970"
"4","[]","[Percent]","Amount_Debt_SDR_LenderCountryLBR_AsAFractionOf_Amount_Debt_LenderCountryLBR","[P1Y]","[]","1970"
"21","[]","[Percent]","Amount_Debt_SDR_LenderArabFundforEconomicSocialDevelopment_AsAFractionOf_Amount_Debt_LenderArabFundforEconomicSocialDevelopment","[P1Y]","[]","1970"
"1","[]","[Percent]","Amount_Debt_GBP_LenderCountryMDA_AsAFractionOf_Amount_Debt_LenderCountryMDA","[P1Y]","[]","1992"
"44","[]","[Percent]","Amount_Debt_SDR_LenderEuropeanEconomicCommunity_AsAFractionOf_Amount_Debt_LenderEuropeanEconomicCommunity","[P1Y]","[]","1970"
"23","[]","[Percent]","Amount_Debt_DEM_LenderCountryVEN_AsAFractionOf_Amount_Debt_LenderCountryVEN","[P1Y]","[]","1970"
"44","[]","[Percent]","Amount_Debt_WorldBankOtherCurrency_LenderEuropeanEconomicCommunity_AsAFractionOf_Amount_Debt_LenderEuropeanEconomicCommunity","[P1Y]","[]","1970"
"11","[]","[Percent]","Amount_Debt_DEM_LenderCountryBMU_AsAFractionOf_Amount_Debt_LenderCountryBMU","[P1Y]","[]","1970"
"15","[]","[Percent]","Amount_Debt_WorldBankMultipleCurrency_LenderCountryMEX_AsAFractionOf_Amount_Debt_LenderCountryMEX","[P1Y]","[]","1970"
"21","[]","[Percent]","Amount_Debt_WorldBankOtherCurrency_LenderNordicInvestmentBank_AsAFractionOf_Amount_Debt_LenderNordicInvestmentBank","[P1Y]","[]","1970"
"1","[]","[Percent]","Amount_Debt_SDR_LenderCountryBEN_AsAFractionOf_Amount_Debt_LenderCountryBEN","[P1Y]","[]","1970"
"1","[]","[Percent]","Amount_Debt_EUR_LenderBolivarianAlliancefortheAmericas_AsAFractionOf_Amount_Debt_LenderBolivarianAlliancefortheAmericas","[P1Y]","[]","2001"
"10","[]","[Percent]","Amount_Debt_USD_LenderEastAfricanCommunity_AsAFractionOf_Amount_Debt_LenderEastAfricanCommunity","[P1Y]","[]","1970"
"2","[]","[Percent]","Amount_Debt_SDR_LenderCountryUKR_AsAFractionOf_Amount_Debt_LenderCountryUKR","[P1Y]","[]","1970"
"28","[]","[Percent]","Amount_Debt_JPY_LenderCountrySGP_AsAFractionOf_Amount_Debt_LenderCountrySGP","[P1Y]","[]","1970"
"14","[]","[Percent]","Amount_Debt_JPY_LenderCountryPRK_AsAFractionOf_Amount_Debt_LenderCountryPRK","[P1Y]","[]","1970"
"1","[]","[Percent]","Amount_Debt_WorldBankMultipleCurrency_LenderEconCommoftheGreatLakesCountries_AsAFractionOf_Amount_Debt_LenderEconCommoftheGreatLakesCountries","[P1Y]","[]","1970"
"3","[]","[Percent]","Amount_Debt_WorldBankMultipleCurrency_LenderECOTradeandDevBank_AsAFractionOf_Amount_Debt_LenderECOTradeandDevBank","[P1Y]","[]","1970"
"19","[]","[Percent]","Amount_Debt_CHF_LenderCountryMYS_AsAFractionOf_Amount_Debt_LenderCountryMYS","[P1Y]","[]","1970"
"116","[]","[Percent]","Amount_Debt_FRF_LenderCountryUSA_AsAFractionOf_Amount_Debt_LenderCountryUSA","[P1Y]","[]","1970"
"2","[]","[Percent]","Amount_Debt_WorldBankMultipleCurrency_LenderCountryMKD_AsAFractionOf_Amount_Debt_LenderCountryMKD","[P1Y]","[]","1970"
"37","[]","[Percent]","Amount_Debt_EUR_LenderCountryTUR_AsAFractionOf_Amount_Debt_LenderCountryTUR","[P1Y]","[]","2001"
"2","[]","[Percent]","Amount_Debt_WorldBankOtherCurrency_LenderCountryJOR_AsAFractionOf_Amount_Debt_LenderCountryJOR","[P1Y]","[]","1981"
"14","[]","[Percent]","Amount_Debt_FRF_LenderCountryPRK_AsAFractionOf_Amount_Debt_LenderCountryPRK","[P1Y]","[]","1970"
"3","[]","[Percent]","Amount_Debt_WorldBankMultipleCurrency_LenderCountrySEN_AsAFractionOf_Amount_Debt_LenderCountrySEN","[P1Y]","[]","1970"
"3","[]","[Percent]","Amount_Debt_WorldBankOtherCurrency_LenderCountryPHL_AsAFractionOf_Amount_Debt_LenderCountryPHL","[P1Y]","[]","1970"
"2","[]","[Percent]","Amount_Debt_FRF_LenderCountryTZA_AsAFractionOf_Amount_Debt_LenderCountryTZA","[P1Y]","[]","1970"
"64","[]","[Percent]","Amount_Debt_WorldBankMultipleCurrency_LenderCountrySUN_AsAFractionOf_Amount_Debt_LenderCountrySUN","[P1Y]","[]","1970"
"1","[]","[Percent]","Amount_Debt_GBP_LenderCountryLKA_AsAFractionOf_Amount_Debt_LenderCountryLKA","[P1Y]","[]","1978"
"44","[]","[Percent]","Amount_Debt_SDR_LenderCountryISR_AsAFractionOf_Amount_Debt_LenderCountryISR","[P1Y]","[]","1970"
"1","[]","[Percent]","Amount_Debt_WorldBankOtherCurrency_LenderEuropeanCoalandSteelCommunity_AsAFractionOf_Amount_Debt_LenderEuropeanCoalandSteelCommunity","[P1Y]","[]","1970"
"1","[]","[Percent]","Amount_Debt_CHF_LenderIslamicSolidarityFundforDev_AsAFractionOf_Amount_Debt_LenderIslamicSolidarityFundforDev","[P1Y]","[]","1992"
"89","[]","[Percent]","Amount_Debt_WorldBankMultipleCurrency_LenderCountryNLD_AsAFractionOf_Amount_Debt_LenderCountryNLD","[P1Y]","[]","1970"
"1","[]","[Percent]","Amount_Debt_WorldBankMultipleCurrency_LenderCountryCOD_AsAFractionOf_Amount_Debt_LenderCountryCOD","[P1Y]","[]","1970"
"110","[]","[Percent]","Amount_Debt_SDR_LenderCountryCHN_AsAFractionOf_Amount_Debt_LenderCountryCHN","[P1Y]","[]","1970"
"2","[]","[Percent]","Amount_Debt_GBP_LenderCountryLCA_AsAFractionOf_Amount_Debt_LenderCountryLCA","[P1Y]","[]","1970"
"11","[]","[Percent]","Amount_Debt_GBP_LenderCountryPAK_AsAFractionOf_Amount_Debt_LenderCountryPAK","[P1Y]","[]","1970"
"82","[]","[Percent]","Amount_Debt_JPY_LenderCountrySAU_AsAFractionOf_Amount_Debt_LenderCountrySAU","[P1Y]","[]","1970"
"14","[]","[Percent]","Amount_Debt_USD_LenderOrgofArabPetroleumExportingCountries_AsAFractionOf_Amount_Debt_LenderOrgofArabPetroleumExportingCountries","[P1Y]","[]","1970"
"134","[]","[Percent]","Amount_Debt_EUR_AsAFractionOf_Amount_Debt","[P1Y]","[]","2001"
"31","[]","[Percent]","Amount_Debt_WorldBankOtherCurrency_LenderCountryZAF_AsAFractionOf_Amount_Debt_LenderCountryZAF","[P1Y]","[]","1970"
"134","[]","[Percent]","Amount_Debt_WorldBankMultipleCurrency_AsAFractionOf_Amount_Debt","[P1Y]","[]","1970"
"1","[]","[Percent]","Amount_Debt_SDR_LenderCountrySYR_AsAFractionOf_Amount_Debt_LenderCountrySYR","[P1Y]","[]","1970"
"96","[]","[Percent]","Amount_Debt_JPY_LenderCountryBEL_AsAFractionOf_Amount_Debt_LenderCountryBEL","[P1Y]","[]","1970"
"5","[]","[Percent]","Amount_Debt_WorldBankOtherCurrency_LenderEntenteCouncil_AsAFractionOf_Amount_Debt_LenderEntenteCouncil","[P1Y]","[]","1970"
"7","[]","[Percent]","Amount_Debt_WorldBankOtherCurrency_LenderUNDevelopmentProgramme_AsAFractionOf_Amount_Debt_LenderUNDevelopmentProgramme","[P1Y]","[]","1970"
"5","[]","[Percent]","Amount_Debt_WorldBankMultipleCurrency_LenderEUROFIMA_AsAFractionOf_Amount_Debt_LenderEUROFIMA","[P1Y]","[]","1970"
"20","[]","[Percent]","Amount_Debt_FRF_LenderCountryIRL_AsAFractionOf_Amount_Debt_LenderCountryIRL","[P1Y]","[]","1970"
"2","[]","[Percent]","Amount_Debt_JPY_LenderCountryBFA_AsAFractionOf_Amount_Debt_LenderCountryBFA","[P1Y]","[]","1970"
"3","[]","[Percent]","Amount_Debt_FRF_LenderCountrySLV_AsAFractionOf_Amount_Debt_LenderCountrySLV","[P1Y]","[]","1970"
"1","[]","[Percent]","Amount_Debt_CHF_LenderUNHighCommissionerforRefugees_AsAFractionOf_Amount_Debt_LenderUNHighCommissionerforRefugees","[P1Y]","[]","1970"
"21","[]","[Percent]","Amount_Debt_DEM_LenderEconomicCommunityofWestAfricanStates_AsAFractionOf_Amount_Debt_LenderEconomicCommunityofWestAfricanStates","[P1Y]","[]","1970"
"23","[]","[Percent]","Amount_Debt_USD_LenderArabMonetaryFund_AsAFractionOf_Amount_Debt_LenderArabMonetaryFund","[P1Y]","[]","1970"
"2","[]","[Percent]","Amount_Debt_CHF_LenderCountryHND_AsAFractionOf_Amount_Debt_LenderCountryHND","[P1Y]","[]","1970"
"1","[]","[Percent]","Amount_Debt_JPY_LenderCountryKGZ_AsAFractionOf_Amount_Debt_LenderCountryKGZ","[P1Y]","[]","1992"
"9","[]","[Percent]","Amount_Debt_EUR_LenderEUROFIMA_AsAFractionOf_Amount_Debt_LenderEUROFIMA","[P1Y]","[]","2001"
"93","[]","[Percent]","Amount_Debt_FRF_LenderCountryBEL_AsAFractionOf_Amount_Debt_LenderCountryBEL","[P1Y]","[]","1970"
"76","[]","[Percent]","Amount_Debt_USD_LenderEuropeanDevelopmentFund_AsAFractionOf_Amount_Debt_LenderEuropeanDevelopmentFund","[P1Y]","[]","1970"
"22","[]","[Percent]","Amount_Debt_FRF_LenderCountrySGP_AsAFractionOf_Amount_Debt_LenderCountrySGP","[P1Y]","[]","1970"
"3","[]","[Percent]","Amount_Debt_CHF_LenderCountryKEN_AsAFractionOf_Amount_Debt_LenderCountryKEN","[P1Y]","[]","1970"
"117","[]","[Percent]","Amount_Debt_DEM_LenderEuropeanInvestmentBank_AsAFractionOf_Amount_Debt_LenderEuropeanInvestmentBank","[P1Y]","[]","1970"
"7","[]","[Percent]","Amount_Debt_GBP_LenderCountryHRV_AsAFractionOf_Amount_Debt_LenderCountryHRV","[P1Y]","[]","1970"
"3","[]","[Percent]","Amount_Debt_WorldBankOtherCurrency_LenderCountryGTM_AsAFractionOf_Amount_Debt_LenderCountryGTM","[P1Y]","[]","1970"
"53","[]","[Percent]","Amount_Debt_SDR_LenderCountryFIN_AsAFractionOf_Amount_Debt_LenderCountryFIN","[P1Y]","[]","1970"
"25","[]","[Percent]","Amount_Debt_FRF_LenderCountryARG_AsAFractionOf_Amount_Debt_LenderCountryARG","[P1Y]","[]","1970"
"6","[]","[Percent]","Amount_Debt_SDR_LenderCaribbeanCommunity_AsAFractionOf_Amount_Debt_LenderCaribbeanCommunity","[P1Y]","[]","1970"
"1","[]","[Percent]","Amount_Debt_WorldBankOtherCurrency_LenderCountryGMB_AsAFractionOf_Amount_Debt_LenderCountryGMB","[P1Y]","[]","1970"
"3","[]","[Percent]","Amount_Debt_EUR_LenderUNGeneralAssembly_AsAFractionOf_Amount_Debt_LenderUNGeneralAssembly","[P1Y]","[]","2001"
"88","[]","[Percent]","Amount_Debt_FRF_LenderCountrySAU_AsAFractionOf_Amount_Debt_LenderCountrySAU","[P1Y]","[]","1970"
"3","[]","[Percent]","Amount_Debt_DEM_LenderCountryMLI_AsAFractionOf_Amount_Debt_LenderCountryMLI","[P1Y]","[]","1970"
"1","[]","[Percent]","Amount_Debt_WorldBankOtherCurrency_LenderCountryNAM_AsAFractionOf_Amount_Debt_LenderCountryNAM","[P1Y]","[]","1970"
"3","[]","[Percent]","Amount_Debt_FRF_LenderCountryCMR_AsAFractionOf_Amount_Debt_LenderCountryCMR","[P1Y]","[]","1970"
"1","[]","[Percent]","Amount_Debt_WorldBankOtherCurrency_LenderCountryISL_AsAFractionOf_Amount_Debt_LenderCountryISL","[P1Y]","[]","1970"
"1","[]","[Percent]","Amount_Debt_SDR_LenderCountryBGD_AsAFractionOf_Amount_Debt_LenderCountryBGD","[P1Y]","[]","1970"
"25","[]","[Percent]","Amount_Debt_JPY_LenderCountryARG_AsAFractionOf_Amount_Debt_LenderCountryARG","[P1Y]","[]","1970"
"3","[]","[Percent]","Amount_Debt_JPY_LenderCountryGNQ_AsAFractionOf_Amount_Debt_LenderCountryGNQ","[P1Y]","[]","1970"
"1","[]","[Percent]","Amount_Debt_FRF_LenderInternationalInvestmentBank_AsAFractionOf_Amount_Debt_LenderInternationalInvestmentBank","[P1Y]","[]","1992"
"2","[]","[Percent]","Amount_Debt_JPY_LenderCountryTGO_AsAFractionOf_Amount_Debt_LenderCountryTGO","[P1Y]","[]","1970"
"5","[]","[Percent]","Amount_Debt_FRF_LenderCountryBLR_AsAFractionOf_Amount_Debt_LenderCountryBLR","[P1Y]","[]","1970"
"5","[]","[Percent]","Amount_Debt_USD_LenderCountryGIB_AsAFractionOf_Amount_Debt_LenderCountryGIB","[P1Y]","[]","1970"
"3","[]","[Percent]","Amount_Debt_EUR_LenderCountryPHL_AsAFractionOf_Amount_Debt_LenderCountryPHL","[P1Y]","[]","2001"
"34","[]","[Percent]","Amount_Debt_EUR_LenderCountryBGR_AsAFractionOf_Amount_Debt_LenderCountryBGR","[P1Y]","[]","2001"
"8","[]","[Percent]","Amount_Debt_WorldBankOtherCurrency_LenderCountryPER_AsAFractionOf_Amount_Debt_LenderCountryPER","[P1Y]","[]","1970"
"33","[]","[Percent]","Amount_Debt_SDR_LenderCountryLUX_AsAFractionOf_Amount_Debt_LenderCountryLUX","[P1Y]","[]","1970"
"14","[]","[Percent]","Amount_Debt_USD_LenderCentralBankofWestAfricanStates_AsAFractionOf_Amount_Debt_LenderCentralBankofWestAfricanStates","[P1Y]","[]","1970"
"5","[]","[Percent]","Amount_Debt_EUR_LenderCountryTKM_AsAFractionOf_Amount_Debt_LenderCountryTKM","[P1Y]","[]","2001"
"3","[]","[Percent]","Amount_Debt_GBP_LenderEuropeanReliefFund_AsAFractionOf_Amount_Debt_LenderEuropeanReliefFund","[P1Y]","[]","1970"
"23","[]","[Percent]","Amount_Debt_SDR_LenderCountryIRN_AsAFractionOf_Amount_Debt_LenderCountryIRN","[P1Y]","[]","1970"
"32","[]","[Percent]","Amount_Debt_GBP_LenderAsianDevBank_AsAFractionOf_Amount_Debt_LenderAsianDevBank","[P1Y]","[]","1970"
"3","[]","[Percent]","Amount_Debt_WorldBankMultipleCurrency_LenderCountryAZE_AsAFractionOf_Amount_Debt_LenderCountryAZE","[P1Y]","[]","1970"
"82","[]","[Percent]","Amount_Debt_DEM_LenderCountryIND_AsAFractionOf_Amount_Debt_LenderCountryIND","[P1Y]","[]","1970"
"2","[]","[Percent]","Amount_Debt_WorldBankMultipleCurrency_LenderCountryBRN_AsAFractionOf_Amount_Debt_LenderCountryBRN","[P1Y]","[]","1970"
"5","[]","[Percent]","Amount_Debt_SDR_LenderCountryIDN_AsAFractionOf_Amount_Debt_LenderCountryIDN","[P1Y]","[]","1970"
"86","[]","[Percent]","Amount_Debt_WorldBankMultipleCurrency_LenderCountryCAN_AsAFractionOf_Amount_Debt_LenderCountryCAN","[P1Y]","[]","1970"
"2","[]","[Percent]","Amount_Debt_CHF_LenderCountryBDI_AsAFractionOf_Amount_Debt_LenderCountryBDI","[P1Y]","[]","1970"
"13","[]","[Percent]","Amount_Debt_EUR_LenderCountryNZL_AsAFractionOf_Amount_Debt_LenderCountryNZL","[P1Y]","[]","2001"
"1","[]","[Percent]","Amount_Debt_EUR_LenderCountryNIC_AsAFractionOf_Amount_Debt_LenderCountryNIC","[P1Y]","[]","2001"
"26","[]","[Percent]","Amount_Debt_WorldBankMultipleCurrency_LenderCountryTUR_AsAFractionOf_Amount_Debt_LenderCountryTUR","[P1Y]","[]","1970"
"7","[]","[Percent]","Amount_Debt_CHF_LenderUNDevelopmentProgramme_AsAFractionOf_Amount_Debt_LenderUNDevelopmentProgramme","[P1Y]","[]","1970"
"35","[]","[Percent]","Amount_Debt_DEM_LenderCountryPAN_AsAFractionOf_Amount_Debt_LenderCountryPAN","[P1Y]","[]","1970"
"98","[]","[Percent]","Amount_Debt_WorldBankOtherCurrency_LenderOPECFundforInternationalDev_AsAFractionOf_Amount_Debt_LenderOPECFundforInternationalDev","[P1Y]","[]","1970"
"10","[]","[Percent]","Amount_Debt_SDR_LenderCountryCYM_AsAFractionOf_Amount_Debt_LenderCountryCYM","[P1Y]","[]","1970"
"5","[]","[Percent]","Amount_Debt_SDR_LenderOrgofArabPetroleumExportingCountries_AsAFractionOf_Amount_Debt_LenderOrgofArabPetroleumExportingCountries","[P1Y]","[]","1970"
"5","[]","[Percent]","Amount_Debt_WorldBankOtherCurrency_LenderCountryCOG_AsAFractionOf_Amount_Debt_LenderCountryCOG","[P1Y]","[]","1970"
"8","[]","[Percent]","Amount_Debt_USD_LenderCountryPHL_AsAFractionOf_Amount_Debt_LenderCountryPHL","[P1Y]","[]","1970"
"44","[]","[Percent]","Amount_Debt_USD_LenderCountryBGR_AsAFractionOf_Amount_Debt_LenderCountryBGR","[P1Y]","[]","1970"
"51","[]","[Percent]","Amount_Debt_USD_LenderCountryAUS_AsAFractionOf_Amount_Debt_LenderCountryAUS","[P1Y]","[]","1970"
"15","[]","[Percent]","Amount_Debt_EUR_LenderCaribbeanDevBank_AsAFractionOf_Amount_Debt_LenderCaribbeanDevBank","[P1Y]","[]","2001"
"2","[]","[Percent]","Amount_Debt_SDR_LenderCountryVNM_AsAFractionOf_Amount_Debt_LenderCountryVNM","[P1Y]","[]","1970"
"98","[]","[Percent]","Amount_Debt_CHF_LenderCountryCHE_AsAFractionOf_Amount_Debt_LenderCountryCHE","[P1Y]","[]","1970"
"25","[]","[Percent]","Amount_Debt_WorldBankOtherCurrency_LenderCountryBHS_AsAFractionOf_Amount_Debt_LenderCountryBHS","[P1Y]","[]","1970"
"42","[]","[Percent]","Amount_Debt_SDR_LenderCountryPOL_AsAFractionOf_Amount_Debt_LenderCountryPOL","[P1Y]","[]","1970"
"4","[]","[Percent]","Amount_Debt_FRF_LenderCountryCPV_AsAFractionOf_Amount_Debt_LenderCountryCPV","[P1Y]","[]","1970"
"3","[]","[Percent]","Amount_Debt_CHF_LenderLatinAmericanAgribusinessDevCorp_AsAFractionOf_Amount_Debt_LenderLatinAmericanAgribusinessDevCorp","[P1Y]","[]","1970"
"9","[]","[Percent]","Amount_Debt_JPY_LenderCountryTHA_AsAFractionOf_Amount_Debt_LenderCountryTHA","[P1Y]","[]","1970"
"1","[]","[Percent]","Amount_Debt_EUR_LenderCountryGIB_AsAFractionOf_Amount_Debt_LenderCountryGIB","[P1Y]","[]","2001"
"8","[]","[Percent]","Amount_Debt_GBP_LenderCountryTTO_AsAFractionOf_Amount_Debt_LenderCountryTTO","[P1Y]","[]","1970"
"5","[]","[Percent]","Amount_Debt_USD_LenderCountryNIC_AsAFractionOf_Amount_Debt_LenderCountryNIC","[P1Y]","[]","1970"
"121","[]","[Percent]","Amount_Debt_EUR_LenderCountryGBR_AsAFractionOf_Amount_Debt_LenderCountryGBR","[P1Y]","[]","2001"
"23","[]","[Percent]","Amount_Debt_USD_LenderCountryNZL_AsAFractionOf_Amount_Debt_LenderCountryNZL","[P1Y]","[]","1970"
"4","[]","[Percent]","Amount_Debt_JPY_LenderCountryCHL_AsAFractionOf_Amount_Debt_LenderCountryCHL","[P1Y]","[]","1970"
"1","[]","[Percent]","Amount_Debt_CHF_LenderSouthAsianDevelopmentFund_AsAFractionOf_Amount_Debt_LenderSouthAsianDevelopmentFund","[P1Y]","[]","1981"
"1","[]","[Percent]","Amount_Debt_USD_LenderUNChildrenFund_AsAFractionOf_Amount_Debt_LenderUNChildrenFund","[P1Y]","[]","1970"
"9","[]","[Percent]","Amount_Debt_DEM_LenderCountryAGO_AsAFractionOf_Amount_Debt_LenderCountryAGO","[P1Y]","[]","1970"
"10","[]","[Percent]","Amount_Debt_GBP_LenderCountryCUB_AsAFractionOf_Amount_Debt_LenderCountryCUB","[P1Y]","[]","1970"
"95","[]","[Percent]","Amount_Debt_DEM_LenderCountryAUT_AsAFractionOf_Amount_Debt_LenderCountryAUT","[P1Y]","[]","1970"
"73","[]","[Percent]","Amount_Debt_DEM_LenderCountryRUS_AsAFractionOf_Amount_Debt_LenderCountryRUS","[P1Y]","[]","1970"
"3","[]","[Percent]","Amount_Debt_SDR_LenderUNGeneralAssembly_AsAFractionOf_Amount_Debt_LenderUNGeneralAssembly","[P1Y]","[]","1970"
"23","[]","[Percent]","Amount_Debt_USD_LenderCountryGRC_AsAFractionOf_Amount_Debt_LenderCountryGRC","[P1Y]","[]","1970"
"63","[]","[Percent]","Amount_Debt_SDR_LenderCountryKOR_AsAFractionOf_Amount_Debt_LenderCountryKOR","[P1Y]","[]","1970"
"93","[]","[Percent]","Amount_Debt_WorldBankOtherCurrency_LenderBondholders_AsAFractionOf_Amount_Debt_LenderBondholders","[P1Y]","[]","1970"
"26","[]","[Percent]","Amount_Debt_CHF_LenderCountryTUR_AsAFractionOf_Amount_Debt_LenderCountryTUR","[P1Y]","[]","1970"
"81","[]","[Percent]","Amount_Debt_WorldBankOtherCurrency_LenderCountryCAN_AsAFractionOf_Amount_Debt_LenderCountryCAN","[P1Y]","[]","1970"
"1","[]","[Percent]","Amount_Debt_SDR_LenderCountryGRD_AsAFractionOf_Amount_Debt_LenderCountryGRD","[P1Y]","[]","1981"
"7","[]","[Percent]","Amount_Debt_EUR_LenderCountryBIH_AsAFractionOf_Amount_Debt_LenderCountryBIH","[P1Y]","[]","2001"
"8","[]","[Percent]","Amount_Debt_CHF_LenderCountryLBN_AsAFractionOf_Amount_Debt_LenderCountryLBN","[P1Y]","[]","1970"
"1","[]","[Percent]","Amount_Debt_DEM_LenderBolivarianAlliancefortheAmericas_AsAFractionOf_Amount_Debt_LenderBolivarianAlliancefortheAmericas","[P1Y]","[]","1970"
"46","[]","[Percent]","Amount_Debt_EUR_LenderCountryAUS_AsAFractionOf_Amount_Debt_LenderCountryAUS","[P1Y]","[]","2001"
"10","[]","[Percent]","Amount_Debt_EUR_LenderEuropeanSocialFund_AsAFractionOf_Amount_Debt_LenderEuropeanSocialFund","[P1Y]","[]","2001"
"8","[]","[Percent]","Amount_Debt_WorldBankMultipleCurrency_LenderCountryPER_AsAFractionOf_Amount_Debt_LenderCountryPER","[P1Y]","[]","1970"
"24","[]","[Percent]","Amount_Debt_FRF_LenderCountryHKG_AsAFractionOf_Amount_Debt_LenderCountryHKG","[P1Y]","[]","1970"
"5","[]","[Percent]","Amount_Debt_WorldBankMultipleCurrency_LenderEntenteCouncil_AsAFractionOf_Amount_Debt_LenderEntenteCouncil","[P1Y]","[]","1970"
"2","[]","[Percent]","Amount_Debt_SDR_LenderCountryMAC_AsAFractionOf_Amount_Debt_LenderCountryMAC","[P1Y]","[]","1970"
"6","[]","[Percent]","Amount_Debt_USD_LenderUNHighCommissionerforRefugees_AsAFractionOf_Amount_Debt_LenderUNHighCommissionerforRefugees","[P1Y]","[]","1970"
"3","[]","[Percent]","Amount_Debt_SDR_LenderCountrySLV_AsAFractionOf_Amount_Debt_LenderCountrySLV","[P1Y]","[]","1970"
"7","[]","[Percent]","Amount_Debt_CHF_LenderCountryMUS_AsAFractionOf_Amount_Debt_LenderCountryMUS","[P1Y]","[]","1970"
"4","[]","[Percent]","Amount_Debt_WorldBankOtherCurrency_LenderCountryJAM_AsAFractionOf_Amount_Debt_LenderCountryJAM","[P1Y]","[]","1970"
"122","[]","[Percent]","Amount_Debt_USD_LenderEuropeanInvestmentBank_AsAFractionOf_Amount_Debt_LenderEuropeanInvestmentBank","[P1Y]","[]","1970"
"1","[]","[Percent]","Amount_Debt_WorldBankMultipleCurrency_LenderCountryNAM_AsAFractionOf_Amount_Debt_LenderCountryNAM","[P1Y]","[]","1970"
"12","[]","[Percent]","Amount_Debt_DEM_LenderCountryTUN_AsAFractionOf_Amount_Debt_LenderCountryTUN","[P1Y]","[]","1970"
"3","[]","[Percent]","Amount_Debt_CHF_LenderCountryAZE_AsAFractionOf_Amount_Debt_LenderCountryAZE","[P1Y]","[]","1970"
"2","[]","[Percent]","Amount_Debt_CHF_LenderCountryBRN_AsAFractionOf_Amount_Debt_LenderCountryBRN","[P1Y]","[]","1970"
"6","[]","[Percent]","Amount_Debt_GBP_LenderCaribbeanCommunity_AsAFractionOf_Amount_Debt_LenderCaribbeanCommunity","[P1Y]","[]","1970"
"121","[]","[Percent]","Amount_Debt_GBP_LenderEuropeanInvestmentBank_AsAFractionOf_Amount_Debt_LenderEuropeanInvestmentBank","[P1Y]","[]","1970"
"1","[]","[Percent]","Amount_Debt_JPY_LenderBolivarianAlliancefortheAmericas_AsAFractionOf_Amount_Debt_LenderBolivarianAlliancefortheAmericas","[P1Y]","[]","1970"
"1","[]","[Percent]","Amount_Debt_DEM_LenderInternationalInvestmentBank_AsAFractionOf_Amount_Debt_LenderInternationalInvestmentBank","[P1Y]","[]","1992"
"13","[]","[Percent]","Amount_Debt_CHF_LenderArabMonetaryFund_AsAFractionOf_Amount_Debt_LenderArabMonetaryFund","[P1Y]","[]","1970"
"120","[]","[Percent]","Amount_Debt_GBP_LenderOtherMultipleLenders_AsAFractionOf_Amount_Debt_LenderOtherMultipleLenders","[P1Y]","[]","1970"
"120","[]","[Percent]","Amount_Debt_WorldBankMultipleCurrency_LenderOtherMultipleLenders_AsAFractionOf_Amount_Debt_LenderOtherMultipleLenders","[P1Y]","[]","1970"
"42","[]","[Percent]","Amount_Debt_FRF_LenderCountryISR_AsAFractionOf_Amount_Debt_LenderCountryISR","[P1Y]","[]","1970"
"10","[]","[Percent]","Amount_Debt_EUR_LenderCountryCUB_AsAFractionOf_Amount_Debt_LenderCountryCUB","[P1Y]","[]","2001"
"121","[]","[Percent]","Amount_Debt_DEM_LenderCountryDEU_AsAFractionOf_Amount_Debt_LenderCountryDEU","[P1Y]","[]","1970"
"1","[]","[Percent]","Amount_Debt_DEM_LenderUNWorldFoodProgramme_AsAFractionOf_Amount_Debt_LenderUNWorldFoodProgramme","[P1Y]","[]","1970"
"8","[]","[Percent]","Amount_Debt_USD_LenderCountryBIH_AsAFractionOf_Amount_Debt_LenderCountryBIH","[P1Y]","[]","1991"
"90","[]","[Percent]","Amount_Debt_JPY_LenderCountryESP_AsAFractionOf_Amount_Debt_LenderCountryESP","[P1Y]","[]","1970"
"17","[]","[Percent]","Amount_Debt_EUR_LenderCountryGRC_AsAFractionOf_Amount_Debt_LenderCountryGRC","[P1Y]","[]","2001"
"3","[]","[Percent]","Amount_Debt_GBP_LenderCountryPHL_AsAFractionOf_Amount_Debt_LenderCountryPHL","[P1Y]","[]","1970"
"104","[]","[Percent]","Amount_Debt_WorldBankMultipleCurrency_LenderBondholders_AsAFractionOf_Amount_Debt_LenderBondholders","[P1Y]","[]","1970"
"3","[]","[Percent]","Amount_Debt_GBP_LenderECOTradeandDevBank_AsAFractionOf_Amount_Debt_LenderECOTradeandDevBank","[P1Y]","[]","1970"
"1","[]","[Percent]","Amount_Debt_GBP_LenderInternationalInvestmentBank_AsAFractionOf_Amount_Debt_LenderInternationalInvestmentBank","[P1Y]","[]","1992"
"1","[]","[Percent]","Amount_Debt_CHF_LenderCountryCOD_AsAFractionOf_Amount_Debt_LenderCountryCOD","[P1Y]","[]","1970"
"1","[]","[Percent]","Amount_Debt_CHF_LenderCountryBLZ_AsAFractionOf_Amount_Debt_LenderCountryBLZ","[P1Y]","[]","1981"
"77","[]","[Percent]","Amount_Debt_EUR_LenderEuropeanDevelopmentFund_AsAFractionOf_Amount_Debt_LenderEuropeanDevelopmentFund","[P1Y]","[]","2001"
"19","[]","[Percent]","Amount_Debt_DEM_LenderCountryQAT_AsAFractionOf_Amount_Debt_LenderCountryQAT","[P1Y]","[]","1970"
"25","[]","[Percent]","Amount_Debt_WorldBankMultipleCurrency_LenderCountryBHS_AsAFractionOf_Amount_Debt_LenderCountryBHS","[P1Y]","[]","1970"
"54","[]","[Percent]","Amount_Debt_WorldBankOtherCurrency_LenderAfricanDevBank_AsAFractionOf_Amount_Debt_LenderAfricanDevBank","[P1Y]","[]","1970"
"2","[]","[Percent]","Amount_Debt_WorldBankMultipleCurrency_LenderCountryBDI_AsAFractionOf_Amount_Debt_LenderCountryBDI","[P1Y]","[]","1970"
"61","[]","[Percent]","Amount_Debt_CHF_LenderCountrySUN_AsAFractionOf_Amount_Debt_LenderCountrySUN","[P1Y]","[]","1970"
"49","[]","[Percent]","Amount_Debt_GBP_LenderGermanDemRep_AsAFractionOf_Amount_Debt_LenderGermanDemRep","[P1Y]","[]","1970"
"11","[]","[Percent]","Amount_Debt_SDR_LenderCountryMAR_AsAFractionOf_Amount_Debt_LenderCountryMAR","[P1Y]","[]","1970"
"9","[]","[Percent]","Amount_Debt_WorldBankMultipleCurrency_LenderEastAfricanCommunity_AsAFractionOf_Amount_Debt_LenderEastAfricanCommunity","[P1Y]","[]","1970"
"21","[]","[Percent]","Amount_Debt_USD_LenderCountryCUB_AsAFractionOf_Amount_Debt_LenderCountryCUB","[P1Y]","[]","1970"
"45","[]","[Percent]","Amount_Debt_DEM_LenderCountryLUX_AsAFractionOf_Amount_Debt_LenderCountryLUX","[P1Y]","[]","1970"
"37","[]","[Percent]","Amount_Debt_JPY_LenderCountryHKG_AsAFractionOf_Amount_Debt_LenderCountryHKG","[P1Y]","[]","1970"
"10","[]","[Percent]","Amount_Debt_GBP_LenderEastAfricanCommunity_AsAFractionOf_Amount_Debt_LenderEastAfricanCommunity","[P1Y]","[]","1970"
"1","[]","[Percent]","Amount_Debt_USD_LenderCountryNER_AsAFractionOf_Amount_Debt_LenderCountryNER","[P1Y]","[]","1970"
"1","[]","[Percent]","Amount_Debt_FRF_LenderCountrySWZ_AsAFractionOf_Amount_Debt_LenderCountrySWZ","[P1Y]","[]","1970"
"15","[]","[Percent]","Amount_Debt_GBP_LenderCorporacionAndinadeFomento_AsAFractionOf_Amount_Debt_LenderCorporacionAndinadeFomento","[P1Y]","[]","1970"
"4","[]","[Percent]","Amount_Debt_WorldBankOtherCurrency_LenderNethAntilles_AsAFractionOf_Amount_Debt_LenderNethAntilles","[P1Y]","[]","1970"
"97","[]","[Percent]","Amount_Debt_CHF_LenderWorldBankIBRD_AsAFractionOf_Amount_Debt_LenderWorldBankIBRD","[P1Y]","[]","1970"
"66","[]","[Percent]","Amount_Debt_WorldBankOtherCurrency_LenderEuropeanDevelopmentFund_AsAFractionOf_Amount_Debt_LenderEuropeanDevelopmentFund","[P1Y]","[]","1970"
"2","[]","[Percent]","Amount_Debt_WorldBankOtherCurrency_LenderCountryGAB_AsAFractionOf_Amount_Debt_LenderCountryGAB","[P1Y]","[]","1970"
"14","[]","[Percent]","Amount_Debt_CHF_LenderCountryCYP_AsAFractionOf_Amount_Debt_LenderCountryCYP","[P1Y]","[]","1970"
"107","[]","[Percent]","Amount_Debt_GBP_LenderCountryITA_AsAFractionOf_Amount_Debt_LenderCountryITA","[P1Y]","[]","1970"
"111","[]","[Percent]","Amount_Debt_CHF_LenderCountryJPN_AsAFractionOf_Amount_Debt_LenderCountryJPN","[P1Y]","[]","1970"
"1","[]","[Percent]","Amount_Debt_DEM_LenderCountryBGD_AsAFractionOf_Amount_Debt_LenderCountryBGD","[P1Y]","[]","1970"
"3","[]","[Percent]","Amount_Debt_FRF_LenderCountryGNQ_AsAFractionOf_Amount_Debt_LenderCountryGNQ","[P1Y]","[]","1970"
"1","[]","[Percent]","Amount_Debt_DEM_LenderCountryGRD_AsAFractionOf_Amount_Debt_LenderCountryGRD","[P1Y]","[]","1981"
"9","[]","[Percent]","Amount_Debt_GBP_LenderCountryCOL_AsAFractionOf_Amount_Debt_LenderCountryCOL","[P1Y]","[]","1970"
"5","[]","[Percent]","Amount_Debt_EUR_LenderPlataBasinFinancialDevFund_AsAFractionOf_Amount_Debt_LenderPlataBasinFinancialDevFund","[P1Y]","[]","2001"
"12","[]","[Percent]","Amount_Debt_GBP_LenderEuropeanUnion_AsAFractionOf_Amount_Debt_LenderEuropeanUnion","[P1Y]","[]","1970"
"97","[]","[Percent]","Amount_Debt_WorldBankOtherCurrency_LenderCountryITA_AsAFractionOf_Amount_Debt_LenderCountryITA","[P1Y]","[]","1970"
"88","[]","[Percent]","Amount_Debt_JPY_LenderCountryCHE_AsAFractionOf_Amount_Debt_LenderCountryCHE","[P1Y]","[]","1970"
"120","[]","[Percent]","Amount_Debt_EUR_LenderOtherMultipleLenders_AsAFractionOf_Amount_Debt_LenderOtherMultipleLenders","[P1Y]","[]","2001"
"5","[]","[Percent]","Amount_Debt_EUR_LenderCountryOMN_AsAFractionOf_Amount_Debt_LenderCountryOMN","[P1Y]","[]","2001"
"120","[]","[Percent]","Amount_Debt_USD_LenderOtherMultipleLenders_AsAFractionOf_Amount_Debt_LenderOtherMultipleLenders","[P1Y]","[]","1970"
"2","[]","[Percent]","Amount_Debt_GBP_LenderCountryPRY_AsAFractionOf_Amount_Debt_LenderCountryPRY","[P1Y]","[]","1970"
"2","[]","[Percent]","Amount_Debt_WorldBankMultipleCurrency_LenderCountryJOR_AsAFractionOf_Amount_Debt_LenderCountryJOR","[P1Y]","[]","1981"
"89","[]","[Percent]","Amount_Debt_CHF_LenderCountryESP_AsAFractionOf_Amount_Debt_LenderCountryESP","[P1Y]","[]","1970"
"9","[]","[Percent]","Amount_Debt_SDR_LenderCountryTHA_AsAFractionOf_Amount_Debt_LenderCountryTHA","[P1Y]","[]","1970"
"4","[]","[Percent]","Amount_Debt_FRF_LenderNethAntilles_AsAFractionOf_Amount_Debt_LenderNethAntilles","[P1Y]","[]","1970"
"46","[]","[Percent]","Amount_Debt_DEM_LenderCountryROU_AsAFractionOf_Amount_Debt_LenderCountryROU","[P1Y]","[]","1970"
"2","[]","[Percent]","Amount_Debt_SDR_LenderCountryGUY_AsAFractionOf_Amount_Debt_LenderCountryGUY","[P1Y]","[]","1970"
"8","[]","[Percent]","Amount_Debt_USD_LenderEuropeanSocialFund_AsAFractionOf_Amount_Debt_LenderEuropeanSocialFund","[P1Y]","[]","1970"
"9","[]","[Percent]","Amount_Debt_WorldBankOtherCurrency_LenderCountryCIV_AsAFractionOf_Amount_Debt_LenderCountryCIV","[P1Y]","[]","1970"
"15","[]","[Percent]","Amount_Debt_WorldBankOtherCurrency_LenderCountryMEX_AsAFractionOf_Amount_Debt_LenderCountryMEX","[P1Y]","[]","1970"
"42","[]","[Percent]","Amount_Debt_JPY_LenderCountryPOL_AsAFractionOf_Amount_Debt_LenderCountryPOL","[P1Y]","[]","1970"
"54","[]","[Percent]","Amount_Debt_DEM_LenderCountryFIN_AsAFractionOf_Amount_Debt_LenderCountryFIN","[P1Y]","[]","1970"
"22","[]","[Percent]","Amount_Debt_JPY_LenderEuropeanBankforReconstructionandDev_AsAFractionOf_Amount_Debt_LenderEuropeanBankforReconstructionandDev","[P1Y]","[]","1970"
"5","[]","[Percent]","Amount_Debt_JPY_LenderCountryBLR_AsAFractionOf_Amount_Debt_LenderCountryBLR","[P1Y]","[]","1970"
"9","[]","[Percent]","Amount_Debt_FRF_LenderCountryCYP_AsAFractionOf_Amount_Debt_LenderCountryCYP","[P1Y]","[]","1970"
"5","[]","[Percent]","Amount_Debt_DEM_LenderCountryCRI_AsAFractionOf_Amount_Debt_LenderCountryCRI","[P1Y]","[]","1970"
"1","[]","[Percent]","Amount_Debt_USD_LenderCountryMDA_AsAFractionOf_Amount_Debt_LenderCountryMDA","[P1Y]","[]","1992"
"3","[]","[Percent]","Amount_Debt_GBP_LenderCountryARM_AsAFractionOf_Amount_Debt_LenderCountryARM","[P1Y]","[]","1970"
"5","[]","[Percent]","Amount_Debt_USD_LenderCountryHTI_AsAFractionOf_Amount_Debt_LenderCountryHTI","[P1Y]","[]","1970"
"1","[]","[Percent]","Amount_Debt_GBP_LenderEuropeanCoalandSteelCommunity_AsAFractionOf_Amount_Debt_LenderEuropeanCoalandSteelCommunity","[P1Y]","[]","1970"
"77","[]","[Percent]","Amount_Debt_JPY_LenderCountryARE_AsAFractionOf_Amount_Debt_LenderCountryARE","[P1Y]","[]","1970"
"87","[]","[Percent]","Amount_Debt_FRF_LenderCountryESP_AsAFractionOf_Amount_Debt_LenderCountryESP","[P1Y]","[]","1970"
"11","[]","[Percent]","Amount_Debt_USD_LenderCountryKEN_AsAFractionOf_Amount_Debt_LenderCountryKEN","[P1Y]","[]","1970"
"3","[]","[Percent]","Amount_Debt_JPY_LenderCountryAZE_AsAFractionOf_Amount_Debt_LenderCountryAZE","[P1Y]","[]","1970"
"2","[]","[Percent]","Amount_Debt_EUR_LenderCountryHND_AsAFractionOf_Amount_Debt_LenderCountryHND","[P1Y]","[]","2001"
"6","[]","[Percent]","Amount_Debt_USD_LenderBolivarianAlliancefortheAmericas_AsAFractionOf_Amount_Debt_LenderBolivarianAlliancefortheAmericas","[P1Y]","[]","1970"
"1","[]","[Percent]","Amount_Debt_CHF_LenderCountryNAM_AsAFractionOf_Amount_Debt_LenderCountryNAM","[P1Y]","[]","1970"
"111","[]","[Percent]","Amount_Debt_SDR_LenderCountryUSA_AsAFractionOf_Amount_Debt_LenderCountryUSA","[P1Y]","[]","1970"
"1","[]","[Percent]","Amount_Debt_CHF_LenderCountryNER_AsAFractionOf_Amount_Debt_LenderCountryNER","[P1Y]","[]","1970"
"4","[]","[Percent]","Amount_Debt_SDR_LenderCountrySVN_AsAFractionOf_Amount_Debt_LenderCountrySVN","[P1Y]","[]","1970"
"4","[]","[Percent]","Amount_Debt_JPY_LenderCountryMLT_AsAFractionOf_Amount_Debt_LenderCountryMLT","[P1Y]","[]","1970"
"2","[]","[Percent]","Amount_Debt_USD_LenderCountryLCA_AsAFractionOf_Amount_Debt_LenderCountryLCA","[P1Y]","[]","1970"
"1","[]","[Percent]","Amount_Debt_SDR_LenderBolivarianAlliancefortheAmericas_AsAFractionOf_Amount_Debt_LenderBolivarianAlliancefortheAmericas","[P1Y]","[]","1970"
"4","[]","[Percent]","Amount_Debt_FRF_LenderCountryECU_AsAFractionOf_Amount_Debt_LenderCountryECU","[P1Y]","[]","1970"
"116","[]","[Percent]","Amount_Debt_USD_LenderCountryJPN_AsAFractionOf_Amount_Debt_LenderCountryJPN","[P1Y]","[]","1970"
"9","[]","[Percent]","Amount_Debt_DEM_LenderCountryCIV_AsAFractionOf_Amount_Debt_LenderCountryCIV","[P1Y]","[]","1970"
"12","[]","[Percent]","Amount_Debt_CHF_LenderCountryGRC_AsAFractionOf_Amount_Debt_LenderCountryGRC","[P1Y]","[]","1970"
"17","[]","[Percent]","Amount_Debt_SDR_LenderCountryIRL_AsAFractionOf_Amount_Debt_LenderCountryIRL","[P1Y]","[]","1970"
"2","[]","[Percent]","Amount_Debt_SDR_LenderCountryTZA_AsAFractionOf_Amount_Debt_LenderCountryTZA","[P1Y]","[]","1970"
"1","[]","[Percent]","Amount_Debt_WorldBankOtherCurrency_LenderCountryCOD_AsAFractionOf_Amount_Debt_LenderCountryCOD","[P1Y]","[]","1970"
"115","[]","[Percent]","Amount_Debt_WorldBankMultipleCurrency_LenderMultipleLenders_AsAFractionOf_Amount_Debt_LenderMultipleLenders","[P1Y]","[]","1970"
"1","[]","[Percent]","Amount_Debt_WorldBankOtherCurrency_LenderCountryLKA_AsAFractionOf_Amount_Debt_LenderCountryLKA","[P1Y]","[]","1978"
"1","[]","[Percent]","Amount_Debt_USD_LenderCountryKNA_AsAFractionOf_Amount_Debt_LenderCountryKNA","[P1Y]","[]","1981"
"2","[]","[Percent]","Amount_Debt_WorldBankOtherCurrency_LenderCountryLCA_AsAFractionOf_Amount_Debt_LenderCountryLCA","[P1Y]","[]","1970"
"9","[]","[Percent]","Amount_Debt_EUR_LenderCountryCOL_AsAFractionOf_Amount_Debt_LenderCountryCOL","[P1Y]","[]","2001"
"104","[]","[Percent]","Amount_Debt_DEM_LenderCountryITA_AsAFractionOf_Amount_Debt_LenderCountryITA","[P1Y]","[]","1970"
"106","[]","[Percent]","Amount_Debt_GBP_LenderBondholders_AsAFractionOf_Amount_Debt_LenderBondholders","[P1Y]","[]","1970"
"16","[]","[Percent]","Amount_Debt_EUR_LenderCountrySVK_AsAFractionOf_Amount_Debt_LenderCountrySVK","[P1Y]","[]","2001"
"11","[]","[Percent]","Amount_Debt_EUR_LenderCountryNGA_AsAFractionOf_Amount_Debt_LenderCountryNGA","[P1Y]","[]","2001"
"25","[]","[Percent]","Amount_Debt_SDR_LenderCountryPAN_AsAFractionOf_Amount_Debt_LenderCountryPAN","[P1Y]","[]","1970"
"14","[]","[Percent]","Amount_Debt_WorldBankMultipleCurrency_LenderCountryCYP_AsAFractionOf_Amount_Debt_LenderCountryCYP","[P1Y]","[]","1970"
"85","[]","[Percent]","Amount_Debt_SDR_LenderCountryAUT_AsAFractionOf_Amount_Debt_LenderCountryAUT","[P1Y]","[]","1970"
"14","[]","[Percent]","Amount_Debt_EUR_LenderCountryLBN_AsAFractionOf_Amount_Debt_LenderCountryLBN","[P1Y]","[]","2001"
"2","[]","[Percent]","Amount_Debt_WorldBankOtherCurrency_LenderCountryBDI_AsAFractionOf_Amount_Debt_LenderCountryBDI","[P1Y]","[]","1970"
"4","[]","[Percent]","Amount_Debt_CHF_LenderCountryECU_AsAFractionOf_Amount_Debt_LenderCountryECU","[P1Y]","[]","1970"
"1","[]","[Percent]","Amount_Debt_CHF_LenderUNPopulationFund_AsAFractionOf_Amount_Debt_LenderUNPopulationFund","[P1Y]","[]","1970"
"107","[]","[Percent]","Amount_Debt_USD_LenderBondholders_AsAFractionOf_Amount_Debt_LenderBondholders","[P1Y]","[]","1970"
"1","[]","[Percent]","Amount_Debt_GBP_LenderUNPopulationFund_AsAFractionOf_Amount_Debt_LenderUNPopulationFund","[P1Y]","[]","1970"
"109","[]","[Percent]","Amount_Debt_USD_LenderCountryITA_AsAFractionOf_Amount_Debt_LenderCountryITA","[P1Y]","[]","1970"
"3","[]","[Percent]","Amount_Debt_WorldBankMultipleCurrency_LenderCountryURY_AsAFractionOf_Amount_Debt_LenderCountryURY","[P1Y]","[]","1970"
"1","[]","[Percent]","Amount_Debt_DEM_LenderCountryKNA_AsAFractionOf_Amount_Debt_LenderCountryKNA","[P1Y]","[]","1981"
"5","[]","[Percent]","Amount_Debt_JPY_LenderPlataBasinFinancialDevFund_AsAFractionOf_Amount_Debt_LenderPlataBasinFinancialDevFund","[P1Y]","[]","1970"
"3","[]","[Percent]","Amount_Debt_GBP_LenderCountryBIH_AsAFractionOf_Amount_Debt_LenderCountryBIH","[P1Y]","[]","1991"
"2","[]","[Percent]","Amount_Debt_DEM_LenderCountryMAC_AsAFractionOf_Amount_Debt_LenderCountryMAC","[P1Y]","[]","1970"
"17","[]","[Percent]","Amount_Debt_USD_LenderCountryMUS_AsAFractionOf_Amount_Debt_LenderCountryMUS","[P1Y]","[]","1970"
"4","[]","[Percent]","Amount_Debt_FRF_LenderCountryLBR_AsAFractionOf_Amount_Debt_LenderCountryLBR","[P1Y]","[]","1970"
"4","[]","[Percent]","Amount_Debt_FRF_LenderEuropeanSocialFund_AsAFractionOf_Amount_Debt_LenderEuropeanSocialFund","[P1Y]","[]","1970"
"1","[]","[Percent]","Amount_Debt_DEM_LenderCountryBEN_AsAFractionOf_Amount_Debt_LenderCountryBEN","[P1Y]","[]","1970"
"2","[]","[Percent]","Amount_Debt_WorldBankOtherCurrency_LenderNordicEnvironmentFinanceCorporation_AsAFractionOf_Amount_Debt_LenderNordicEnvironmentFinanceCorporation","[P1Y]","[]","1992"
"3","[]","[Percent]","Amount_Debt_EUR_LenderCountryPRI_AsAFractionOf_Amount_Debt_LenderCountryPRI","[P1Y]","[]","2001"
"2","[]","[Percent]","Amount_Debt_CHF_LenderCountryTGO_AsAFractionOf_Amount_Debt_LenderCountryTGO","[P1Y]","[]","1970"
"120","[]","[Percent]","Amount_Debt_JPY_LenderEuropeanInvestmentBank_AsAFractionOf_Amount_Debt_LenderEuropeanInvestmentBank","[P1Y]","[]","1970"
"2","[]","[Percent]","Amount_Debt_GBP_LenderInternationalCoffeeOrganization_AsAFractionOf_Amount_Debt_LenderInternationalCoffeeOrganization","[P1Y]","[]","1970"
"28","[]","[Percent]","Amount_Debt_SDR_LenderCountryVEN_AsAFractionOf_Amount_Debt_LenderCountryVEN","[P1Y]","[]","1970"
"2","[]","[Percent]","Amount_Debt_DEM_LenderCountryLCA_AsAFractionOf_Amount_Debt_LenderCountryLCA","[P1Y]","[]","1970"
"1","[]","[Percent]","Amount_Debt_WorldBankOtherCurrency_LenderCountryMDA_AsAFractionOf_Amount_Debt_LenderCountryMDA","[P1Y]","[]","1992"
"19","[]","[Percent]","Amount_Debt_USD_LenderCountryHRV_AsAFractionOf_Amount_Debt_LenderCountryHRV","[P1Y]","[]","1970"
"8","[]","[Percent]","Amount_Debt_CHF_LenderCountryPER_AsAFractionOf_Amount_Debt_LenderCountryPER","[P1Y]","[]","1970"
"3","[]","[Percent]","Amount_Debt_JPY_LenderCountryCMR_AsAFractionOf_Amount_Debt_LenderCountryCMR","[P1Y]","[]","1970"
"134","[]","[Percent]","Amount_Debt_SDR_AsAFractionOf_Amount_Debt","[P1Y]","[]","1970"
"93","[]","[Percent]","Amount_Debt_JPY_LenderCountryNLD_AsAFractionOf_Amount_Debt_LenderCountryNLD","[P1Y]","[]","1970"
"2","[]","[Percent]","Amount_Debt_GBP_LenderCountryGAB_AsAFractionOf_Amount_Debt_LenderCountryGAB","[P1Y]","[]","1970"
"1","[]","[Percent]","Amount_Debt_DEM_LenderCountrySYR_AsAFractionOf_Amount_Debt_LenderCountrySYR","[P1Y]","[]","1970"
"2","[]","[Percent]","Amount_Debt_WorldBankOtherCurrency_LenderCountryBRN_AsAFractionOf_Amount_Debt_LenderCountryBRN","[P1Y]","[]","1970"
"12","[]","[Percent]","Amount_Debt_USD_LenderCountryBRB_AsAFractionOf_Amount_Debt_LenderCountryBRB","[P1Y]","[]","1970"
"13","[]","[Percent]","Amount_Debt_EUR_LenderArabAfricanInternationalBank_AsAFractionOf_Amount_Debt_LenderArabAfricanInternationalBank","[P1Y]","[]","2001"
"129","[]","[Percent]","Amount_Debt_FRF_AsAFractionOf_Amount_Debt","[P1Y]","[]","1970"
"49","[]","[Percent]","Amount_Debt_GBP_LenderCountryLBY_AsAFractionOf_Amount_Debt_LenderCountryLBY","[P1Y]","[]","1970"
"12","[]","[Percent]","Amount_Debt_WorldBankOtherCurrency_LenderCountrySVK_AsAFractionOf_Amount_Debt_LenderCountrySVK","[P1Y]","[]","1970"
"1","[]","[Percent]","Amount_Debt_DEM_LenderCountryMDA_AsAFractionOf_Amount_Debt_LenderCountryMDA","[P1Y]","[]","1992"
"4","[]","[Percent]","Amount_Debt_SDR_LenderCountryCHL_AsAFractionOf_Amount_Debt_LenderCountryCHL","[P1Y]","[]","1970"
"6","[]","[Percent]","Amount_Debt_WorldBankOtherCurrency_LenderCountryNGA_AsAFractionOf_Amount_Debt_LenderCountryNGA","[P1Y]","[]","1970"
"6","[]","[Percent]","Amount_Debt_EUR_LenderNordicEnvironmentFinanceCorporation_AsAFractionOf_Amount_Debt_LenderNordicEnvironmentFinanceCorporation","[P1Y]","[]","2001"
"1","[]","[Percent]","Amount_Debt_WorldBankMultipleCurrency_LenderIslamicSolidarityFundforDev_AsAFractionOf_Amount_Debt_LenderIslamicSolidarityFundforDev","[P1Y]","[]","1992"
"56","[]","[Percent]","Amount_Debt_USD_LenderCountryROU_AsAFractionOf_Amount_Debt_LenderCountryROU","[P1Y]","[]","1970"
"1","[]","[Percent]","Amount_Debt_EUR_LenderCountryCOD_AsAFractionOf_Amount_Debt_LenderCountryCOD","[P1Y]","[]","2001"
"11","[]","[Percent]","Amount_Debt_EUR_LenderCountryPAK_AsAFractionOf_Amount_Debt_LenderCountryPAK","[P1Y]","[]","2001"
"83","[]","[Percent]","Amount_Debt_SDR_LenderCountryIND_AsAFractionOf_Amount_Debt_LenderCountryIND","[P1Y]","[]","1970"
"6","[]","[Percent]","Amount_Debt_WorldBankOtherCurrency_LenderCaribbeanCommunity_AsAFractionOf_Amount_Debt_LenderCaribbeanCommunity","[P1Y]","[]","1970"
"99","[]","[Percent]","Amount_Debt_EUR_LenderCountryNLD_AsAFractionOf_Amount_Debt_LenderCountryNLD","[P1Y]","[]","2001"
"21","[]","[Percent]","Amount_Debt_DEM_LenderCountryIRN_AsAFractionOf_Amount_Debt_LenderCountryIRN","[P1Y]","[]","1970"
"80","[]","[Percent]","Amount_Debt_DEM_LenderCountrySWE_AsAFractionOf_Amount_Debt_LenderCountrySWE","[P1Y]","[]","1970"
"3","[]","[Percent]","Amount_Debt_GBP_LenderNewDevelopmentBank_AsAFractionOf_Amount_Debt_LenderNewDevelopmentBank","[P1Y]","[]","1970"
"54","[]","[Percent]","Amount_Debt_EUR_LenderCountrySUN_AsAFractionOf_Amount_Debt_LenderCountrySUN","[P1Y]","[]","2001"
"3","[]","[Percent]","Amount_Debt_FRF_LenderLatinAmericanAgribusinessDevCorp_AsAFractionOf_Amount_Debt_LenderLatinAmericanAgribusinessDevCorp","[P1Y]","[]","1970"
"1","[]","[Percent]","Amount_Debt_SDR_LenderUNChildrenFund_AsAFractionOf_Amount_Debt_LenderUNChildrenFund","[P1Y]","[]","1970"
"3","[]","[Percent]","Amount_Debt_SDR_LenderECOTradeandDevBank_AsAFractionOf_Amount_Debt_LenderECOTradeandDevBank","[P1Y]","[]","1970"
"24","[]","[Percent]","Amount_Debt_EUR_LenderCountryMYS_AsAFractionOf_Amount_Debt_LenderCountryMYS","[P1Y]","[]","2001"
"1","[]","[Percent]","Amount_Debt_SDR_LenderEuropeanCoalandSteelCommunity_AsAFractionOf_Amount_Debt_LenderEuropeanCoalandSteelCommunity","[P1Y]","[]","1970"
"1","[]","[Percent]","Amount_Debt_WorldBankOtherCurrency_LenderCountryHTI_AsAFractionOf_Amount_Debt_LenderCountryHTI","[P1Y]","[]","1970"
"3","[]","[Percent]","Amount_Debt_CHF_LenderCountryBIH_AsAFractionOf_Amount_Debt_LenderCountryBIH","[P1Y]","[]","1991"
"2","[]","[Percent]","Amount_Debt_JPY_LenderCountryMKD_AsAFractionOf_Amount_Debt_LenderCountryMKD","[P1Y]","[]","1970"
"2","[]","[Percent]","Amount_Debt_EUR_LenderCountryMKD_AsAFractionOf_Amount_Debt_LenderCountryMKD","[P1Y]","[]","2001"
"43","[]","[Percent]","Amount_Debt_SDR_LenderAsianDevBank_AsAFractionOf_Amount_Debt_LenderAsianDevBank","[P1Y]","[]","1970"
"84","[]","[Percent]","Amount_Debt_WorldBankMultipleCurrency_LenderCountryCHE_AsAFractionOf_Amount_Debt_LenderCountryCHE","[P1Y]","[]","1970"
"22","[]","[Percent]","Amount_Debt_GBP_LenderCountryPRT_AsAFractionOf_Amount_Debt_LenderCountryPRT","[P1Y]","[]","1970"
"17","[]","[Percent]","Amount_Debt_SDR_LenderCountryEGY_AsAFractionOf_Amount_Debt_LenderCountryEGY","[P1Y]","[]","1970"
"2","[]","[Percent]","Amount_Debt_WorldBankMultipleCurrency_LenderCountryTGO_AsAFractionOf_Amount_Debt_LenderCountryTGO","[P1Y]","[]","1970"
"17","[]","[Percent]","Amount_Debt_EUR_LenderWestAfricanDevelopmentBank_AsAFractionOf_Amount_Debt_LenderWestAfricanDevelopmentBank","[P1Y]","[]","2001"
"51","[]","[Percent]","Amount_Debt_USD_LenderArabBankforEconomicDevinAfrica_AsAFractionOf_Amount_Debt_LenderArabBankforEconomicDevinAfrica","[P1Y]","[]","1970"
"1","[]","[Percent]","Amount_Debt_CHF_LenderBankforInternationalSettlements_AsAFractionOf_Amount_Debt_LenderBankforInternationalSettlements","[P1Y]","[]","1970"
"115","[]","[Percent]","Amount_Debt_CHF_LenderMultipleLenders_AsAFractionOf_Amount_Debt_LenderMultipleLenders","[P1Y]","[]","1970"
"34","[]","[Percent]","Amount_Debt_GBP_LenderCountryBGR_AsAFractionOf_Amount_Debt_LenderCountryBGR","[P1Y]","[]","1970"
"105","[]","[Percent]","Amount_Debt_DEM_LenderCountryCHN_AsAFractionOf_Amount_Debt_LenderCountryCHN","[P1Y]","[]","1970"
"1","[]","[Percent]","Amount_Debt_GBP_LenderCountryTCD_AsAFractionOf_Amount_Debt_LenderCountryTCD","[P1Y]","[]","1970"
"24","[]","[Percent]","Amount_Debt_SDR_LenderCountryHKG_AsAFractionOf_Amount_Debt_LenderCountryHKG","[P1Y]","[]","1970"
"2","[]","[Percent]","Amount_Debt_DEM_LenderCountryZMB_AsAFractionOf_Amount_Debt_LenderCountryZMB","[P1Y]","[]","1970"
"3","[]","[Percent]","Amount_Debt_CHF_LenderCountryURY_AsAFractionOf_Amount_Debt_LenderCountryURY","[P1Y]","[]","1970"
"24","[]","[Percent]","Amount_Debt_SDR_LenderEconomicCommunityofWestAfricanStates_AsAFractionOf_Amount_Debt_LenderEconomicCommunityofWestAfricanStates","[P1Y]","[]","1970"
"8","[]","[Percent]","Amount_Debt_WorldBankOtherCurrency_LenderCountryLBN_AsAFractionOf_Amount_Debt_LenderCountryLBN","[P1Y]","[]","1970"
"1","[]","[Percent]","Amount_Debt_EUR_LenderCountryRWA_AsAFractionOf_Amount_Debt_LenderCountryRWA","[P1Y]","[]","2001"
"14","[]","[Percent]","Amount_Debt_FRF_LenderCountryMAR_AsAFractionOf_Amount_Debt_LenderCountryMAR","[P1Y]","[]","1970"
"3","[]","[Percent]","Amount_Debt_USD_LenderCountrySEN_AsAFractionOf_Amount_Debt_LenderCountrySEN","[P1Y]","[]","1970"
"1","[]","[Percent]","Amount_Debt_JPY_LenderUNRegularProgrammeofTechnicalCoop_AsAFractionOf_Amount_Debt_LenderUNRegularProgrammeofTechnicalCoop","[P1Y]","[]","1970"
"4","[]","[Percent]","Amount_Debt_WorldBankMultipleCurrency_LenderCountryECU_AsAFractionOf_Amount_Debt_LenderCountryECU","[P1Y]","[]","1970"
"37","[]","[Percent]","Amount_Debt_EUR_LenderAsianDevBank_AsAFractionOf_Amount_Debt_LenderAsianDevBank","[P1Y]","[]","2001"
"3","[]","[Percent]","Amount_Debt_SDR_LenderCountryGNQ_AsAFractionOf_Amount_Debt_LenderCountryGNQ","[P1Y]","[]","1970"
"3","[]","[Percent]","Amount_Debt_EUR_LenderCountryGHA_AsAFractionOf_Amount_Debt_LenderCountryGHA","[P1Y]","[]","2001"
"56","[]","[Percent]","Amount_Debt_WorldBankMultipleCurrency_LenderEuropeanEconomicCommunity_AsAFractionOf_Amount_Debt_LenderEuropeanEconomicCommunity","[P1Y]","[]","1970"
"23","[]","[Percent]","Amount_Debt_USD_LenderCountryMEX_AsAFractionOf_Amount_Debt_LenderCountryMEX","[P1Y]","[]","1970"
"2","[]","[Percent]","Amount_Debt_FRF_LenderCountryBFA_AsAFractionOf_Amount_Debt_LenderCountryBFA","[P1Y]","[]","1970"
"124","[]","[Percent]","Amount_Debt_GBP_LenderCountryDEU_AsAFractionOf_Amount_Debt_LenderCountryDEU","[P1Y]","[]","1970"
"3","[]","[Percent]","Amount_Debt_WorldBankOtherCurrency_LenderLatinAmericanAgribusinessDevCorp_AsAFractionOf_Amount_Debt_LenderLatinAmericanAgribusinessDevCorp","[P1Y]","[]","1970"
"15","[]","[Percent]","Amount_Debt_USD_LenderCountryCIV_AsAFractionOf_Amount_Debt_LenderCountryCIV","[P1Y]","[]","1970"
"1","[]","[Percent]","Amount_Debt_EUR_LenderCountryLKA_AsAFractionOf_Amount_Debt_LenderCountryLKA","[P1Y]","[]","2001"
"10","[]","[Percent]","Amount_Debt_WorldBankOtherCurrency_LenderCountryCUB_AsAFractionOf_Amount_Debt_LenderCountryCUB","[P1Y]","[]","1970"
"1","[]","[Percent]","Amount_Debt_SDR_LenderCountryMCO_AsAFractionOf_Amount_Debt_LenderCountryMCO","[P1Y]","[]","1970"
"1","[]","[Percent]","Amount_Debt_GBP_LenderCountryRWA_AsAFractionOf_Amount_Debt_LenderCountryRWA","[P1Y]","[]","1970"
"2","[]","[Percent]","Amount_Debt_EUR_LenderCountryBDI_AsAFractionOf_Amount_Debt_LenderCountryBDI","[P1Y]","[]","2001"
"20","[]","[Percent]","Amount_Debt_DEM_LenderCountryEGY_AsAFractionOf_Amount_Debt_LenderCountryEGY","[P1Y]","[]","1970"
"2","[]","[Percent]","Amount_Debt_WorldBankOtherCurrency_LenderCountryMKD_AsAFractionOf_Amount_Debt_LenderCountryMKD","[P1Y]","[]","1970"
"2","[]","[Percent]","Amount_Debt_FRF_LenderCountryVNM_AsAFractionOf_Amount_Debt_LenderCountryVNM","[P1Y]","[]","1970"
"4","[]","[Percent]","Amount_Debt_JPY_LenderCountryECU_AsAFractionOf_Amount_Debt_LenderCountryECU","[P1Y]","[]","1970"
"4","[]","[Percent]","Amount_Debt_FRF_LenderCountryZWE_AsAFractionOf_Amount_Debt_LenderCountryZWE","[P1Y]","[]","1970"
"6","[]","[Percent]","Amount_Debt_CHF_LenderCaribbeanCommunity_AsAFractionOf_Amount_Debt_LenderCaribbeanCommunity","[P1Y]","[]","1970"
"10","[]","[Percent]","Amount_Debt_SDR_LenderEastAfricanCommunity_AsAFractionOf_Amount_Debt_LenderEastAfricanCommunity","[P1Y]","[]","1970"
"47","[]","[Percent]","Amount_Debt_FRF_LenderCountryPOL_AsAFractionOf_Amount_Debt_LenderCountryPOL","[P1Y]","[]","1970"
"1","[]","[Percent]","Amount_Debt_EUR_LenderUNRegularProgrammeofTechnicalCoop_AsAFractionOf_Amount_Debt_LenderUNRegularProgrammeofTechnicalCoop","[P1Y]","[]","2001"
"38","[]","[Percent]","Amount_Debt_USD_LenderCountryTUR_AsAFractionOf_Amount_Debt_LenderCountryTUR","[P1Y]","[]","1970"
"71","[]","[Percent]","Amount_Debt_WorldBankMultipleCurrency_LenderCountryARE_AsAFractionOf_Amount_Debt_LenderCountryARE","[P1Y]","[]","1970"
"5","[]","[Percent]","Amount_Debt_SDR_LenderCountryCRI_AsAFractionOf_Amount_Debt_LenderCountryCRI","[P1Y]","[]","1970"
"6","[]","[Percent]","Amount_Debt_DEM_LenderCountryBRB_AsAFractionOf_Amount_Debt_LenderCountryBRB","[P1Y]","[]","1970"
"1","[]","[Percent]","Amount_Debt_WorldBankOtherCurrency_LenderIslamicSolidarityFundforDev_AsAFractionOf_Amount_Debt_LenderIslamicSolidarityFundforDev","[P1Y]","[]","1992"
"9","[]","[Percent]","Amount_Debt_GBP_LenderCountryAGO_AsAFractionOf_Amount_Debt_LenderCountryAGO","[P1Y]","[]","1970"
"1","[]","[Percent]","Amount_Debt_JPY_LenderIslamicSolidarityFundforDev_AsAFractionOf_Amount_Debt_LenderIslamicSolidarityFundforDev","[P1Y]","[]","1992"
"54","[]","[Percent]","Amount_Debt_WorldBankOtherCurrency_LenderCountrySUN_AsAFractionOf_Amount_Debt_LenderCountrySUN","[P1Y]","[]","1970"
"19","[]","[Percent]","Amount_Debt_CHF_LenderCountryMEX_AsAFractionOf_Amount_Debt_LenderCountryMEX","[P1Y]","[]","1970"
"8","[]","[Percent]","Amount_Debt_EUR_LenderCountryMLT_AsAFractionOf_Amount_Debt_LenderCountryMLT","[P1Y]","[]","2001"
"3","[]","[Percent]","Amount_Debt_DEM_LenderCountryUZB_AsAFractionOf_Amount_Debt_LenderCountryUZB","[P1Y]","[]","1992"
"92","[]","[Percent]","Amount_Debt_EUR_LenderCountryCAN_AsAFractionOf_Amount_Debt_LenderCountryCAN","[P1Y]","[]","2001"
"33","[]","[Percent]","Amount_Debt_FRF_LenderCountryDZA_AsAFractionOf_Amount_Debt_LenderCountryDZA","[P1Y]","[]","1970"
"2","[]","[Percent]","Amount_Debt_JPY_LenderCountryHND_AsAFractionOf_Amount_Debt_LenderCountryHND","[P1Y]","[]","1970"
"85","[]","[Percent]","Amount_Debt_WorldBankOtherCurrency_LenderCountryNLD_AsAFractionOf_Amount_Debt_LenderCountryNLD","[P1Y]","[]","1970"
"2","[]","[Percent]","Amount_Debt_SDR_LenderInternationalCoffeeOrganization_AsAFractionOf_Amount_Debt_LenderInternationalCoffeeOrganization","[P1Y]","[]","1970"
"7","[]","[Percent]","Amount_Debt_EUR_LenderCountryAZE_AsAFractionOf_Amount_Debt_LenderCountryAZE","[P1Y]","[]","2001"
"2","[]","[Percent]","Amount_Debt_EUR_LenderCountryBRN_AsAFractionOf_Amount_Debt_LenderCountryBRN","[P1Y]","[]","2001"
"5","[]","[Percent]","Amount_Debt_DEM_LenderCountryCOG_AsAFractionOf_Amount_Debt_LenderCountryCOG","[P1Y]","[]","1970"
"1","[]","[Percent]","Amount_Debt_WorldBankOtherCurrency_LenderCountryNER_AsAFractionOf_Amount_Debt_LenderCountryNER","[P1Y]","[]","1970"
"5","[]","[Percent]","Amount_Debt_USD_LenderUNPopulationFund_AsAFractionOf_Amount_Debt_LenderUNPopulationFund","[P1Y]","[]","1970"
"3","[]","[Percent]","Amount_Debt_CHF_LenderNewDevelopmentBank_AsAFractionOf_Amount_Debt_LenderNewDevelopmentBank","[P1Y]","[]","1970"
"115","[]","[Percent]","Amount_Debt_USD_LenderMultipleLenders_AsAFractionOf_Amount_Debt_LenderMultipleLenders","[P1Y]","[]","1970"
"1","[]","[Percent]","Amount_Debt_WorldBankMultipleCurrency_LenderUNHighCommissionerforRefugees_AsAFractionOf_Amount_Debt_LenderUNHighCommissionerforRefugees","[P1Y]","[]","1970"
"3","[]","[Percent]","Amount_Debt_FRF_LenderCountryAZE_AsAFractionOf_Amount_Debt_LenderCountryAZE","[P1Y]","[]","1970"
"7","[]","[Percent]","Amount_Debt_USD_LenderIslamicSolidarityFundforDev_AsAFractionOf_Amount_Debt_LenderIslamicSolidarityFundforDev","[P1Y]","[]","1992"
"52","[]","[Percent]","Amount_Debt_WorldBankMultipleCurrency_LenderCountryCZE_AsAFractionOf_Amount_Debt_LenderCountryCZE","[P1Y]","[]","1970"
"1","[]","[Percent]","Amount_Debt_WorldBankMultipleCurrency_LenderCountrySWZ_AsAFractionOf_Amount_Debt_LenderCountrySWZ","[P1Y]","[]","1970"
"40","[]","[Percent]","Amount_Debt_WorldBankMultipleCurrency_LenderCountryBGR_AsAFractionOf_Amount_Debt_LenderCountryBGR","[P1Y]","[]","1970"
"2","[]","[Percent]","Amount_Debt_DEM_LenderArabFundforTechAssisttoAfricanCountries_AsAFractionOf_Amount_Debt_LenderArabFundforTechAssisttoAfricanCountries","[P1Y]","[]","1970"
"9","[]","[Percent]","Amount_Debt_WorldBankMultipleCurrency_LenderPlataBasinFinancialDevFund_AsAFractionOf_Amount_Debt_LenderPlataBasinFinancialDevFund","[P1Y]","[]","1970"
"16","[]","[Percent]","Amount_Debt_WorldBankOtherCurrency_LenderEconomicCommunityofWestAfricanStates_AsAFractionOf_Amount_Debt_LenderEconomicCommunityofWestAfricanStates","[P1Y]","[]","1970"
"20","[]","[Percent]","Amount_Debt_SDR_LenderCountryBHR_AsAFractionOf_Amount_Debt_LenderCountryBHR","[P1Y]","[]","1970"
"4","[]","[Percent]","Amount_Debt_GBP_LenderCountryJAM_AsAFractionOf_Amount_Debt_LenderCountryJAM","[P1Y]","[]","1970"
"3","[]","[Percent]","Amount_Debt_WorldBankOtherCurrency_LenderInternationalBankforEconomicCooperation_AsAFractionOf_Amount_Debt_LenderInternationalBankforEconomicCooperation","[P1Y]","[]","1970"
"2","[]","[Percent]","Amount_Debt_JPY_LenderCountryBOL_AsAFractionOf_Amount_Debt_LenderCountryBOL","[P1Y]","[]","1970"
"121","[]","[Percent]","Amount_Debt_WorldBankMultipleCurrency_LenderEuropeanInvestmentBank_AsAFractionOf_Amount_Debt_LenderEuropeanInvestmentBank","[P1Y]","[]","1970"
"3","[]","[Percent]","Amount_Debt_DEM_LenderECOTradeandDevBank_AsAFractionOf_Amount_Debt_LenderECOTradeandDevBank","[P1Y]","[]","1970"
"96","[]","[Percent]","Amount_Debt_SDR_LenderCountryKWT_AsAFractionOf_Amount_Debt_LenderCountryKWT","[P1Y]","[]","1970"
"3","[]","[Percent]","Amount_Debt_SDR_LenderEuropeanReliefFund_AsAFractionOf_Amount_Debt_LenderEuropeanReliefFund","[P1Y]","[]","1970"
"92","[]","[Percent]","Amount_Debt_FRF_LenderCountryCHE_AsAFractionOf_Amount_Debt_LenderCountryCHE","[P1Y]","[]","1970"
"32","[]","[Percent]","Amount_Debt_GBP_LenderCountryBHS_AsAFractionOf_Amount_Debt_LenderCountryBHS","[P1Y]","[]","1970"
"5","[]","[Percent]","Amount_Debt_EUR_LenderCountryGMB_AsAFractionOf_Amount_Debt_LenderCountryGMB","[P1Y]","[]","2001"
"12","[]","[Percent]","Amount_Debt_WorldBankOtherCurrency_LenderCountryGRC_AsAFractionOf_Amount_Debt_LenderCountryGRC","[P1Y]","[]","1970"
"24","[]","[Percent]","Amount_Debt_EUR_LenderInterAmericanDevBank_AsAFractionOf_Amount_Debt_LenderInterAmericanDevBank","[P1Y]","[]","2001"
"1","[]","[Percent]","Amount_Debt_USD_LenderCountryNAM_AsAFractionOf_Amount_Debt_LenderCountryNAM","[P1Y]","[]","1970"
"2","[]","[Percent]","Amount_Debt_EUR_LenderCountryGAB_AsAFractionOf_Amount_Debt_LenderCountryGAB","[P1Y]","[]","2001"
"42","[]","[Percent]","Amount_Debt_WorldBankOtherCurrency_LenderGermanDemRep_AsAFractionOf_Amount_Debt_LenderGermanDemRep","[P1Y]","[]","1970"
"30","[]","[Percent]","Amount_Debt_JPY_LenderCountryIRQ_AsAFractionOf_Amount_Debt_LenderCountryIRQ","[P1Y]","[]","1970"
"52","[]","[Percent]","Amount_Debt_DEM_LenderCountrySRB_AsAFractionOf_Amount_Debt_LenderCountrySRB","[P1Y]","[]","1970"
"1","[]","[Percent]","Amount_Debt_WorldBankOtherCurrency_LenderCountryRWA_AsAFractionOf_Amount_Debt_LenderCountryRWA","[P1Y]","[]","1970"
"25","[]","[Percent]","Amount_Debt_EUR_LenderCountryBHS_AsAFractionOf_Amount_Debt_LenderCountryBHS","[P1Y]","[]","2001"
"14","[]","[Percent]","Amount_Debt_DEM_LenderCaribbeanDevBank_AsAFractionOf_Amount_Debt_LenderCaribbeanDevBank","[P1Y]","[]","1970"
"1","[]","[Percent]","Amount_Debt_JPY_LenderCountryCOD_AsAFractionOf_Amount_Debt_LenderCountryCOD","[P1Y]","[]","1970"
"32","[]","[Percent]","Amount_Debt_USD_LenderArabFundforEconomicSocialDevelopment_AsAFractionOf_Amount_Debt_LenderArabFundforEconomicSocialDevelopment","[P1Y]","[]","1970"
"87","[]","[Percent]","Amount_Debt_WorldBankMultipleCurrency_LenderCountryESP_AsAFractionOf_Amount_Debt_LenderCountryESP","[P1Y]","[]","1970"
"121","[]","[Percent]","Amount_Debt_WorldBankMultipleCurrency_LenderInternationalFundforAgriculturalDev_AsAFractionOf_Amount_Debt_LenderInternationalFundforAgriculturalDev","[P1Y]","[]","1970"
"58","[]","[Percent]","Amount_Debt_JPY_LenderCountrySUN_AsAFractionOf_Amount_Debt_LenderCountrySUN","[P1Y]","[]","1970"
"12","[]","[Percent]","Amount_Debt_WorldBankMultipleCurrency_LenderCountryGRC_AsAFractionOf_Amount_Debt_LenderCountryGRC","[P1Y]","[]","1970"
"45","[]","[Percent]","Amount_Debt_SDR_LenderCountrySRB_AsAFractionOf_Amount_Debt_LenderCountrySRB","[P1Y]","[]","1970"
"3","[]","[Percent]","Amount_Debt_EUR_LenderLatinAmericanAgribusinessDevCorp_AsAFractionOf_Amount_Debt_LenderLatinAmericanAgribusinessDevCorp","[P1Y]","[]","2001"
"23","[]","[Percent]","Amount_Debt_FRF_LenderEconomicCommunityofWestAfricanStates_AsAFractionOf_Amount_Debt_LenderEconomicCommunityofWestAfricanStates","[P1Y]","[]","1970"
"1","[]","[Percent]","Amount_Debt_JPY_LenderUNWorldFoodProgramme_AsAFractionOf_Amount_Debt_LenderUNWorldFoodProgramme","[P1Y]","[]","1970"
"1","[]","[Percent]","Amount_Debt_SDR_LenderInternationalInvestmentBank_AsAFractionOf_Amount_Debt_LenderInternationalInvestmentBank","[P1Y]","[]","1992"
"111","[]","[Percent]","Amount_Debt_WorldBankOtherCurrency_LenderCountryDEU_AsAFractionOf_Amount_Debt_LenderCountryDEU","[P1Y]","[]","1970"
"1","[]","[Percent]","Amount_Debt_CHF_LenderCountryHTI_AsAFractionOf_Amount_Debt_LenderCountryHTI","[P1Y]","[]","1970"
"1","[]","[Percent]","Amount_Debt_GBP_LenderCountryGMB_AsAFractionOf_Amount_Debt_LenderCountryGMB","[P1Y]","[]","1970"
"10","[]","[Percent]","Amount_Debt_WorldBankMultipleCurrency_LenderCountryCUB_AsAFractionOf_Amount_Debt_LenderCountryCUB","[P1Y]","[]","1970"
"1","[]","[Percent]","Amount_Debt_WorldBankMultipleCurrency_LenderCountryNER_AsAFractionOf_Amount_Debt_LenderCountryNER","[P1Y]","[]","1970"
"84","[]","[Percent]","Amount_Debt_WorldBankOtherCurrency_LenderCountryCHE_AsAFractionOf_Amount_Debt_LenderCountryCHE","[P1Y]","[]","1970"
"25","[]","[Percent]","Amount_Debt_DEM_LenderEuropeanBankforReconstructionandDev_AsAFractionOf_Amount_Debt_LenderEuropeanBankforReconstructionandDev","[P1Y]","[]","1970"
"16","[]","[Percent]","Amount_Debt_WorldBankMultipleCurrency_LenderCorporacionAndinadeFomento_AsAFractionOf_Amount_Debt_LenderCorporacionAndinadeFomento","[P1Y]","[]","1970"
"2","[]","[Percent]","Amount_Debt_GBP_LenderCountryJOR_AsAFractionOf_Amount_Debt_LenderCountryJOR","[P1Y]","[]","1981"
"39","[]","[Percent]","Amount_Debt_EUR_LenderCountryZAF_AsAFractionOf_Amount_Debt_LenderCountryZAF","[P1Y]","[]","2001"
"75","[]","[Percent]","Amount_Debt_CHF_LenderCountryARE_AsAFractionOf_Amount_Debt_LenderCountryARE","[P1Y]","[]","1970"
"1","[]","[Percent]","Amount_Debt_EUR_LenderCountryISL_AsAFractionOf_Amount_Debt_LenderCountryISL","[P1Y]","[]","2001"
"2","[]","[Percent]","Amount_Debt_EUR_LenderLatinAmerConfofSavingCreditCoop_AsAFractionOf_Amount_Debt_LenderLatinAmerConfofSavingCreditCoop","[P1Y]","[]","2001"
"5","[]","[Percent]","Amount_Debt_WorldBankOtherCurrency_LenderPlataBasinFinancialDevFund_AsAFractionOf_Amount_Debt_LenderPlataBasinFinancialDevFund","[P1Y]","[]","1970"
"15","[]","[Percent]","Amount_Debt_USD_LenderCountryPER_AsAFractionOf_Amount_Debt_LenderCountryPER","[P1Y]","[]","1970"
"12","[]","[Percent]","Amount_Debt_WorldBankMultipleCurrency_LenderEuropeanUnion_AsAFractionOf_Amount_Debt_LenderEuropeanUnion","[P1Y]","[]","1970"
"2","[]","[Percent]","Amount_Debt_DEM_LenderCountryGUY_AsAFractionOf_Amount_Debt_LenderCountryGUY","[P1Y]","[]","1970"
"43","[]","[Percent]","Amount_Debt_JPY_LenderCountryBRA_AsAFractionOf_Amount_Debt_LenderCountryBRA","[P1Y]","[]","1970"
"1","[]","[Percent]","Amount_Debt_CHF_LenderCountrySWZ_AsAFractionOf_Amount_Debt_LenderCountrySWZ","[P1Y]","[]","1970"
"8","[]","[Percent]","Amount_Debt_JPY_LenderCountryLBN_AsAFractionOf_Amount_Debt_LenderCountryLBN","[P1Y]","[]","1970"
"2","[]","[Percent]","Amount_Debt_DEM_LenderLatinAmerConfofSavingCreditCoop_AsAFractionOf_Amount_Debt_LenderLatinAmerConfofSavingCreditCoop","[P1Y]","[]","1970"
"1","[]","[Percent]","Amount_Debt_GBP_LenderCountryISL_AsAFractionOf_Amount_Debt_LenderCountryISL","[P1Y]","[]","1970"
"4","[]","[Percent]","Amount_Debt_DEM_LenderCountrySVN_AsAFractionOf_Amount_Debt_LenderCountrySVN","[P1Y]","[]","1970"
"3","[]","[Percent]","Amount_Debt_CHF_LenderCountryGNQ_AsAFractionOf_Amount_Debt_LenderCountryGNQ","[P1Y]","[]","1970"
"9","[]","[Percent]","Amount_Debt_JPY_LenderWestAfricanDevelopmentBank_AsAFractionOf_Amount_Debt_LenderWestAfricanDevelopmentBank","[P1Y]","[]","1970"
"3","[]","[Percent]","Amount_Debt_WorldBankMultipleCurrency_LenderCountryBIH_AsAFractionOf_Amount_Debt_LenderCountryBIH","[P1Y]","[]","1991"
"1","[]","[Percent]","Amount_Debt_CHF_LenderUNRegularProgrammeofTechnicalCoop_AsAFractionOf_Amount_Debt_LenderUNRegularProgrammeofTechnicalCoop","[P1Y]","[]","1970"
"104","[]","[Percent]","Amount_Debt_CHF_LenderBondholders_AsAFractionOf_Amount_Debt_LenderBondholders","[P1Y]","[]","1970"
"5","[]","[Percent]","Amount_Debt_GBP_LenderEUROFIMA_AsAFractionOf_Amount_Debt_LenderEUROFIMA","[P1Y]","[]","1970"
"47","[]","[Percent]","Amount_Debt_FRF_LenderCountryBRA_AsAFractionOf_Amount_Debt_LenderCountryBRA","[P1Y]","[]","1970"
"3","[]","[Percent]","Amount_Debt_EUR_LenderCountryARM_AsAFractionOf_Amount_Debt_LenderCountryARM","[P1Y]","[]","2001"
"6","[]","[Percent]","Amount_Debt_GBP_LenderCountryNGA_AsAFractionOf_Amount_Debt_LenderCountryNGA","[P1Y]","[]","1970"
"82","[]","[Percent]","Amount_Debt_SDR_LenderCountrySAU_AsAFractionOf_Amount_Debt_LenderCountrySAU","[P1Y]","[]","1970"
"15","[]","[Percent]","Amount_Debt_DEM_LenderCorporacionAndinadeFomento_AsAFractionOf_Amount_Debt_LenderCorporacionAndinadeFomento","[P1Y]","[]","1970"
"16","[]","[Percent]","Amount_Debt_GBP_LenderCountrySVK_AsAFractionOf_Amount_Debt_LenderCountrySVK","[P1Y]","[]","1970"
"30","[]","[Percent]","Amount_Debt_WorldBankOtherCurrency_LenderCountryBGR_AsAFractionOf_Amount_Debt_LenderCountryBGR","[P1Y]","[]","1970"
"14","[]","[Percent]","Amount_Debt_JPY_LenderCountryCYP_AsAFractionOf_Amount_Debt_LenderCountryCYP","[P1Y]","[]","1970"
"12","[]","[Percent]","Amount_Debt_USD_LenderCountryCOG_AsAFractionOf_Amount_Debt_LenderCountryCOG","[P1Y]","[]","1970"
"3","[]","[Percent]","Amount_Debt_WorldBankMultipleCurrency_LenderEuropeanReliefFund_AsAFractionOf_Amount_Debt_LenderEuropeanReliefFund","[P1Y]","[]","1970"
"36","[]","[Percent]","Amount_Debt_GBP_LenderCountryZAF_AsAFractionOf_Amount_Debt_LenderCountryZAF","[P1Y]","[]","1970"
"28","[]","[Percent]","Amount_Debt_USD_LenderInterAmericanDevBank_AsAFractionOf_Amount_Debt_LenderInterAmericanDevBank","[P1Y]","[]","1970"
"2","[]","[Percent]","Amount_Debt_FRF_LenderWorldTradeOrganization_AsAFractionOf_Amount_Debt_LenderWorldTradeOrganization","[P1Y]","[]","1970"
"64","[]","[Percent]","Amount_Debt_FRF_LenderCountrySUN_AsAFractionOf_Amount_Debt_LenderCountrySUN","[P1Y]","[]","1970"
"56","[]","[Percent]","Amount_Debt_CHF_LenderCountryCZE_AsAFractionOf_Amount_Debt_LenderCountryCZE","[P1Y]","[]","1970"
"8","[]","[Percent]","Amount_Debt_DEM_LenderEUROFIMA_AsAFractionOf_Amount_Debt_LenderEUROFIMA","[P1Y]","[]","1970"
"42","[]","[Percent]","Amount_Debt_JPY_LenderNordicDevelopmentFund_AsAFractionOf_Amount_Debt_LenderNordicDevelopmentFund","[P1Y]","[]","1970"
"5","[]","[Percent]","Amount_Debt_GBP_LenderCountryCRI_AsAFractionOf_Amount_Debt_LenderCountryCRI","[P1Y]","[]","1970"
"29","[]","[Percent]","Amount_Debt_FRF_LenderCountryPAN_AsAFractionOf_Amount_Debt_LenderCountryPAN","[P1Y]","[]","1970"
"8","[]","[Percent]","Amount_Debt_EUR_LenderCountryTTO_AsAFractionOf_Amount_Debt_LenderCountryTTO","[P1Y]","[]","2001"
"14","[]","[Percent]","Amount_Debt_EUR_LenderCountryCYP_AsAFractionOf_Amount_Debt_LenderCountryCYP","[P1Y]","[]","2001"
"3","[]","[Percent]","Amount_Debt_DEM_LenderCountryCMR_AsAFractionOf_Amount_Debt_LenderCountryCMR","[P1Y]","[]","1970"
"1","[]","[Percent]","Amount_Debt_CHF_LenderCountryRWA_AsAFractionOf_Amount_Debt_LenderCountryRWA","[P1Y]","[]","1970"
"1","[]","[Percent]","Amount_Debt_SDR_LenderUNWorldFoodProgramme_AsAFractionOf_Amount_Debt_LenderUNWorldFoodProgramme","[P1Y]","[]","1970"
"16","[]","[Percent]","Amount_Debt_FRF_LenderCountryEGY_AsAFractionOf_Amount_Debt_LenderCountryEGY","[P1Y]","[]","1970"
"5","[]","[Percent]","Amount_Debt_JPY_LenderCountryTKM_AsAFractionOf_Amount_Debt_LenderCountryTKM","[P1Y]","[]","1992"
"21","[]","[Percent]","Amount_Debt_FRF_LenderEuropeanBankforReconstructionandDev_AsAFractionOf_Amount_Debt_LenderEuropeanBankforReconstructionandDev","[P1Y]","[]","1970"
"115","[]","[Percent]","Amount_Debt_FRF_LenderInternationalMonetaryFund_AsAFractionOf_Amount_Debt_LenderInternationalMonetaryFund","[P1Y]","[]","1970"
"33","[]","[Percent]","Amount_Debt_GBP_LenderCountryLUX_AsAFractionOf_Amount_Debt_LenderCountryLUX","[P1Y]","[]","1970"
"12","[]","[Percent]","Amount_Debt_WorldBankMultipleCurrency_LenderCountrySVK_AsAFractionOf_Amount_Debt_LenderCountrySVK","[P1Y]","[]","1970"
"2","[]","[Percent]","Amount_Debt_EUR_LenderCountryTGO_AsAFractionOf_Amount_Debt_LenderCountryTGO","[P1Y]","[]","2001"
"31","[]","[Percent]","Amount_Debt_DEM_LenderAsianDevBank_AsAFractionOf_Amount_Debt_LenderAsianDevBank","[P1Y]","[]","1970"
"9","[]","[Percent]","Amount_Debt_WorldBankMultipleCurrency_LenderCountryCOL_AsAFractionOf_Amount_Debt_LenderCountryCOL","[P1Y]","[]","1970"
"87","[]","[Percent]","Amount_Debt_FRF_LenderCountryAUT_AsAFractionOf_Amount_Debt_LenderCountryAUT","[P1Y]","[]","1970"
"10","[]","[Percent]","Amount_Debt_CHF_LenderEastAfricanCommunity_AsAFractionOf_Amount_Debt_LenderEastAfricanCommunity","[P1Y]","[]","1970"
"76","[]","[Percent]","Amount_Debt_FRF_LenderCountryRUS_AsAFractionOf_Amount_Debt_LenderCountryRUS","[P1Y]","[]","1970"
"4","[]","[Percent]","Amount_Debt_WorldBankMultipleCurrency_LenderCountryCHL_AsAFractionOf_Amount_Debt_LenderCountryCHL","[P1Y]","[]","1970"
"18","[]","[Percent]","Amount_Debt_USD_LenderCountryBMU_AsAFractionOf_Amount_Debt_LenderCountryBMU","[P1Y]","[]","1970"
"3","[]","[Percent]","Amount_Debt_DEM_LenderCountryARM_AsAFractionOf_Amount_Debt_LenderCountryARM","[P1Y]","[]","1970"
"10","[]","[Percent]","Amount_Debt_CHF_LenderCountryCUB_AsAFractionOf_Amount_Debt_LenderCountryCUB","[P1Y]","[]","1970"
"2","[]","[Percent]","Amount_Debt_JPY_LenderCountryBRN_AsAFractionOf_Amount_Debt_LenderCountryBRN","[P1Y]","[]","1970"
"41","[]","[Percent]","Amount_Debt_DEM_LenderArabBankforEconomicDevinAfrica_AsAFractionOf_Amount_Debt_LenderArabBankforEconomicDevinAfrica","[P1Y]","[]","1970"
"2","[]","[Percent]","Amount_Debt_FRF_LenderInternationalCoffeeOrganization_AsAFractionOf_Amount_Debt_LenderInternationalCoffeeOrganization","[P1Y]","[]","1970"
"4","[]","[Percent]","Amount_Debt_SDR_LenderCountryKAZ_AsAFractionOf_Amount_Debt_LenderCountryKAZ","[P1Y]","[]","1992"
"2","[]","[Percent]","Amount_Debt_JPY_LenderCountryBDI_AsAFractionOf_Amount_Debt_LenderCountryBDI","[P1Y]","[]","1970"
"45","[]","[Percent]","Amount_Debt_DEM_LenderCountryPOL_AsAFractionOf_Amount_Debt_LenderCountryPOL","[P1Y]","[]","1970"
"1","[]","[Percent]","Amount_Debt_SDR_LenderCountryKGZ_AsAFractionOf_Amount_Debt_LenderCountryKGZ","[P1Y]","[]","1992"
"86","[]","[Percent]","Amount_Debt_JPY_LenderCountryCAN_AsAFractionOf_Amount_Debt_LenderCountryCAN","[P1Y]","[]","1970"
"18","[]","[Percent]","Amount_Debt_WorldBankOtherCurrency_LenderCountryPRT_AsAFractionOf_Amount_Debt_LenderCountryPRT","[P1Y]","[]","1970"
"9","[]","[Percent]","Amount_Debt_USD_LenderEUROFIMA_AsAFractionOf_Amount_Debt_LenderEUROFIMA","[P1Y]","[]","1970"
"1","[]","[Percent]","Amount_Debt_WorldBankOtherCurrency_LenderCountryBLZ_AsAFractionOf_Amount_Debt_LenderCountryBLZ","[P1Y]","[]","1981"
"7","[]","[Percent]","Amount_Debt_DEM_LenderUNDevelopmentProgramme_AsAFractionOf_Amount_Debt_LenderUNDevelopmentProgramme","[P1Y]","[]","1970"
"93","[]","[Percent]","Amount_Debt_WorldBankMultipleCurrency_LenderCountryBEL_AsAFractionOf_Amount_Debt_LenderCountryBEL","[P1Y]","[]","1970"
"1","[]","[Percent]","Amount_Debt_JPY_LenderEuropeanCoalandSteelCommunity_AsAFractionOf_Amount_Debt_LenderEuropeanCoalandSteelCommunity","[P1Y]","[]","1970"
"55","[]","[Percent]","Amount_Debt_GBP_LenderIslamicDevBank_AsAFractionOf_Amount_Debt_LenderIslamicDevBank","[P1Y]","[]","1970"
"1","[]","[Percent]","Amount_Debt_FRF_LenderUNWorldFoodProgramme_AsAFractionOf_Amount_Debt_LenderUNWorldFoodProgramme","[P1Y]","[]","1970"
"8","[]","[Percent]","Amount_Debt_WorldBankOtherCurrency_LenderEasternSouthernAfricanTradeDevBank_AsAFractionOf_Amount_Debt_LenderEasternSouthernAfricanTradeDevBank","[P1Y]","[]","1970"
"5","[]","[Percent]","Amount_Debt_GBP_LenderCountryTKM_AsAFractionOf_Amount_Debt_LenderCountryTKM","[P1Y]","[]","1992"
"2","[]","[Percent]","Amount_Debt_USD_LenderCountryTGO_AsAFractionOf_Amount_Debt_LenderCountryTGO","[P1Y]","[]","1970"
"125","[]","[Percent]","Amount_Debt_EUR_LenderCountryDEU_AsAFractionOf_Amount_Debt_LenderCountryDEU","[P1Y]","[]","2001"
"50","[]","[Percent]","Amount_Debt_GBP_LenderCountryHUN_AsAFractionOf_Amount_Debt_LenderCountryHUN","[P1Y]","[]","1970"
"23","[]","[Percent]","Amount_Debt_GBP_LenderCountryIRN_AsAFractionOf_Amount_Debt_LenderCountryIRN","[P1Y]","[]","1970"
"2","[]","[Percent]","Amount_Debt_JPY_LenderCountryMAC_AsAFractionOf_Amount_Debt_LenderCountryMAC","[P1Y]","[]","1970"
"1","[]","[Percent]","Amount_Debt_CHF_LenderCountryISL_AsAFractionOf_Amount_Debt_LenderCountryISL","[P1Y]","[]","1970"
"2","[]","[Percent]","Amount_Debt_SDR_LenderCountryTGO_AsAFractionOf_Amount_Debt_LenderCountryTGO","[P1Y]","[]","1970"
"30","[]","[Percent]","Amount_Debt_USD_LenderCountryPRT_AsAFractionOf_Amount_Debt_LenderCountryPRT","[P1Y]","[]","1970"
"1","[]","[Percent]","Amount_Debt_USD_LenderCountryMNE_AsAFractionOf_Amount_Debt_LenderCountryMNE","[P1Y]","[]","1970"
"30","[]","[Percent]","Amount_Debt_CHF_LenderCountryIRQ_AsAFractionOf_Amount_Debt_LenderCountryIRQ","[P1Y]","[]","1970"
"8","[]","[Percent]","Amount_Debt_JPY_LenderCentralBankofWestAfricanStates_AsAFractionOf_Amount_Debt_LenderCentralBankofWestAfricanStates","[P1Y]","[]","1970"
"2","[]","[Percent]","Amount_Debt_GBP_LenderCountryBDI_AsAFractionOf_Amount_Debt_LenderCountryBDI","[P1Y]","[]","1970"
"3","[]","[Percent]","Amount_Debt_SDR_LenderNewDevelopmentBank_AsAFractionOf_Amount_Debt_LenderNewDevelopmentBank","[P1Y]","[]","1970"
"18","[]","[Percent]","Amount_Debt_SDR_LenderArabMonetaryFund_AsAFractionOf_Amount_Debt_LenderArabMonetaryFund","[P1Y]","[]","1970"
"25","[]","[Percent]","Amount_Debt_DEM_LenderCountryBHR_AsAFractionOf_Amount_Debt_LenderCountryBHR","[P1Y]","[]","1970"
"3","[]","[Percent]","Amount_Debt_DEM_LenderCountryPHL_AsAFractionOf_Amount_Debt_LenderCountryPHL","[P1Y]","[]","1970"
"9","[]","[Percent]","Amount_Debt_CHF_LenderCountryTHA_AsAFractionOf_Amount_Debt_LenderCountryTHA","[P1Y]","[]","1970"
"7","[]","[Percent]","Amount_Debt_WorldBankOtherCurrency_LenderCountryBMU_AsAFractionOf_Amount_Debt_LenderCountryBMU","[P1Y]","[]","1970"
"4","[]","[Percent]","Amount_Debt_FRF_LenderEUROFIMA_AsAFractionOf_Amount_Debt_LenderEUROFIMA","[P1Y]","[]","1970"
"41","[]","[Percent]","Amount_Debt_JPY_LenderCountryHUN_AsAFractionOf_Amount_Debt_LenderCountryHUN","[P1Y]","[]","1970"
"125","[]","[Percent]","Amount_Debt_USD_LenderCountryDEU_AsAFractionOf_Amount_Debt_LenderCountryDEU","[P1Y]","[]","1970"
"2","[]","[Percent]","Amount_Debt_GBP_LenderCountryBRN_AsAFractionOf_Amount_Debt_LenderCountryBRN","[P1Y]","[]","1970"
"21","[]","[Percent]","Amount_Debt_GBP_LenderNordicInvestmentBank_AsAFractionOf_Amount_Debt_LenderNordicInvestmentBank","[P1Y]","[]","1970"
"17","[]","[Percent]","Amount_Debt_DEM_LenderArabAfricanInternationalBank_AsAFractionOf_Amount_Debt_LenderArabAfricanInternationalBank","[P1Y]","[]","1970"
"93","[]","[Percent]","Amount_Debt_FRF_LenderCountryNLD_AsAFractionOf_Amount_Debt_LenderCountryNLD","[P1Y]","[]","1970"
"43","[]","[Percent]","Amount_Debt_DEM_LenderNordicDevelopmentFund_AsAFractionOf_Amount_Debt_LenderNordicDevelopmentFund","[P1Y]","[]","1970"
"21","[]","[Percent]","Amount_Debt_WorldBankMultipleCurrency_LenderNordicInvestmentBank_AsAFractionOf_Amount_Debt_LenderNordicInvestmentBank","[P1Y]","[]","1970"
"12","[]","[Percent]","Amount_Debt_JPY_LenderEuropeanUnion_AsAFractionOf_Amount_Debt_LenderEuropeanUnion","[P1Y]","[]","1970"
"1","[]","[Percent]","Amount_Debt_SDR_LenderCountryMNE_AsAFractionOf_Amount_Debt_LenderCountryMNE","[P1Y]","[]","1970"
"2","[]","[Percent]","Amount_Debt_CHF_LenderCountryBOL_AsAFractionOf_Amount_Debt_LenderCountryBOL","[P1Y]","[]","1970"
"120","[]","[Percent]","Amount_Debt_SDR_LenderOtherMultipleLenders_AsAFractionOf_Amount_Debt_LenderOtherMultipleLenders","[P1Y]","[]","1970"
"3","[]","[Percent]","Amount_Debt_WorldBankOtherCurrency_LenderCountryAZE_AsAFractionOf_Amount_Debt_LenderCountryAZE","[P1Y]","[]","1970"
"2","[]","[Percent]","Amount_Debt_JPY_LenderNordicEnvironmentFinanceCorporation_AsAFractionOf_Amount_Debt_LenderNordicEnvironmentFinanceCorporation","[P1Y]","[]","1992"
"17","[]","[Percent]","Amount_Debt_FRF_LenderCountryMYS_AsAFractionOf_Amount_Debt_LenderCountryMYS","[P1Y]","[]","1970"
"3","[]","[Percent]","Amount_Debt_WorldBankMultipleCurrency_LenderUNGeneralAssembly_AsAFractionOf_Amount_Debt_LenderUNGeneralAssembly","[P1Y]","[]","1970"
"3","[]","[Percent]","Amount_Debt_FRF_LenderCountryKEN_AsAFractionOf_Amount_Debt_LenderCountryKEN","[P1Y]","[]","1970"
"1","[]","[Percent]","Amount_Debt_GBP_LenderBolivarianAlliancefortheAmericas_AsAFractionOf_Amount_Debt_LenderBolivarianAlliancefortheAmericas","[P1Y]","[]","1970"
"20","[]","[Percent]","Amount_Debt_SDR_LenderAfricanExportImportBank_AsAFractionOf_Amount_Debt_LenderAfricanExportImportBank","[P1Y]","[]","1970"
"20","[]","[Percent]","Amount_Debt_EUR_LenderEuropeanUnion_AsAFractionOf_Amount_Debt_LenderEuropeanUnion","[P1Y]","[]","2001"
"2","[]","[Percent]","Amount_Debt_USD_LenderNordicEnvironmentFinanceCorporation_AsAFractionOf_Amount_Debt_LenderNordicEnvironmentFinanceCorporation","[P1Y]","[]","1992"
"2","[]","[Percent]","Amount_Debt_CHF_LenderCountryGAB_AsAFractionOf_Amount_Debt_LenderCountryGAB","[P1Y]","[]","1970"
"57","[]","[Percent]","Amount_Debt_DEM_LenderAfricanDevBank_AsAFractionOf_Amount_Debt_LenderAfricanDevBank","[P1Y]","[]","1970"
"1","[]","[Percent]","Amount_Debt_JPY_LenderSouthAsianDevelopmentFund_AsAFractionOf_Amount_Debt_LenderSouthAsianDevelopmentFund","[P1Y]","[]","1981"
"47","[]","[Percent]","Amount_Debt_DEM_LenderCountryISR_AsAFractionOf_Amount_Debt_LenderCountryISR","[P1Y]","[]","1970"
"1","[]","[Percent]","Amount_Debt_WorldBankOtherCurrency_LenderUNWorldFoodProgramme_AsAFractionOf_Amount_Debt_LenderUNWorldFoodProgramme","[P1Y]","[]","1970"
"11","[]","[Percent]","Amount_Debt_USD_LenderCountryKAZ_AsAFractionOf_Amount_Debt_LenderCountryKAZ","[P1Y]","[]","1992"
"15","[]","[Percent]","Amount_Debt_EUR_LenderCouncilofEurope_AsAFractionOf_Amount_Debt_LenderCouncilofEurope","[P1Y]","[]","2001"
"7","[]","[Percent]","Amount_Debt_SDR_LenderUNDevelopmentProgramme_AsAFractionOf_Amount_Debt_LenderUNDevelopmentProgramme","[P1Y]","[]","1970"
"5","[]","[Percent]","Amount_Debt_WorldBankOtherCurrency_LenderArabLeague_AsAFractionOf_Amount_Debt_LenderArabLeague","[P1Y]","[]","1970"
"71","[]","[Percent]","Amount_Debt_WorldBankOtherCurrency_LenderCountryARE_AsAFractionOf_Amount_Debt_LenderCountryARE","[P1Y]","[]","1970"
"84","[]","[Percent]","Amount_Debt_EUR_LenderCountrySWE_AsAFractionOf_Amount_Debt_LenderCountrySWE","[P1Y]","[]","2001"
"8","[]","[Percent]","Amount_Debt_JPY_LenderEasternSouthernAfricanTradeDevBank_AsAFractionOf_Amount_Debt_LenderEasternSouthernAfricanTradeDevBank","[P1Y]","[]","1970"
"1","[]","[Percent]","Amount_Debt_GBP_LenderCountryGRD_AsAFractionOf_Amount_Debt_LenderCountryGRD","[P1Y]","[]","1981"
"30","[]","[Percent]","Amount_Debt_CHF_LenderInternationalFinanceCorporation_AsAFractionOf_Amount_Debt_LenderInternationalFinanceCorporation","[P1Y]","[]","1970"
"13","[]","[Percent]","Amount_Debt_CHF_LenderCountryNZL_AsAFractionOf_Amount_Debt_LenderCountryNZL","[P1Y]","[]","1970"
"4","[]","[Percent]","Amount_Debt_USD_LenderWestAfricanMonetaryUnion_AsAFractionOf_Amount_Debt_LenderWestAfricanMonetaryUnion","[P1Y]","[]","1970"
"115","[]","[Percent]","Amount_Debt_FRF_LenderOtherMultipleLenders_AsAFractionOf_Amount_Debt_LenderOtherMultipleLenders","[P1Y]","[]","1970"
"8","[]","[Percent]","Amount_Debt_DEM_LenderNethAntilles_AsAFractionOf_Amount_Debt_LenderNethAntilles","[P1Y]","[]","1970"
"8","[]","[Percent]","Amount_Debt_EUR_LenderCentralBankofWestAfricanStates_AsAFractionOf_Amount_Debt_LenderCentralBankofWestAfricanStates","[P1Y]","[]","2001"
"45","[]","[Percent]","Amount_Debt_WorldBankOtherCurrency_LenderCountryCZE_AsAFractionOf_Amount_Debt_LenderCountryCZE","[P1Y]","[]","1970"
"2","[]","[Percent]","Amount_Debt_CHF_LenderNordicEnvironmentFinanceCorporation_AsAFractionOf_Amount_Debt_LenderNordicEnvironmentFinanceCorporation","[P1Y]","[]","1992"
"29","[]","[Percent]","Amount_Debt_JPY_LenderCountryBHS_AsAFractionOf_Amount_Debt_LenderCountryBHS","[P1Y]","[]","1970"
"4","[]","[Percent]","Amount_Debt_SDR_LenderCountryECU_AsAFractionOf_Amount_Debt_LenderCountryECU","[P1Y]","[]","1970"
"7","[]","[Percent]","Amount_Debt_SDR_LenderCountryBMU_AsAFractionOf_Amount_Debt_LenderCountryBMU","[P1Y]","[]","1970"
"26","[]","[Percent]","Amount_Debt_SDR_LenderCountryDZA_AsAFractionOf_Amount_Debt_LenderCountryDZA","[P1Y]","[]","1970"
"21","[]","[Percent]","Amount_Debt_USD_LenderCountryCYP_AsAFractionOf_Amount_Debt_LenderCountryCYP","[P1Y]","[]","1970"
"9","[]","[Percent]","Amount_Debt_SDR_LenderWestAfricanDevelopmentBank_AsAFractionOf_Amount_Debt_LenderWestAfricanDevelopmentBank","[P1Y]","[]","1970"
"42","[]","[Percent]","Amount_Debt_WorldBankMultipleCurrency_LenderAsianDevBank_AsAFractionOf_Amount_Debt_LenderAsianDevBank","[P1Y]","[]","1970"
"7","[]","[Percent]","Amount_Debt_CHF_LenderCountryHRV_AsAFractionOf_Amount_Debt_LenderCountryHRV","[P1Y]","[]","1970"
"1","[]","[Percent]","Amount_Debt_WorldBankMultipleCurrency_LenderUNPopulationFund_AsAFractionOf_Amount_Debt_LenderUNPopulationFund","[P1Y]","[]","1970"
"5","[]","[Percent]","Amount_Debt_JPY_LenderCountryCRI_AsAFractionOf_Amount_Debt_LenderCountryCRI","[P1Y]","[]","1970"
"37","[]","[Percent]","Amount_Debt_CHF_LenderCountryBGR_AsAFractionOf_Amount_Debt_LenderCountryBGR","[P1Y]","[]","1970"
"2","[]","[Percent]","Amount_Debt_FRF_LenderCountryGUY_AsAFractionOf_Amount_Debt_LenderCountryGUY","[P1Y]","[]","1970"
"8","[]","[Percent]","Amount_Debt_USD_LenderInternationalCoffeeOrganization_AsAFractionOf_Amount_Debt_LenderInternationalCoffeeOrganization","[P1Y]","[]","1970"
"30","[]","[Percent]","Amount_Debt_CHF_LenderCountrySGP_AsAFractionOf_Amount_Debt_LenderCountrySGP","[P1Y]","[]","1970"
"10","[]","[Percent]","Amount_Debt_WorldBankOtherCurrency_LenderCountryCYP_AsAFractionOf_Amount_Debt_LenderCountryCYP","[P1Y]","[]","1970"
"38","[]","[Percent]","Amount_Debt_JPY_LenderCountryLUX_AsAFractionOf_Amount_Debt_LenderCountryLUX","[P1Y]","[]","1970"
"10","[]","[Percent]","Amount_Debt_SDR_LenderCountryCYP_AsAFractionOf_Amount_Debt_LenderCountryCYP","[P1Y]","[]","1970"
"17","[]","[Percent]","Amount_Debt_CHF_LenderCountryIRL_AsAFractionOf_Amount_Debt_LenderCountryIRL","[P1Y]","[]","1970"
"11","[]","[Percent]","Amount_Debt_USD_LenderCountryECU_AsAFractionOf_Amount_Debt_LenderCountryECU","[P1Y]","[]","1970"
"25","[]","[Percent]","Amount_Debt_CHF_LenderCountryARG_AsAFractionOf_Amount_Debt_LenderCountryARG","[P1Y]","[]","1970"
"1","[]","[Percent]","Amount_Debt_FRF_LenderCountryBGD_AsAFractionOf_Amount_Debt_LenderCountryBGD","[P1Y]","[]","1970"
"1","[]","[Percent]","Amount_Debt_EUR_LenderCountryVCT_AsAFractionOf_Amount_Debt_LenderCountryVCT","[P1Y]","[]","2001"
"1","[]","[Percent]","Amount_Debt_WorldBankOtherCurrency_LenderBankforInternationalSettlements_AsAFractionOf_Amount_Debt_LenderBankforInternationalSettlements","[P1Y]","[]","1970"
"6","[]","[Percent]","Amount_Debt_USD_LenderCountryBLZ_AsAFractionOf_Amount_Debt_LenderCountryBLZ","[P1Y]","[]","1981"
"1","[]","[Percent]","Amount_Debt_JPY_LenderCountryGRD_AsAFractionOf_Amount_Debt_LenderCountryGRD","[P1Y]","[]","1981"
"79","[]","[Percent]","Amount_Debt_WorldBankOtherCurrency_LenderCountryESP_AsAFractionOf_Amount_Debt_LenderCountryESP","[P1Y]","[]","1970"
"1","[]","[Percent]","Amount_Debt_SDR_LenderCountrySWZ_AsAFractionOf_Amount_Debt_LenderCountrySWZ","[P1Y]","[]","1970"
"49","[]","[Percent]","Amount_Debt_WorldBankMultipleCurrency_LenderCountryROU_AsAFractionOf_Amount_Debt_LenderCountryROU","[P1Y]","[]","1970"
"6","[]","[Percent]","Amount_Debt_EUR_LenderWorldBankMIGA_AsAFractionOf_Amount_Debt_LenderWorldBankMIGA","[P1Y]","[]","2001"
"4","[]","[Percent]","Amount_Debt_WorldBankMultipleCurrency_LenderCountryZWE_AsAFractionOf_Amount_Debt_LenderCountryZWE","[P1Y]","[]","1970"
"43","[]","[Percent]","Amount_Debt_SDR_LenderCountryBRA_AsAFractionOf_Amount_Debt_LenderCountryBRA","[P1Y]","[]","1970"
"4","[]","[Percent]","Amount_Debt_EUR_LenderCountryECU_AsAFractionOf_Amount_Debt_LenderCountryECU","[P1Y]","[]","2001"
"32","[]","[Percent]","Amount_Debt_EUR_LenderCountryDZA_AsAFractionOf_Amount_Debt_LenderCountryDZA","[P1Y]","[]","2001"
"2","[]","[Percent]","Amount_Debt_FRF_LenderCountryHND_AsAFractionOf_Amount_Debt_LenderCountryHND","[P1Y]","[]","1970"
"89","[]","[Percent]","Amount_Debt_EUR_LenderCountryDNK_AsAFractionOf_Amount_Debt_LenderCountryDNK","[P1Y]","[]","2001"
"90","[]","[Percent]","Amount_Debt_GBP_LenderCountryCAN_AsAFractionOf_Amount_Debt_LenderCountryCAN","[P1Y]","[]","1970"
"5","[]","[Percent]","Amount_Debt_JPY_LenderEntenteCouncil_AsAFractionOf_Amount_Debt_LenderEntenteCouncil","[P1Y]","[]","1970"
"1","[]","[Percent]","Amount_Debt_GBP_LenderUNChildrenFund_AsAFractionOf_Amount_Debt_LenderUNChildrenFund","[P1Y]","[]","1970"
"2","[]","[Percent]","Amount_Debt_SDR_LenderWorldBankMIGA_AsAFractionOf_Amount_Debt_LenderWorldBankMIGA","[P1Y]","[]","1970"
"1","[]","[Percent]","Amount_Debt_SDR_LenderCountryBLZ_AsAFractionOf_Amount_Debt_LenderCountryBLZ","[P1Y]","[]","1981"
"1","[]","[Percent]","Amount_Debt_WorldBankMultipleCurrency_LenderCountryMDA_AsAFractionOf_Amount_Debt_LenderCountryMDA","[P1Y]","[]","1992"
"20","[]","[Percent]","Amount_Debt_GBP_LenderInterAmericanDevBank_AsAFractionOf_Amount_Debt_LenderInterAmericanDevBank","[P1Y]","[]","1970"
"115","[]","[Percent]","Amount_Debt_GBP_LenderMultipleLenders_AsAFractionOf_Amount_Debt_LenderMultipleLenders","[P1Y]","[]","1970"
"1","[]","[Percent]","Amount_Debt_DEM_LenderCountryNER_AsAFractionOf_Amount_Debt_LenderCountryNER","[P1Y]","[]","1970"
"2","[]","[Percent]","Amount_Debt_WorldBankOtherCurrency_LenderCountryGUY_AsAFractionOf_Amount_Debt_LenderCountryGUY","[P1Y]","[]","1970"
"127","[]","[Percent]","Amount_Debt_EUR_LenderCountryFRA_AsAFractionOf_Amount_Debt_LenderCountryFRA","[P1Y]","[]","2001"
"60","[]","[Percent]","Amount_Debt_DEM_LenderCountryNOR_AsAFractionOf_Amount_Debt_LenderCountryNOR","[P1Y]","[]","1970"
"57","[]","[Percent]","Amount_Debt_USD_LenderCountryLBY_AsAFractionOf_Amount_Debt_LenderCountryLBY","[P1Y]","[]","1970"
"4","[]","[Percent]","Amount_Debt_JPY_LenderCountryLBR_AsAFractionOf_Amount_Debt_LenderCountryLBR","[P1Y]","[]","1970"
"3","[]","[Percent]","Amount_Debt_FRF_LenderFondoLatinoamericanodeReservas_AsAFractionOf_Amount_Debt_LenderFondoLatinoamericanodeReservas","[P1Y]","[]","1970"
"44","[]","[Percent]","Amount_Debt_CHF_LenderEuropeanEconomicCommunity_AsAFractionOf_Amount_Debt_LenderEuropeanEconomicCommunity","[P1Y]","[]","1970"
"31","[]","[Percent]","Amount_Debt_USD_LenderEuropeanBankforReconstructionandDev_AsAFractionOf_Amount_Debt_LenderEuropeanBankforReconstructionandDev","[P1Y]","[]","1970"
"4","[]","[Percent]","Amount_Debt_FRF_LenderCountryMLT_AsAFractionOf_Amount_Debt_LenderCountryMLT","[P1Y]","[]","1970"
"59","[]","[Percent]","Amount_Debt_WorldBankMultipleCurrency_LenderAfricanDevBank_AsAFractionOf_Amount_Debt_LenderAfricanDevBank","[P1Y]","[]","1970"
"50","[]","[Percent]","Amount_Debt_FRF_LenderCountryCZE_AsAFractionOf_Amount_Debt_LenderCountryCZE","[P1Y]","[]","1970"
"1","[]","[Percent]","Amount_Debt_CHF_LenderUNWorldFoodProgramme_AsAFractionOf_Amount_Debt_LenderUNWorldFoodProgramme","[P1Y]","[]","1970"
"13","[]","[Percent]","Amount_Debt_USD_LenderEntenteCouncil_AsAFractionOf_Amount_Debt_LenderEntenteCouncil","[P1Y]","[]","1970"
"5","[]","[Percent]","Amount_Debt_JPY_LenderCountryOMN_AsAFractionOf_Amount_Debt_LenderCountryOMN","[P1Y]","[]","1970"
"5","[]","[Percent]","Amount_Debt_EUR_LenderCountrySWZ_AsAFractionOf_Amount_Debt_LenderCountrySWZ","[P1Y]","[]","2001"
"4","[]","[Percent]","Amount_Debt_SDR_LenderCountryCPV_AsAFractionOf_Amount_Debt_LenderCountryCPV","[P1Y]","[]","1970"
"72","[]","[Percent]","Amount_Debt_FRF_LenderEuropeanDevelopmentFund_AsAFractionOf_Amount_Debt_LenderEuropeanDevelopmentFund","[P1Y]","[]","1970"
"11","[]","[Percent]","Amount_Debt_FRF_LenderEuropeanUnion_AsAFractionOf_Amount_Debt_LenderEuropeanUnion","[P1Y]","[]","1970"
"4","[]","[Percent]","Amount_Debt_JPY_LenderEurasianDevelopmentBank_AsAFractionOf_Amount_Debt_LenderEurasianDevelopmentBank","[P1Y]","[]","1992"
"12","[]","[Percent]","Amount_Debt_DEM_LenderCouncilofEurope_AsAFractionOf_Amount_Debt_LenderCouncilofEurope","[P1Y]","[]","1970"
"14","[]","[Percent]","Amount_Debt_SDR_LenderCountryPRK_AsAFractionOf_Amount_Debt_LenderCountryPRK","[P1Y]","[]","1970"
"1","[]","[Percent]","Amount_Debt_FRF_LenderCountryTCD_AsAFractionOf_Amount_Debt_LenderCountryTCD","[P1Y]","[]","1970"
"17","[]","[Percent]","Amount_Debt_DEM_LenderCentralAmericanBankforEconIntegration_AsAFractionOf_Amount_Debt_LenderCentralAmericanBankforEconIntegration","[P1Y]","[]","1970"
"25","[]","[Percent]","Amount_Debt_GBP_LenderAsianInfrastructureInvestmentBank_AsAFractionOf_Amount_Debt_LenderAsianInfrastructureInvestmentBank","[P1Y]","[]","1970"
"6","[]","[Percent]","Amount_Debt_EUR_LenderCountryPRY_AsAFractionOf_Amount_Debt_LenderCountryPRY","[P1Y]","[]","2001"
"5","[]","[Percent]","Amount_Debt_GBP_LenderCountryOMN_AsAFractionOf_Amount_Debt_LenderCountryOMN","[P1Y]","[]","1970"
"19","[]","[Percent]","Amount_Debt_GBP_LenderArabAfricanInternationalBank_AsAFractionOf_Amount_Debt_LenderArabAfricanInternationalBank","[P1Y]","[]","1970"
"5","[]","[Percent]","Amount_Debt_SDR_LenderEUROFIMA_AsAFractionOf_Amount_Debt_LenderEUROFIMA","[P1Y]","[]","1970"
"114","[]","[Percent]","Amount_Debt_FRF_LenderCountryCHN_AsAFractionOf_Amount_Debt_LenderCountryCHN","[P1Y]","[]","1970"
"2","[]","[Percent]","Amount_Debt_CHF_LenderLatinAmerConfofSavingCreditCoop_AsAFractionOf_Amount_Debt_LenderLatinAmerConfofSavingCreditCoop","[P1Y]","[]","1970"
"1","[]","[Percent]","Amount_Debt_WorldBankOtherCurrency_LenderUNRegularProgrammeofTechnicalCoop_AsAFractionOf_Amount_Debt_LenderUNRegularProgrammeofTechnicalCoop","[P1Y]","[]","1970"
"3","[]","[Percent]","Amount_Debt_GBP_LenderCountryMLI_AsAFractionOf_Amount_Debt_LenderCountryMLI","[P1Y]","[]","1970"
"10","[]","[Percent]","Amount_Debt_DEM_LenderEastAfricanCommunity_AsAFractionOf_Amount_Debt_LenderEastAfricanCommunity","[P1Y]","[]","1970"
"63","[]","[Percent]","Amount_Debt_JPY_LenderCountryKOR_AsAFractionOf_Amount_Debt_LenderCountryKOR","[P1Y]","[]","1970"
"1","[]","[Percent]","Amount_Debt_SDR_LenderCountryLKA_AsAFractionOf_Amount_Debt_LenderCountryLKA","[P1Y]","[]","1978"
"9","[]","[Percent]","Amount_Debt_WorldBankOtherCurrency_LenderCouncilofEurope_AsAFractionOf_Amount_Debt_LenderCouncilofEurope","[P1Y]","[]","1970"
"17","[]","[Percent]","Amount_Debt_WorldBankOtherCurrency_LenderCountryEGY_AsAFractionOf_Amount_Debt_LenderCountryEGY","[P1Y]","[]","1970"
"26","[]","[Percent]","Amount_Debt_CHF_LenderCountryDZA_AsAFractionOf_Amount_Debt_LenderCountryDZA","[P1Y]","[]","1970"
"7","[]","[Percent]","Amount_Debt_GBP_LenderCountryTUN_AsAFractionOf_Amount_Debt_LenderCountryTUN","[P1Y]","[]","1970"
"12","[]","[Percent]","Amount_Debt_JPY_LenderCountryGRC_AsAFractionOf_Amount_Debt_LenderCountryGRC","[P1Y]","[]","1970"
"5","[]","[Percent]","Amount_Debt_FRF_LenderArabLeague_AsAFractionOf_Amount_Debt_LenderArabLeague","[P1Y]","[]","1970"
"72","[]","[Percent]","Amount_Debt_FRF_LenderCountryARE_AsAFractionOf_Amount_Debt_LenderCountryARE","[P1Y]","[]","1970"
"1","[]","[Percent]","Amount_Debt_CHF_LenderCountryLKA_AsAFractionOf_Amount_Debt_LenderCountryLKA","[P1Y]","[]","1978"
"2","[]","[Percent]","Amount_Debt_SDR_LenderCountryBOL_AsAFractionOf_Amount_Debt_LenderCountryBOL","[P1Y]","[]","1970"
"2","[]","[Percent]","Amount_Debt_WorldBankMultipleCurrency_LenderCountryTZA_AsAFractionOf_Amount_Debt_LenderCountryTZA","[P1Y]","[]","1970"
"6","[]","[Percent]","Amount_Debt_USD_LenderCountryMKD_AsAFractionOf_Amount_Debt_LenderCountryMKD","[P1Y]","[]","1970"
"12","[]","[Percent]","Amount_Debt_GBP_LenderCountryGRC_AsAFractionOf_Amount_Debt_LenderCountryGRC","[P1Y]","[]","1970"
"23","[]","[Percent]","Amount_Debt_FRF_LenderCountryPRT_AsAFractionOf_Amount_Debt_LenderCountryPRT","[P1Y]","[]","1970"
"72","[]","[Percent]","Amount_Debt_GBP_LenderCountryKOR_AsAFractionOf_Amount_Debt_LenderCountryKOR","[P1Y]","[]","1970"
"3","[]","[Percent]","Amount_Debt_GBP_LenderFondoLatinoamericanodeReservas_AsAFractionOf_Amount_Debt_LenderFondoLatinoamericanodeReservas","[P1Y]","[]","1970"
"8","[]","[Percent]","Amount_Debt_DEM_LenderEasternSouthernAfricanTradeDevBank_AsAFractionOf_Amount_Debt_LenderEasternSouthernAfricanTradeDevBank","[P1Y]","[]","1970"
"16","[]","[Percent]","Amount_Debt_SDR_LenderCentralAmericanBankforEconIntegration_AsAFractionOf_Amount_Debt_LenderCentralAmericanBankforEconIntegration","[P1Y]","[]","1970"
"1","[]","[Percent]","Amount_Debt_WorldBankMultipleCurrency_LenderUNRegularProgrammeofTechnicalCoop_AsAFractionOf_Amount_Debt_LenderUNRegularProgrammeofTechnicalCoop","[P1Y]","[]","1970"
"2","[]","[Percent]","Amount_Debt_JPY_LenderCountryZMB_AsAFractionOf_Amount_Debt_LenderCountryZMB","[P1Y]","[]","1970"
"3","[]","[Percent]","Amount_Debt_CHF_LenderCountryGTM_AsAFractionOf_Amount_Debt_LenderCountryGTM","[P1Y]","[]","1970"
"50","[]","[Percent]","Amount_Debt_GBP_LenderCountryISR_AsAFractionOf_Amount_Debt_LenderCountryISR","[P1Y]","[]","1970"
"134","[]","[Percent]","Amount_Debt_JPY_AsAFractionOf_Amount_Debt","[P1Y]","[]","1970"
"1","[]","[Percent]","Amount_Debt_CHF_LenderCountryGMB_AsAFractionOf_Amount_Debt_LenderCountryGMB","[P1Y]","[]","1970"
"1","[]","[Percent]","Amount_Debt_GBP_LenderCountryHTI_AsAFractionOf_Amount_Debt_LenderCountryHTI","[P1Y]","[]","1970"
"6","[]","[Percent]","Amount_Debt_WorldBankMultipleCurrency_LenderCountryBRB_AsAFractionOf_Amount_Debt_LenderCountryBRB","[P1Y]","[]","1970"
"111","[]","[Percent]","Amount_Debt_SDR_LenderCountryDEU_AsAFractionOf_Amount_Debt_LenderCountryDEU","[P1Y]","[]","1970"
"1","[]","[Percent]","Amount_Debt_FRF_LenderCountrySYR_AsAFractionOf_Amount_Debt_LenderCountrySYR","[P1Y]","[]","1970"
"43","[]","[Percent]","Amount_Debt_CHF_LenderCountryBRA_AsAFractionOf_Amount_Debt_LenderCountryBRA","[P1Y]","[]","1970"
"7","[]","[Percent]","Amount_Debt_USD_LenderCountryKGZ_AsAFractionOf_Amount_Debt_LenderCountryKGZ","[P1Y]","[]","1992"
"6","[]","[Percent]","Amount_Debt_FRF_LenderCaribbeanCommunity_AsAFractionOf_Amount_Debt_LenderCaribbeanCommunity","[P1Y]","[]","1970"
"46","[]","[Percent]","Amount_Debt_JPY_LenderCountryAUS_AsAFractionOf_Amount_Debt_LenderCountryAUS","[P1Y]","[]","1970"
"7","[]","[Percent]","Amount_Debt_EUR_LenderCountryTUN_AsAFractionOf_Amount_Debt_LenderCountryTUN","[P1Y]","[]","2001"
"20","[]","[Percent]","Amount_Debt_EUR_LenderCountryQAT_AsAFractionOf_Amount_Debt_LenderCountryQAT","[P1Y]","[]","2001"
"1","[]","[Percent]","Amount_Debt_DEM_LenderCountryGIB_AsAFractionOf_Amount_Debt_LenderCountryGIB","[P1Y]","[]","1970"
"32","[]","[Percent]","Amount_Debt_EUR_LenderCountrySGP_AsAFractionOf_Amount_Debt_LenderCountrySGP","[P1Y]","[]","2001"
"6","[]","[Percent]","Amount_Debt_USD_LenderCountryPRY_AsAFractionOf_Amount_Debt_LenderCountryPRY","[P1Y]","[]","1970"
"96","[]","[Percent]","Amount_Debt_DEM_LenderCountryBEL_AsAFractionOf_Amount_Debt_LenderCountryBEL","[P1Y]","[]","1970"
"7","[]","[Percent]","Amount_Debt_SDR_LenderCountryHRV_AsAFractionOf_Amount_Debt_LenderCountryHRV","[P1Y]","[]","1970"
"98","[]","[Percent]","Amount_Debt_CHF_LenderOPECFundforInternationalDev_AsAFractionOf_Amount_Debt_LenderOPECFundforInternationalDev","[P1Y]","[]","1970"
"11","[]","[Percent]","Amount_Debt_CHF_LenderCorporacionAndinadeFomento_AsAFractionOf_Amount_Debt_LenderCorporacionAndinadeFomento","[P1Y]","[]","1970"
"31","[]","[Percent]","Amount_Debt_CHF_LenderCountryZAF_AsAFractionOf_Amount_Debt_LenderCountryZAF","[P1Y]","[]","1970"
"5","[]","[Percent]","Amount_Debt_WorldBankMultipleCurrency_LenderCountryCOG_AsAFractionOf_Amount_Debt_LenderCountryCOG","[P1Y]","[]","1970"
"49","[]","[Percent]","Amount_Debt_WorldBankOtherCurrency_LenderIslamicDevBank_AsAFractionOf_Amount_Debt_LenderIslamicDevBank","[P1Y]","[]","1970"
"13","[]","[Percent]","Amount_Debt_WorldBankOtherCurrency_LenderArabMonetaryFund_AsAFractionOf_Amount_Debt_LenderArabMonetaryFund","[P1Y]","[]","1970"
"2","[]","[Percent]","Amount_Debt_GBP_LenderCountryMAC_AsAFractionOf_Amount_Debt_LenderCountryMAC","[P1Y]","[]","1970"
"2","[]","[Percent]","Amount_Debt_FRF_LenderCountryUKR_AsAFractionOf_Amount_Debt_LenderCountryUKR","[P1Y]","[]","1970"
"21","[]","[Percent]","Amount_Debt_GBP_LenderArabFundforEconomicSocialDevelopment_AsAFractionOf_Amount_Debt_LenderArabFundforEconomicSocialDevelopment","[P1Y]","[]","1970"
"2","[]","[Percent]","Amount_Debt_WorldBankOtherCurrency_LenderCountryBFA_AsAFractionOf_Amount_Debt_LenderCountryBFA","[P1Y]","[]","1970"
"2","[]","[Percent]","Amount_Debt_WorldBankOtherCurrency_LenderCountryHND_AsAFractionOf_Amount_Debt_LenderCountryHND","[P1Y]","[]","1970"
"15","[]","[Percent]","Amount_Debt_JPY_LenderCorporacionAndinadeFomento_AsAFractionOf_Amount_Debt_LenderCorporacionAndinadeFomento","[P1Y]","[]","1970"
"13","[]","[Percent]","Amount_Debt_USD_LenderCountryCPV_AsAFractionOf_Amount_Debt_LenderCountryCPV","[P1Y]","[]","1970"
"83","[]","[Percent]","Amount_Debt_USD_LenderCountryRUS_AsAFractionOf_Amount_Debt_LenderCountryRUS","[P1Y]","[]","1970"
"1","[]","[Percent]","Amount_Debt_SDR_LenderUNRegularProgrammeofTechnicalCoop_AsAFractionOf_Amount_Debt_LenderUNRegularProgrammeofTechnicalCoop","[P1Y]","[]","1970"
"82","[]","[Percent]","Amount_Debt_WorldBankMultipleCurrency_LenderCountrySAU_AsAFractionOf_Amount_Debt_LenderCountrySAU","[P1Y]","[]","1970"
"4","[]","[Percent]","Amount_Debt_SDR_LenderEurasianDevelopmentBank_AsAFractionOf_Amount_Debt_LenderEurasianDevelopmentBank","[P1Y]","[]","1992"
"4","[]","[Percent]","Amount_Debt_FRF_LenderCountryIDN_AsAFractionOf_Amount_Debt_LenderCountryIDN","[P1Y]","[]","1970"
"6","[]","[Percent]","Amount_Debt_CHF_LenderCountryNGA_AsAFractionOf_Amount_Debt_LenderCountryNGA","[P1Y]","[]","1970"
"67","[]","[Percent]","Amount_Debt_DEM_LenderCountryKOR_AsAFractionOf_Amount_Debt_LenderCountryKOR","[P1Y]","[]","1970"
"3","[]","[Percent]","Amount_Debt_WorldBankOtherCurrency_LenderCountryKEN_AsAFractionOf_Amount_Debt_LenderCountryKEN","[P1Y]","[]","1970"
"23","[]","[Percent]","Amount_Debt_USD_LenderCountryPRK_AsAFractionOf_Amount_Debt_LenderCountryPRK","[P1Y]","[]","1970"
"1","[]","[Percent]","Amount_Debt_JPY_LenderCountryHTI_AsAFractionOf_Amount_Debt_LenderCountryHTI","[P1Y]","[]","1970"
"3","[]","[Percent]","Amount_Debt_GBP_LenderCountryPRI_AsAFractionOf_Amount_Debt_LenderCountryPRI","[P1Y]","[]","1970"
"19","[]","[Percent]","Amount_Debt_WorldBankOtherCurrency_LenderCountryMYS_AsAFractionOf_Amount_Debt_LenderCountryMYS","[P1Y]","[]","1970"
"44","[]","[Percent]","Amount_Debt_JPY_LenderCountryISR_AsAFractionOf_Amount_Debt_LenderCountryISR","[P1Y]","[]","1970"
"20","[]","[Percent]","Amount_Debt_WorldBankMultipleCurrency_LenderCountryBHR_AsAFractionOf_Amount_Debt_LenderCountryBHR","[P1Y]","[]","1970"
"34","[]","[Percent]","Amount_Debt_USD_LenderCountrySGP_AsAFractionOf_Amount_Debt_LenderCountrySGP","[P1Y]","[]","1970"
"3","[]","[Percent]","Amount_Debt_WorldBankOtherCurrency_LenderCountryURY_AsAFractionOf_Amount_Debt_LenderCountryURY","[P1Y]","[]","1970"
"4","[]","[Percent]","Amount_Debt_WorldBankOtherCurrency_LenderCountryMLT_AsAFractionOf_Amount_Debt_LenderCountryMLT","[P1Y]","[]","1970"
"1","[]","[Percent]","Amount_Debt_SDR_LenderUNPopulationFund_AsAFractionOf_Amount_Debt_LenderUNPopulationFund","[P1Y]","[]","1970"
"44","[]","[Percent]","Amount_Debt_GBP_LenderCountryAUS_AsAFractionOf_Amount_Debt_LenderCountryAUS","[P1Y]","[]","1970"
"14","[]","[Percent]","Amount_Debt_DEM_LenderCountryCYM_AsAFractionOf_Amount_Debt_LenderCountryCYM","[P1Y]","[]","1970"
"1","[]","[Percent]","Amount_Debt_WorldBankMultipleCurrency_LenderCountryKNA_AsAFractionOf_Amount_Debt_LenderCountryKNA","[P1Y]","[]","1981"
"15","[]","[Percent]","Amount_Debt_FRF_LenderCountryMEX_AsAFractionOf_Amount_Debt_LenderCountryMEX","[P1Y]","[]","1970"
"120","[]","[Percent]","Amount_Debt_DEM_LenderCountryUSA_AsAFractionOf_Amount_Debt_LenderCountryUSA","[P1Y]","[]","1970"
"9","[]","[Percent]","Amount_Debt_GBP_LenderCountryZMB_AsAFractionOf_Amount_Debt_LenderCountryZMB","[P1Y]","[]","1970"
"1","[]","[Percent]","Amount_Debt_WorldBankOtherCurrency_LenderCountryTCD_AsAFractionOf_Amount_Debt_LenderCountryTCD","[P1Y]","[]","1970"
"21","[]","[Percent]","Amount_Debt_SDR_LenderInternationalFinanceCorporation_AsAFractionOf_Amount_Debt_LenderInternationalFinanceCorporation","[P1Y]","[]","1970"
"10","[]","[Percent]","Amount_Debt_DEM_LenderCountryMAR_AsAFractionOf_Amount_Debt_LenderCountryMAR","[P1Y]","[]","1970"
"3","[]","[Percent]","Amount_Debt_DEM_LenderCountrySLV_AsAFractionOf_Amount_Debt_LenderCountrySLV","[P1Y]","[]","1970"
"1","[]","[Percent]","Amount_Debt_CHF_LenderEconCommoftheGreatLakesCountries_AsAFractionOf_Amount_Debt_LenderEconCommoftheGreatLakesCountries","[P1Y]","[]","1970"
"1","[]","[Percent]","Amount_Debt_WorldBankOtherCurrency_LenderSouthAsianDevelopmentFund_AsAFractionOf_Amount_Debt_LenderSouthAsianDevelopmentFund","[P1Y]","[]","1981"
"22","[]","[Percent]","Amount_Debt_SDR_LenderCountrySGP_AsAFractionOf_Amount_Debt_LenderCountrySGP","[P1Y]","[]","1970"
"25","[]","[Percent]","Amount_Debt_SDR_LenderCountryARG_AsAFractionOf_Amount_Debt_LenderCountryARG","[P1Y]","[]","1970"
"13","[]","[Percent]","Amount_Debt_SDR_LenderArabAfricanInternationalBank_AsAFractionOf_Amount_Debt_LenderArabAfricanInternationalBank","[P1Y]","[]","1970"
"2","[]","[Percent]","Amount_Debt_SDR_LenderCountryPRY_AsAFractionOf_Amount_Debt_LenderCountryPRY","[P1Y]","[]","1970"
"43","[]","[Percent]","Amount_Debt_USD_LenderAsianDevBank_AsAFractionOf_Amount_Debt_LenderAsianDevBank","[P1Y]","[]","1970"
"3","[]","[Percent]","Amount_Debt_JPY_LenderCountryPRI_AsAFractionOf_Amount_Debt_LenderCountryPRI","[P1Y]","[]","1970"
"13","[]","[Percent]","Amount_Debt_EUR_LenderArabMonetaryFund_AsAFractionOf_Amount_Debt_LenderArabMonetaryFund","[P1Y]","[]","2001"
"2","[]","[Percent]","Amount_Debt_CHF_LenderCountryJOR_AsAFractionOf_Amount_Debt_LenderCountryJOR","[P1Y]","[]","1981"
"2","[]","[Percent]","Amount_Debt_GBP_LenderWorldTradeOrganization_AsAFractionOf_Amount_Debt_LenderWorldTradeOrganization","[P1Y]","[]","1970"
"3","[]","[Percent]","Amount_Debt_JPY_LenderCountryMLI_AsAFractionOf_Amount_Debt_LenderCountryMLI","[P1Y]","[]","1970"
"3","[]","[Percent]","Amount_Debt_WorldBankMultipleCurrency_LenderCountryARM_AsAFractionOf_Amount_Debt_LenderCountryARM","[P1Y]","[]","1970"
"120","[]","[Percent]","Amount_Debt_EUR_LenderInternationalMonetaryFund_AsAFractionOf_Amount_Debt_LenderInternationalMonetaryFund","[P1Y]","[]","2001"
"2","[]","[Percent]","Amount_Debt_SDR_LenderCountryMKD_AsAFractionOf_Amount_Debt_LenderCountryMKD","[P1Y]","[]","1970"
"4","[]","[Percent]","Amount_Debt_CHF_LenderCountryKAZ_AsAFractionOf_Amount_Debt_LenderCountryKAZ","[P1Y]","[]","1992"
"6","[]","[Percent]","Amount_Debt_USD_LenderCountryBOL_AsAFractionOf_Amount_Debt_LenderCountryBOL","[P1Y]","[]","1970"
"4","[]","[Percent]","Amount_Debt_DEM_LenderCountryZWE_AsAFractionOf_Amount_Debt_LenderCountryZWE","[P1Y]","[]","1970"
"2","[]","[Percent]","Amount_Debt_DEM_LenderCountryVNM_AsAFractionOf_Amount_Debt_LenderCountryVNM","[P1Y]","[]","1970"
"1","[]","[Percent]","Amount_Debt_CHF_LenderCountryKGZ_AsAFractionOf_Amount_Debt_LenderCountryKGZ","[P1Y]","[]","1992"
"82","[]","[Percent]","Amount_Debt_EUR_LenderCountryIND_AsAFractionOf_Amount_Debt_LenderCountryIND","[P1Y]","[]","2001"
"3","[]","[Percent]","Amount_Debt_JPY_LenderCountryPHL_AsAFractionOf_Amount_Debt_LenderCountryPHL","[P1Y]","[]","1970"
"28","[]","[Percent]","Amount_Debt_JPY_LenderCountryBHR_AsAFractionOf_Amount_Debt_LenderCountryBHR","[P1Y]","[]","1970"
"3","[]","[Percent]","Amount_Debt_FRF_LenderCountryUZB_AsAFractionOf_Amount_Debt_LenderCountryUZB","[P1Y]","[]","1992"
"1","[]","[Percent]","Amount_Debt_WorldBankOtherCurrency_LenderCountryBGD_AsAFractionOf_Amount_Debt_LenderCountryBGD","[P1Y]","[]","1970"
"8","[]","[Percent]","Amount_Debt_WorldBankOtherCurrency_LenderCentralBankofWestAfricanStates_AsAFractionOf_Amount_Debt_LenderCentralBankofWestAfricanStates","[P1Y]","[]","1970"
"9","[]","[Percent]","Amount_Debt_SDR_LenderCountryAGO_AsAFractionOf_Amount_Debt_LenderCountryAGO","[P1Y]","[]","1970"
"100","[]","[Percent]","Amount_Debt_JPY_LenderCountryKWT_AsAFractionOf_Amount_Debt_LenderCountryKWT","[P1Y]","[]","1970"
"4","[]","[Percent]","Amount_Debt_WorldBankOtherCurrency_LenderCountryCPV_AsAFractionOf_Amount_Debt_LenderCountryCPV","[P1Y]","[]","1970"
"63","[]","[Percent]","Amount_Debt_WorldBankMultipleCurrency_LenderCountryKOR_AsAFractionOf_Amount_Debt_LenderCountryKOR","[P1Y]","[]","1970"
"1","[]","[Percent]","Amount_Debt_FRF_LenderCountryKGZ_AsAFractionOf_Amount_Debt_LenderCountryKGZ","[P1Y]","[]","1992"
"2","[]","[Percent]","Amount_Debt_JPY_LenderWorldTradeOrganization_AsAFractionOf_Amount_Debt_LenderWorldTradeOrganization","[P1Y]","[]","1970"
"122","[]","[Percent]","Amount_Debt_EUR_LenderEuropeanInvestmentBank_AsAFractionOf_Amount_Debt_LenderEuropeanInvestmentBank","[P1Y]","[]","2001"
"7","[]","[Percent]","Amount_Debt_USD_LenderCountryLKA_AsAFractionOf_Amount_Debt_LenderCountryLKA","[P1Y]","[]","1978"
"1","[]","[Percent]","Amount_Debt_SDR_LenderCountryRWA_AsAFractionOf_Amount_Debt_LenderCountryRWA","[P1Y]","[]","1970"
"10","[]","[Percent]","Amount_Debt_WorldBankOtherCurrency_LenderCentralAmericanBankforEconIntegration_AsAFractionOf_Amount_Debt_LenderCentralAmericanBankforEconIntegration","[P1Y]","[]","1970"
"41","[]","[Percent]","Amount_Debt_GBP_LenderArabBankforEconomicDevinAfrica_AsAFractionOf_Amount_Debt_LenderArabBankforEconomicDevinAfrica","[P1Y]","[]","1970"
"1","[]","[Percent]","Amount_Debt_GBP_LenderCountryMCO_AsAFractionOf_Amount_Debt_LenderCountryMCO","[P1Y]","[]","1970"
"134","[]","[Percent]","Amount_Debt_USD_AsAFractionOf_Amount_Debt","[P1Y]","[]","1970"
"2","[]","[Percent]","Amount_Debt_DEM_LenderCountryBDI_AsAFractionOf_Amount_Debt_LenderCountryBDI","[P1Y]","[]","1970"
"4","[]","[Percent]","Amount_Debt_WorldBankMultipleCurrency_LenderCountryLBR_AsAFractionOf_Amount_Debt_LenderCountryLBR","[P1Y]","[]","1970"
"40","[]","[Percent]","Amount_Debt_SDR_LenderCountryIRQ_AsAFractionOf_Amount_Debt_LenderCountryIRQ","[P1Y]","[]","1970"
"5","[]","[Percent]","Amount_Debt_EUR_LenderCountryCOG_AsAFractionOf_Amount_Debt_LenderCountryCOG","[P1Y]","[]","2001"
"11","[]","[Percent]","Amount_Debt_WorldBankOtherCurrency_LenderCountryPAK_AsAFractionOf_Amount_Debt_LenderCountryPAK","[P1Y]","[]","1970"
"46","[]","[Percent]","Amount_Debt_WorldBankOtherCurrency_LenderCountryFIN_AsAFractionOf_Amount_Debt_LenderCountryFIN","[P1Y]","[]","1970"
"4","[]","[Percent]","Amount_Debt_FRF_LenderCountryKAZ_AsAFractionOf_Amount_Debt_LenderCountryKAZ","[P1Y]","[]","1992"
"4","[]","[Percent]","Amount_Debt_WorldBankMultipleCurrency_LenderCountryJAM_AsAFractionOf_Amount_Debt_LenderCountryJAM","[P1Y]","[]","1970"
"1","[]","[Percent]","Amount_Debt_WorldBankOtherCurrency_LenderUNPopulationFund_AsAFractionOf_Amount_Debt_LenderUNPopulationFund","[P1Y]","[]","1970"
"31","[]","[Percent]","Amount_Debt_SDR_LenderCountryZAF_AsAFractionOf_Amount_Debt_LenderCountryZAF","[P1Y]","[]","1970"
"10","[]","[Percent]","Amount_Debt_USD_LenderPlataBasinFinancialDevFund_AsAFractionOf_Amount_Debt_LenderPlataBasinFinancialDevFund","[P1Y]","[]","1970"
"1","[]","[Percent]","Amount_Debt_FRF_LenderCountryNAM_AsAFractionOf_Amount_Debt_LenderCountryNAM","[P1Y]","[]","1970"
"1","[]","[Percent]","Amount_Debt_EUR_LenderCountryGRD_AsAFractionOf_Amount_Debt_LenderCountryGRD","[P1Y]","[]","2001"
"16","[]","[Percent]","Amount_Debt_WorldBankMultipleCurrency_LenderCountryQAT_AsAFractionOf_Amount_Debt_LenderCountryQAT","[P1Y]","[]","1970"
"3","[]","[Percent]","Amount_Debt_JPY_LenderUNGeneralAssembly_AsAFractionOf_Amount_Debt_LenderUNGeneralAssembly","[P1Y]","[]","1970"
"18","[]","[Percent]","Amount_Debt_USD_LenderUNDevelopmentProgramme_AsAFractionOf_Amount_Debt_LenderUNDevelopmentProgramme","[P1Y]","[]","1970"
"3","[]","[Percent]","Amount_Debt_USD_LenderEuropeanReliefFund_AsAFractionOf_Amount_Debt_LenderEuropeanReliefFund","[P1Y]","[]","1970"
"86","[]","[Percent]","Amount_Debt_DEM_LenderCountryCAN_AsAFractionOf_Amount_Debt_LenderCountryCAN","[P1Y]","[]","1970"
"3","[]","[Percent]","Amount_Debt_WorldBankOtherCurrency_LenderCountryGHA_AsAFractionOf_Amount_Debt_LenderCountryGHA","[P1Y]","[]","1970"
"47","[]","[Percent]","Amount_Debt_DEM_LenderCountryHUN_AsAFractionOf_Amount_Debt_LenderCountryHUN","[P1Y]","[]","1970"
"7","[]","[Percent]","Amount_Debt_EUR_LenderUNDevelopmentProgramme_AsAFractionOf_Amount_Debt_LenderUNDevelopmentProgramme","[P1Y]","[]","2001"
"15","[]","[Percent]","Amount_Debt_USD_LenderCountryIDN_AsAFractionOf_Amount_Debt_LenderCountryIDN","[P1Y]","[]","1970"
"6","[]","[Percent]","Amount_Debt_EUR_LenderCountryBRB_AsAFractionOf_Amount_Debt_LenderCountryBRB","[P1Y]","[]","2001"
"73","[]","[Percent]","Amount_Debt_SDR_LenderCountryRUS_AsAFractionOf_Amount_Debt_LenderCountryRUS","[P1Y]","[]","1970"
"3","[]","[Percent]","Amount_Debt_FRF_LenderInternationalBankforEconomicCooperation_AsAFractionOf_Amount_Debt_LenderInternationalBankforEconomicCooperation","[P1Y]","[]","1970"
"102","[]","[Percent]","Amount_Debt_EUR_LenderCountryBEL_AsAFractionOf_Amount_Debt_LenderCountryBEL","[P1Y]","[]","2001"
"23","[]","[Percent]","Amount_Debt_USD_LenderCountryPAK_AsAFractionOf_Amount_Debt_LenderCountryPAK","[P1Y]","[]","1970"
"1","[]","[Percent]","Amount_Debt_EUR_LenderUNPopulationFund_AsAFractionOf_Amount_Debt_LenderUNPopulationFund","[P1Y]","[]","2001"
"1","[]","[Percent]","Amount_Debt_CHF_LenderCountryMNE_AsAFractionOf_Amount_Debt_LenderCountryMNE","[P1Y]","[]","1970"
"53","[]","[Percent]","Amount_Debt_FRF_LenderCountrySRB_AsAFractionOf_Amount_Debt_LenderCountrySRB","[P1Y]","[]","1970"
"20","[]","[Percent]","Amount_Debt_GBP_LenderCountryQAT_AsAFractionOf_Amount_Debt_LenderCountryQAT","[P1Y]","[]","1970"
"3","[]","[Percent]","Amount_Debt_DEM_LenderNewDevelopmentBank_AsAFractionOf_Amount_Debt_LenderNewDevelopmentBank","[P1Y]","[]","1970"
"14","[]","[Percent]","Amount_Debt_WorldBankOtherCurrency_LenderCountryPRK_AsAFractionOf_Amount_Debt_LenderCountryPRK","[P1Y]","[]","1970"
"1","[]","[Percent]","Amount_Debt_FRF_LenderBolivarianAlliancefortheAmericas_AsAFractionOf_Amount_Debt_LenderBolivarianAlliancefortheAmericas","[P1Y]","[]","1970"
"50","[]","[Percent]","Amount_Debt_SDR_LenderCountryLBY_AsAFractionOf_Amount_Debt_LenderCountryLBY","[P1Y]","[]","1970"
"32","[]","[Percent]","Amount_Debt_USD_LenderCountryMYS_AsAFractionOf_Amount_Debt_LenderCountryMYS","[P1Y]","[]","1970"
"8","[]","[Percent]","Amount_Debt_EUR_LenderCountrySVN_AsAFractionOf_Amount_Debt_LenderCountrySVN","[P1Y]","[]","2001"
"1","[]","[Percent]","Amount_Debt_FRF_LenderCountryMNE_AsAFractionOf_Amount_Debt_LenderCountryMNE","[P1Y]","[]","1970"
"10","[]","[Percent]","Amount_Debt_WorldBankMultipleCurrency_LenderCountryCYM_AsAFractionOf_Amount_Debt_LenderCountryCYM","[P1Y]","[]","1970"
"2","[]","[Percent]","Amount_Debt_EUR_LenderCountryTZA_AsAFractionOf_Amount_Debt_LenderCountryTZA","[P1Y]","[]","2001"
"1","[]","[Percent]","Amount_Debt_JPY_LenderCountryMCO_AsAFractionOf_Amount_Debt_LenderCountryMCO","[P1Y]","[]","1970"
"51","[]","[Percent]","Amount_Debt_WorldBankMultipleCurrency_LenderGermanDemRep_AsAFractionOf_Amount_Debt_LenderGermanDemRep","[P1Y]","[]","1970"
"1","[]","[Percent]","Amount_Debt_SDR_LenderCountryISL_AsAFractionOf_Amount_Debt_LenderCountryISL","[P1Y]","[]","1970"
"41","[]","[Percent]","Amount_Debt_FRF_LenderArabBankforEconomicDevinAfrica_AsAFractionOf_Amount_Debt_LenderArabBankforEconomicDevinAfrica","[P1Y]","[]","1970"
"71","[]","[Percent]","Amount_Debt_SDR_LenderEuropeanDevelopmentFund_AsAFractionOf_Amount_Debt_LenderEuropeanDevelopmentFund","[P1Y]","[]","1970"
"14","[]","[Percent]","Amount_Debt_USD_LenderCountryNGA_AsAFractionOf_Amount_Debt_LenderCountryNGA","[P1Y]","[]","1970"
"44","[]","[Percent]","Amount_Debt_WorldBankMultipleCurrency_LenderCountryISR_AsAFractionOf_Amount_Debt_LenderCountryISR","[P1Y]","[]","1970"
"3","[]","[Percent]","Amount_Debt_WorldBankOtherCurrency_LenderECOTradeandDevBank_AsAFractionOf_Amount_Debt_LenderECOTradeandDevBank","[P1Y]","[]","1970"
"1","[]","[Percent]","Amount_Debt_GBP_LenderCountryGIB_AsAFractionOf_Amount_Debt_LenderCountryGIB","[P1Y]","[]","1970"
"16","[]","[Percent]","Amount_Debt_JPY_LenderCountryQAT_AsAFractionOf_Amount_Debt_LenderCountryQAT","[P1Y]","[]","1970"
"121","[]","[Percent]","Amount_Debt_JPY_LenderCountryUSA_AsAFractionOf_Amount_Debt_LenderCountryUSA","[P1Y]","[]","1970"
"114","[]","[Percent]","Amount_Debt_EUR_LenderCountryJPN_AsAFractionOf_Amount_Debt_LenderCountryJPN","[P1Y]","[]","2001"
"17","[]","[Percent]","Amount_Debt_USD_LenderCountryAGO_AsAFractionOf_Amount_Debt_LenderCountryAGO","[P1Y]","[]","1970"
"4","[]","[Percent]","Amount_Debt_JPY_LenderCountrySVN_AsAFractionOf_Amount_Debt_LenderCountrySVN","[P1Y]","[]","1970"
"120","[]","[Percent]","Amount_Debt_CHF_LenderOtherMultipleLenders_AsAFractionOf_Amount_Debt_LenderOtherMultipleLenders","[P1Y]","[]","1970"
"14","[]","[Percent]","Amount_Debt_JPY_LenderCountryCYM_AsAFractionOf_Amount_Debt_LenderCountryCYM","[P1Y]","[]","1970"
"3","[]","[Percent]","Amount_Debt_FRF_LenderCountryURY_AsAFractionOf_Amount_Debt_LenderCountryURY","[P1Y]","[]","1970"
"33","[]","[Percent]","Amount_Debt_EUR_LenderCountryHKG_AsAFractionOf_Amount_Debt_LenderCountryHKG","[P1Y]","[]","2001"
"5","[]","[Percent]","Amount_Debt_GBP_LenderOrgofArabPetroleumExportingCountries_AsAFractionOf_Amount_Debt_LenderOrgofArabPetroleumExportingCountries","[P1Y]","[]","1970"
"3","[]","[Percent]","Amount_Debt_SDR_LenderCountryAZE_AsAFractionOf_Amount_Debt_LenderCountryAZE","[P1Y]","[]","1970"
"7","[]","[Percent]","Amount_Debt_JPY_LenderCountryTUN_AsAFractionOf_Amount_Debt_LenderCountryTUN","[P1Y]","[]","1970"
"2","[]","[Percent]","Amount_Debt_CHF_LenderCountryBFA_AsAFractionOf_Amount_Debt_LenderCountryBFA","[P1Y]","[]","1970"
"1","[]","[Percent]","Amount_Debt_USD_LenderCountryRWA_AsAFractionOf_Amount_Debt_LenderCountryRWA","[P1Y]","[]","1970"
"124","[]","[Percent]","Amount_Debt_EUR_LenderCountryUSA_AsAFractionOf_Amount_Debt_LenderCountryUSA","[P1Y]","[]","2001"
"7","[]","[Percent]","Amount_Debt_DEM_LenderCountryLBN_AsAFractionOf_Amount_Debt_LenderCountryLBN","[P1Y]","[]","1970"
"121","[]","[Percent]","Amount_Debt_USD_LenderInternationalFundforAgriculturalDev_AsAFractionOf_Amount_Debt_LenderInternationalFundforAgriculturalDev","[P1Y]","[]","1970"
"31","[]","[Percent]","Amount_Debt_EUR_LenderCountryIRN_AsAFractionOf_Amount_Debt_LenderCountryIRN","[P1Y]","[]","2001"
"6","[]","[Percent]","Amount_Debt_SDR_LenderCountryNGA_AsAFractionOf_Amount_Debt_LenderCountryNGA","[P1Y]","[]","1970"
"3","[]","[Percent]","Amount_Debt_USD_LenderCountryGHA_AsAFractionOf_Amount_Debt_LenderCountryGHA","[P1Y]","[]","1970"
"20","[]","[Percent]","Amount_Debt_FRF_LenderAfricanExportImportBank_AsAFractionOf_Amount_Debt_LenderAfricanExportImportBank","[P1Y]","[]","1970"
"1","[]","[Percent]","Amount_Debt_CHF_LenderCountryNIC_AsAFractionOf_Amount_Debt_LenderCountryNIC","[P1Y]","[]","1970"
"7","[]","[Percent]","Amount_Debt_WorldBankMultipleCurrency_LenderUNDevelopmentProgramme_AsAFractionOf_Amount_Debt_LenderUNDevelopmentProgramme","[P1Y]","[]","1970"
"56","[]","[Percent]","Amount_Debt_WorldBankMultipleCurrency_LenderCountryNOR_AsAFractionOf_Amount_Debt_LenderCountryNOR","[P1Y]","[]","1970"
"1","[]","[Percent]","Amount_Debt_EUR_LenderCountryHTI_AsAFractionOf_Amount_Debt_LenderCountryHTI","[P1Y]","[]","2001"
"38","[]","[Percent]","Amount_Debt_WorldBankOtherCurrency_LenderNordicDevelopmentFund_AsAFractionOf_Amount_Debt_LenderNordicDevelopmentFund","[P1Y]","[]","1970"
"1","[]","[Percent]","Amount_Debt_SDR_LenderCountryGMB_AsAFractionOf_Amount_Debt_LenderCountryGMB","[P1Y]","[]","1970"
"4","[]","[Percent]","Amount_Debt_SDR_LenderEuropeanSocialFund_AsAFractionOf_Amount_Debt_LenderEuropeanSocialFund","[P1Y]","[]","1970"
"36","[]","[Percent]","Amount_Debt_DEM_LenderCountryAUS_AsAFractionOf_Amount_Debt_LenderCountryAUS","[P1Y]","[]","1970"
"1","[]","[Percent]","Amount_Debt_CHF_LenderBolivarianAlliancefortheAmericas_AsAFractionOf_Amount_Debt_LenderBolivarianAlliancefortheAmericas","[P1Y]","[]","1970"
"11","[]","[Percent]","Amount_Debt_DEM_LenderCountrySVK_AsAFractionOf_Amount_Debt_LenderCountrySVK","[P1Y]","[]","1970"
"3","[]","[Percent]","Amount_Debt_GBP_LenderCountrySLV_AsAFractionOf_Amount_Debt_LenderCountrySLV","[P1Y]","[]","1970"
"3","[]","[Percent]","Amount_Debt_EUR_LenderCountrySEN_AsAFractionOf_Amount_Debt_LenderCountrySEN","[P1Y]","[]","2001"
"32","[]","[Percent]","Amount_Debt_WorldBankOtherCurrency_LenderAsianDevBank_AsAFractionOf_Amount_Debt_LenderAsianDevBank","[P1Y]","[]","1970"
"3","[]","[Percent]","Amount_Debt_JPY_LenderInternationalBankforEconomicCooperation_AsAFractionOf_Amount_Debt_LenderInternationalBankforEconomicCooperation","[P1Y]","[]","1970"
"117","[]","[Percent]","Amount_Debt_FRF_LenderCountryGBR_AsAFractionOf_Amount_Debt_LenderCountryGBR","[P1Y]","[]","1970"
"9","[]","[Percent]","Amount_Debt_DEM_LenderCountryCOL_AsAFractionOf_Amount_Debt_LenderCountryCOL","[P1Y]","[]","1970"
"76","[]","[Percent]","Amount_Debt_WorldBankMultipleCurrency_LenderCountrySWE_AsAFractionOf_Amount_Debt_LenderCountrySWE","[P1Y]","[]","1970"
"13","[]","[Percent]","Amount_Debt_GBP_LenderArabMonetaryFund_AsAFractionOf_Amount_Debt_LenderArabMonetaryFund","[P1Y]","[]","1970"
"8","[]","[Percent]","Amount_Debt_EUR_LenderCountryCHL_AsAFractionOf_Amount_Debt_LenderCountryCHL","[P1Y]","[]","2001"
"2","[]","[Percent]","Amount_Debt_WorldBankOtherCurrency_LenderWorldBankMIGA_AsAFractionOf_Amount_Debt_LenderWorldBankMIGA","[P1Y]","[]","1970"
"1","[]","[Percent]","Amount_Debt_JPY_LenderCountryGIB_AsAFractionOf_Amount_Debt_LenderCountryGIB","[P1Y]","[]","1970"
"2","[]","[Percent]","Amount_Debt_CHF_LenderWorldBankMIGA_AsAFractionOf_Amount_Debt_LenderWorldBankMIGA","[P1Y]","[]","1970"
"14","[]","[Percent]","Amount_Debt_GBP_LenderCountryCYM_AsAFractionOf_Amount_Debt_LenderCountryCYM","[P1Y]","[]","1970"
"4","[]","[Percent]","Amount_Debt_GBP_LenderCountrySVN_AsAFractionOf_Amount_Debt_LenderCountrySVN","[P1Y]","[]","1970"
"6","[]","[Percent]","Amount_Debt_GBP_LenderCountryTZA_AsAFractionOf_Amount_Debt_LenderCountryTZA","[P1Y]","[]","1970"
"22","[]","[Percent]","Amount_Debt_WorldBankMultipleCurrency_LenderEconomicCommunityofWestAfricanStates_AsAFractionOf_Amount_Debt_LenderEconomicCommunityofWestAfricanStates","[P1Y]","[]","1970"
"3","[]","[Percent]","Amount_Debt_JPY_LenderCountrySLV_AsAFractionOf_Amount_Debt_LenderCountrySLV","[P1Y]","[]","1970"
"5","[]","[Percent]","Amount_Debt_DEM_LenderCountryTKM_AsAFractionOf_Amount_Debt_LenderCountryTKM","[P1Y]","[]","1992"
"3","[]","[Percent]","Amount_Debt_DEM_LenderFondoLatinoamericanodeReservas_AsAFractionOf_Amount_Debt_LenderFondoLatinoamericanodeReservas","[P1Y]","[]","1970"
"120","[]","[Percent]","Amount_Debt_CHF_LenderCountryGBR_AsAFractionOf_Amount_Debt_LenderCountryGBR","[P1Y]","[]","1970"
"104","[]","[Percent]","Amount_Debt_GBP_LenderCountryKWT_AsAFractionOf_Amount_Debt_LenderCountryKWT","[P1Y]","[]","1970"
"1","[]","[Percent]","Amount_Debt_DEM_LenderCountryCOD_AsAFractionOf_Amount_Debt_LenderCountryCOD","[P1Y]","[]","1970"
"1","[]","[Percent]","Amount_Debt_GBP_LenderIslamicSolidarityFundforDev_AsAFractionOf_Amount_Debt_LenderIslamicSolidarityFundforDev","[P1Y]","[]","1992"
"103","[]","[Percent]","Amount_Debt_JPY_LenderWorldBankIBRD_AsAFractionOf_Amount_Debt_LenderWorldBankIBRD","[P1Y]","[]","1970"
"8","[]","[Percent]","Amount_Debt_WorldBankMultipleCurrency_LenderCountryTTO_AsAFractionOf_Amount_Debt_LenderCountryTTO","[P1Y]","[]","1970"
"38","[]","[Percent]","Amount_Debt_USD_LenderCountryDZA_AsAFractionOf_Amount_Debt_LenderCountryDZA","[P1Y]","[]","1970"
"122","[]","[Percent]","Amount_Debt_GBP_LenderCountryUSA_AsAFractionOf_Amount_Debt_LenderCountryUSA","[P1Y]","[]","1970"
"68","[]","[Percent]","Amount_Debt_USD_LenderCountrySUN_AsAFractionOf_Amount_Debt_LenderCountrySUN","[P1Y]","[]","1970"
"1","[]","[Percent]","Amount_Debt_EUR_LenderCountryMDA_AsAFractionOf_Amount_Debt_LenderCountryMDA","[P1Y]","[]","2001"
"3","[]","[Percent]","Amount_Debt_WorldBankMultipleCurrency_LenderCountryCMR_AsAFractionOf_Amount_Debt_LenderCountryCMR","[P1Y]","[]","1970"
"46","[]","[Percent]","Amount_Debt_EUR_LenderCountryROU_AsAFractionOf_Amount_Debt_LenderCountryROU","[P1Y]","[]","2001"
"2","[]","[Percent]","Amount_Debt_WorldBankOtherCurrency_LenderCountryUKR_AsAFractionOf_Amount_Debt_LenderCountryUKR","[P1Y]","[]","1970"
"2","[]","[Percent]","Amount_Debt_SDR_LenderLatinAmerConfofSavingCreditCoop_AsAFractionOf_Amount_Debt_LenderLatinAmerConfofSavingCreditCoop","[P1Y]","[]","1970"
"79","[]","[Percent]","Amount_Debt_WorldBankMultipleCurrency_LenderCountryDNK_AsAFractionOf_Amount_Debt_LenderCountryDNK","[P1Y]","[]","1970"
"58","[]","[Percent]","Amount_Debt_SDR_LenderCountrySUN_AsAFractionOf_Amount_Debt_LenderCountrySUN","[P1Y]","[]","1970"
"63","[]","[Percent]","Amount_Debt_GBP_LenderCountryNOR_AsAFractionOf_Amount_Debt_LenderCountryNOR","[P1Y]","[]","1970"
"7","[]","[Percent]","Amount_Debt_USD_LenderCountryBRN_AsAFractionOf_Amount_Debt_LenderCountryBRN","[P1Y]","[]","1970"
"1","[]","[Percent]","Amount_Debt_JPY_LenderEconCommoftheGreatLakesCountries_AsAFractionOf_Amount_Debt_LenderEconCommoftheGreatLakesCountries","[P1Y]","[]","1970"
"2","[]","[Percent]","Amount_Debt_JPY_LenderCountryTZA_AsAFractionOf_Amount_Debt_LenderCountryTZA","[P1Y]","[]","1970"
"5","[]","[Percent]","Amount_Debt_WorldBankOtherCurrency_LenderCountryIDN_AsAFractionOf_Amount_Debt_LenderCountryIDN","[P1Y]","[]","1970"
"25","[]","[Percent]","Amount_Debt_JPY_LenderInternationalFinanceCorporation_AsAFractionOf_Amount_Debt_LenderInternationalFinanceCorporation","[P1Y]","[]","1970"
"99","[]","[Percent]","Amount_Debt_DEM_LenderWorldBankIBRD_AsAFractionOf_Amount_Debt_LenderWorldBankIBRD","[P1Y]","[]","1970"
"20","[]","[Percent]","Amount_Debt_DEM_LenderArabFundforEconomicSocialDevelopment_AsAFractionOf_Amount_Debt_LenderArabFundforEconomicSocialDevelopment","[P1Y]","[]","1970"
"1","[]","[Percent]","Amount_Debt_WorldBankMultipleCurrency_LenderCountryVCT_AsAFractionOf_Amount_Debt_LenderCountryVCT","[P1Y]","[]","1981"
"57","[]","[Percent]","Amount_Debt_FRF_LenderAfricanDevBank_AsAFractionOf_Amount_Debt_LenderAfricanDevBank","[P1Y]","[]","1970"
"3","[]","[Percent]","Amount_Debt_SDR_LenderFondoLatinoamericanodeReservas_AsAFractionOf_Amount_Debt_LenderFondoLatinoamericanodeReservas","[P1Y]","[]","1970"
"17","[]","[Percent]","Amount_Debt_WorldBankOtherCurrency_LenderCountryIRL_AsAFractionOf_Amount_Debt_LenderCountryIRL","[P1Y]","[]","1970"
"20","[]","[Percent]","Amount_Debt_JPY_LenderAfricanExportImportBank_AsAFractionOf_Amount_Debt_LenderAfricanExportImportBank","[P1Y]","[]","1970"
"1","[]","[Percent]","Amount_Debt_JPY_LenderCountryVCT_AsAFractionOf_Amount_Debt_LenderCountryVCT","[P1Y]","[]","1981"
"1","[]","[Percent]","Amount_Debt_USD_LenderCountryGMB_AsAFractionOf_Amount_Debt_LenderCountryGMB","[P1Y]","[]","1970"
"6","[]","[Percent]","Amount_Debt_GBP_LenderCountryBRB_AsAFractionOf_Amount_Debt_LenderCountryBRB","[P1Y]","[]","1970"
"18","[]","[Percent]","Amount_Debt_USD_LenderEasternSouthernAfricanTradeDevBank_AsAFractionOf_Amount_Debt_LenderEasternSouthernAfricanTradeDevBank","[P1Y]","[]","1970"
"57","[]","[Percent]","Amount_Debt_USD_LenderCountryBRA_AsAFractionOf_Amount_Debt_LenderCountryBRA","[P1Y]","[]","1970"
"1","[]","[Percent]","Amount_Debt_CHF_LenderEuropeanCoalandSteelCommunity_AsAFractionOf_Amount_Debt_LenderEuropeanCoalandSteelCommunity","[P1Y]","[]","1970"
"1","[]","[Percent]","Amount_Debt_JPY_LenderUNChildrenFund_AsAFractionOf_Amount_Debt_LenderUNChildrenFund","[P1Y]","[]","1970"
"26","[]","[Percent]","Amount_Debt_EUR_LenderCountryBHR_AsAFractionOf_Amount_Debt_LenderCountryBHR","[P1Y]","[]","2001"
"3","[]","[Percent]","Amount_Debt_WorldBankMultipleCurrency_LenderCountrySLV_AsAFractionOf_Amount_Debt_LenderCountrySLV","[P1Y]","[]","1970"
"1","[]","[Percent]","Amount_Debt_EUR_LenderBankforInternationalSettlements_AsAFractionOf_Amount_Debt_LenderBankforInternationalSettlements","[P1Y]","[]","2001"
"3","[]","[Percent]","Amount_Debt_CHF_LenderCountryGHA_AsAFractionOf_Amount_Debt_LenderCountryGHA","[P1Y]","[]","1970"
"2","[]","[Percent]","Amount_Debt_USD_LenderCountryBFA_AsAFractionOf_Amount_Debt_LenderCountryBFA","[P1Y]","[]","1970"
"120","[]","[Percent]","Amount_Debt_WorldBankOtherCurrency_LenderOtherMultipleLenders_AsAFractionOf_Amount_Debt_LenderOtherMultipleLenders","[P1Y]","[]","1970"
"106","[]","[Percent]","Amount_Debt_EUR_LenderCountryKWT_AsAFractionOf_Amount_Debt_LenderCountryKWT","[P1Y]","[]","2001"
"2","[]","[Percent]","Amount_Debt_USD_LenderCountryGAB_AsAFractionOf_Amount_Debt_LenderCountryGAB","[P1Y]","[]","1970"
"76","[]","[Percent]","Amount_Debt_JPY_LenderCountryIND_AsAFractionOf_Amount_Debt_LenderCountryIND","[P1Y]","[]","1970"
"3","[]","[Percent]","Amount_Debt_JPY_LenderECOTradeandDevBank_AsAFractionOf_Amount_Debt_LenderECOTradeandDevBank","[P1Y]","[]","1970"
"92","[]","[Percent]","Amount_Debt_EUR_LenderCountrySAU_AsAFractionOf_Amount_Debt_LenderCountrySAU","[P1Y]","[]","2001"
"8","[]","[Percent]","Amount_Debt_CHF_LenderCountryMLT_AsAFractionOf_Amount_Debt_LenderCountryMLT","[P1Y]","[]","1970"
"5","[]","[Percent]","Amount_Debt_JPY_LenderCountryCOG_AsAFractionOf_Amount_Debt_LenderCountryCOG","[P1Y]","[]","1970"
"8","[]","[Percent]","Amount_Debt_GBP_LenderCountryPER_AsAFractionOf_Amount_Debt_LenderCountryPER","[P1Y]","[]","1970"
"112","[]","[Percent]","Amount_Debt_USD_LenderOPECFundforInternationalDev_AsAFractionOf_Amount_Debt_LenderOPECFundforInternationalDev","[P1Y]","[]","1970"
"56","[]","[Percent]","Amount_Debt_JPY_LenderCountryNOR_AsAFractionOf_Amount_Debt_LenderCountryNOR","[P1Y]","[]","1970"
"8","[]","[Percent]","Amount_Debt_DEM_LenderCountryTTO_AsAFractionOf_Amount_Debt_LenderCountryTTO","[P1Y]","[]","1970"
"9","[]","[Percent]","Amount_Debt_JPY_LenderEUROFIMA_AsAFractionOf_Amount_Debt_LenderEUROFIMA","[P1Y]","[]","1970"
"85","[]","[Percent]","Amount_Debt_GBP_LenderCountryDNK_AsAFractionOf_Amount_Debt_LenderCountryDNK","[P1Y]","[]","1970"
"3","[]","[Percent]","Amount_Debt_CHF_LenderEuropeanReliefFund_AsAFractionOf_Amount_Debt_LenderEuropeanReliefFund","[P1Y]","[]","1970"
"3","[]","[Percent]","Amount_Debt_SDR_LenderCountryGHA_AsAFractionOf_Amount_Debt_LenderCountryGHA","[P1Y]","[]","1970"
"9","[]","[Percent]","Amount_Debt_WorldBankMultipleCurrency_LenderCountryTKM_AsAFractionOf_Amount_Debt_LenderCountryTKM","[P1Y]","[]","1992"
"50","[]","[Percent]","Amount_Debt_SDR_LenderNordicDevelopmentFund_AsAFractionOf_Amount_Debt_LenderNordicDevelopmentFund","[P1Y]","[]","1970"
"105","[]","[Percent]","Amount_Debt_JPY_LenderOPECFundforInternationalDev_AsAFractionOf_Amount_Debt_LenderOPECFundforInternationalDev","[P1Y]","[]","1970"
"14","[]","[Percent]","Amount_Debt_CHF_LenderCountryPRK_AsAFractionOf_Amount_Debt_LenderCountryPRK","[P1Y]","[]","1970"
"13","[]","[Percent]","Amount_Debt_USD_LenderCountryBLR_AsAFractionOf_Amount_Debt_LenderCountryBLR","[P1Y]","[]","1970"
"37","[]","[Percent]","Amount_Debt_USD_LenderAsianInfrastructureInvestmentBank_AsAFractionOf_Amount_Debt_LenderAsianInfrastructureInvestmentBank","[P1Y]","[]","1970"
"19","[]","[Percent]","Amount_Debt_SDR_LenderCountryMYS_AsAFractionOf_Amount_Debt_LenderCountryMYS","[P1Y]","[]","1970"
"53","[]","[Percent]","Amount_Debt_DEM_LenderEuropeanEconomicCommunity_AsAFractionOf_Amount_Debt_LenderEuropeanEconomicCommunity","[P1Y]","[]","1970"
"1","[]","[Percent]","Amount_Debt_GBP_LenderCountryVCT_AsAFractionOf_Amount_Debt_LenderCountryVCT","[P1Y]","[]","1981"
"117","[]","[Percent]","Amount_Debt_WorldBankMultipleCurrency_LenderCountryUSA_AsAFractionOf_Amount_Debt_LenderCountryUSA","[P1Y]","[]","1970"
"4","[]","[Percent]","Amount_Debt_SDR_LenderCountryMLT_AsAFractionOf_Amount_Debt_LenderCountryMLT","[P1Y]","[]","1970"
"13","[]","[Percent]","Amount_Debt_FRF_LenderCountryNZL_AsAFractionOf_Amount_Debt_LenderCountryNZL","[P1Y]","[]","1970"
"37","[]","[Percent]","Amount_Debt_WorldBankMultipleCurrency_LenderCountryAUS_AsAFractionOf_Amount_Debt_LenderCountryAUS","[P1Y]","[]","1970"
"1","[]","[Percent]","Amount_Debt_USD_LenderCountryTCD_AsAFractionOf_Amount_Debt_LenderCountryTCD","[P1Y]","[]","1970"
"3","[]","[Percent]","Amount_Debt_SDR_LenderInternationalBankforEconomicCooperation_AsAFractionOf_Amount_Debt_LenderInternationalBankforEconomicCooperation","[P1Y]","[]","1970"
"1","[]","[Percent]","Amount_Debt_FRF_LenderCountryNIC_AsAFractionOf_Amount_Debt_LenderCountryNIC","[P1Y]","[]","1970"
"18","[]","[Percent]","Amount_Debt_CHF_LenderCountryPRT_AsAFractionOf_Amount_Debt_LenderCountryPRT","[P1Y]","[]","1970"
"11","[]","[Percent]","Amount_Debt_DEM_LenderCountryLBR_AsAFractionOf_Amount_Debt_LenderCountryLBR","[P1Y]","[]","1970"
"7","[]","[Percent]","Amount_Debt_EUR_LenderNewDevelopmentBank_AsAFractionOf_Amount_Debt_LenderNewDevelopmentBank","[P1Y]","[]","2001"
"11","[]","[Percent]","Amount_Debt_CHF_LenderCountryPAK_AsAFractionOf_Amount_Debt_LenderCountryPAK","[P1Y]","[]","1970"
"74","[]","[Percent]","Amount_Debt_GBP_LenderCountrySWE_AsAFractionOf_Amount_Debt_LenderCountrySWE","[P1Y]","[]","1970"
"87","[]","[Percent]","Amount_Debt_GBP_LenderCountryIND_AsAFractionOf_Amount_Debt_LenderCountryIND","[P1Y]","[]","1970"
"122","[]","[Percent]","Amount_Debt_WorldBankMultipleCurrency_LenderCountryFRA_AsAFractionOf_Amount_Debt_LenderCountryFRA","[P1Y]","[]","1970"
"1","[]","[Percent]","Amount_Debt_FRF_LenderCountryBEN_AsAFractionOf_Amount_Debt_LenderCountryBEN","[P1Y]","[]","1970"
"5","[]","[Percent]","Amount_Debt_SDR_LenderCountryBLR_AsAFractionOf_Amount_Debt_LenderCountryBLR","[P1Y]","[]","1970"
"69","[]","[Percent]","Amount_Debt_WorldBankOtherCurrency_LenderCountryRUS_AsAFractionOf_Amount_Debt_LenderCountryRUS","[P1Y]","[]","1970"
"5","[]","[Percent]","Amount_Debt_USD_LenderCountryISL_AsAFractionOf_Amount_Debt_LenderCountryISL","[P1Y]","[]","1970"
"95","[]","[Percent]","Amount_Debt_FRF_LenderOPECFundforInternationalDev_AsAFractionOf_Amount_Debt_LenderOPECFundforInternationalDev","[P1Y]","[]","1970"
"14","[]","[Percent]","Amount_Debt_USD_LenderCountryMLT_AsAFractionOf_Amount_Debt_LenderCountryMLT","[P1Y]","[]","1970"
"5","[]","[Percent]","Amount_Debt_EUR_LenderCountryCRI_AsAFractionOf_Amount_Debt_LenderCountryCRI","[P1Y]","[]","2001"
"38","[]","[Percent]","Amount_Debt_GBP_LenderNordicDevelopmentFund_AsAFractionOf_Amount_Debt_LenderNordicDevelopmentFund","[P1Y]","[]","1970"
"120","[]","[Percent]","Amount_Debt_GBP_LenderInternationalMonetaryFund_AsAFractionOf_Amount_Debt_LenderInternationalMonetaryFund","[P1Y]","[]","1970"
"44","[]","[Percent]","Amount_Debt_USD_LenderCountryZAF_AsAFractionOf_Amount_Debt_LenderCountryZAF","[P1Y]","[]","1970"
"3","[]","[Percent]","Amount_Debt_WorldBankMultipleCurrency_LenderCountryPRI_AsAFractionOf_Amount_Debt_LenderCountryPRI","[P1Y]","[]","1970"
"110","[]","[Percent]","Amount_Debt_WorldBankMultipleCurrency_LenderOPECFundforInternationalDev_AsAFractionOf_Amount_Debt_LenderOPECFundforInternationalDev","[P1Y]","[]","1970"
"8","[]","[Percent]","Amount_Debt_JPY_LenderCountryPER_AsAFractionOf_Amount_Debt_LenderCountryPER","[P1Y]","[]","1970"
"2","[]","[Percent]","Amount_Debt_WorldBankMultipleCurrency_LenderInternationalCoffeeOrganization_AsAFractionOf_Amount_Debt_LenderInternationalCoffeeOrganization","[P1Y]","[]","1970"
"23","[]","[Percent]","Amount_Debt_SDR_LenderCountryPRT_AsAFractionOf_Amount_Debt_LenderCountryPRT","[P1Y]","[]","1970"
"7","[]","[Percent]","Amount_Debt_USD_LenderCountryAZE_AsAFractionOf_Amount_Debt_LenderCountryAZE","[P1Y]","[]","1970"
"21","[]","[Percent]","Amount_Debt_WorldBankOtherCurrency_LenderArabFundforEconomicSocialDevelopment_AsAFractionOf_Amount_Debt_LenderArabFundforEconomicSocialDevelopment","[P1Y]","[]","1970"
"4","[]","[Percent]","Amount_Debt_CHF_LenderCountryCPV_AsAFractionOf_Amount_Debt_LenderCountryCPV","[P1Y]","[]","1970"
"17","[]","[Percent]","Amount_Debt_SDR_LenderCountryPAK_AsAFractionOf_Amount_Debt_LenderCountryPAK","[P1Y]","[]","1970"
"7","[]","[Percent]","Amount_Debt_GBP_LenderCountrySEN_AsAFractionOf_Amount_Debt_LenderCountrySEN","[P1Y]","[]","1970"
"1","[]","[Percent]","Amount_Debt_FRF_LenderUNRegularProgrammeofTechnicalCoop_AsAFractionOf_Amount_Debt_LenderUNRegularProgrammeofTechnicalCoop","[P1Y]","[]","1970"
"97","[]","[Percent]","Amount_Debt_FRF_LenderWorldBankIBRD_AsAFractionOf_Amount_Debt_LenderWorldBankIBRD","[P1Y]","[]","1970"
"5","[]","[Percent]","Amount_Debt_CHF_LenderCountryBLR_AsAFractionOf_Amount_Debt_LenderCountryBLR","[P1Y]","[]","1970"
"5","[]","[Percent]","Amount_Debt_DEM_LenderOrgofArabPetroleumExportingCountries_AsAFractionOf_Amount_Debt_LenderOrgofArabPetroleumExportingCountries","[P1Y]","[]","1970"
"4","[]","[Percent]","Amount_Debt_WorldBankOtherCurrency_LenderCountryKAZ_AsAFractionOf_Amount_Debt_LenderCountryKAZ","[P1Y]","[]","1992"
"62","[]","[Percent]","Amount_Debt_SDR_LenderIslamicDevBank_AsAFractionOf_Amount_Debt_LenderIslamicDevBank","[P1Y]","[]","1970"
"75","[]","[Percent]","Amount_Debt_JPY_LenderCountryDNK_AsAFractionOf_Amount_Debt_LenderCountryDNK","[P1Y]","[]","1970"
"1","[]","[Percent]","Amount_Debt_WorldBankMultipleCurrency_LenderCountryGIB_AsAFractionOf_Amount_Debt_LenderCountryGIB","[P1Y]","[]","1970"
"5","[]","[Percent]","Amount_Debt_GBP_LenderCountryCOG_AsAFractionOf_Amount_Debt_LenderCountryCOG","[P1Y]","[]","1970"
"33","[]","[Percent]","Amount_Debt_EUR_LenderNordicInvestmentBank_AsAFractionOf_Amount_Debt_LenderNordicInvestmentBank","[P1Y]","[]","2001"
"111","[]","[Percent]","Amount_Debt_JPY_LenderInternationalFundforAgriculturalDev_AsAFractionOf_Amount_Debt_LenderInternationalFundforAgriculturalDev","[P1Y]","[]","1970"
"1","[]","[Percent]","Amount_Debt_GBP_LenderUNHighCommissionerforRefugees_AsAFractionOf_Amount_Debt_LenderUNHighCommissionerforRefugees","[P1Y]","[]","1970"
"1","[]","[Percent]","Amount_Debt_WorldBankOtherCurrency_LenderCountryNIC_AsAFractionOf_Amount_Debt_LenderCountryNIC","[P1Y]","[]","1970"
"1","[]","[Percent]","Amount_Debt_EUR_LenderCountryKNA_AsAFractionOf_Amount_Debt_LenderCountryKNA","[P1Y]","[]","2001"
"8","[]","[Percent]","Amount_Debt_GBP_LenderNethAntilles_AsAFractionOf_Amount_Debt_LenderNethAntilles","[P1Y]","[]","1970"
"23","[]","[Percent]","Amount_Debt_GBP_LenderCountryVEN_AsAFractionOf_Amount_Debt_LenderCountryVEN","[P1Y]","[]","1970"
"9","[]","[Percent]","Amount_Debt_GBP_LenderWestAfricanDevelopmentBank_AsAFractionOf_Amount_Debt_LenderWestAfricanDevelopmentBank","[P1Y]","[]","1970"
"13","[]","[Percent]","Amount_Debt_WorldBankOtherCurrency_LenderCountryNZL_AsAFractionOf_Amount_Debt_LenderCountryNZL","[P1Y]","[]","1970"
"121","[]","[Percent]","Amount_Debt_EUR_LenderInternationalFundforAgriculturalDev_AsAFractionOf_Amount_Debt_LenderInternationalFundforAgriculturalDev","[P1Y]","[]","2001"
"6","[]","[Percent]","Amount_Debt_EUR_LenderCaribbeanCommunity_AsAFractionOf_Amount_Debt_LenderCaribbeanCommunity","[P1Y]","[]","2001"
"9","[]","[Percent]","Amount_Debt_EUR_LenderEastAfricanCommunity_AsAFractionOf_Amount_Debt_LenderEastAfricanCommunity","[P1Y]","[]","2001"
"1","[]","[Percent]","Amount_Debt_JPY_LenderCountryKNA_AsAFractionOf_Amount_Debt_LenderCountryKNA","[P1Y]","[]","1981"
"7","[]","[Percent]","Amount_Debt_WorldBankOtherCurrency_LenderCountryHRV_AsAFractionOf_Amount_Debt_LenderCountryHRV","[P1Y]","[]","1970"
"134","[]","[Percent]","Amount_Debt_CHF_AsAFractionOf_Amount_Debt","[P1Y]","[]","1970"
"26","[]","[Percent]","Amount_Debt_GBP_LenderCountryTUR_AsAFractionOf_Amount_Debt_LenderCountryTUR","[P1Y]","[]","1970"
"1","[]","[Percent]","Amount_Debt_WorldBankOtherCurrency_LenderCountryBEN_AsAFractionOf_Amount_Debt_LenderCountryBEN","[P1Y]","[]","1970"
"73","[]","[Percent]","Amount_Debt_JPY_LenderEuropeanDevelopmentFund_AsAFractionOf_Amount_Debt_LenderEuropeanDevelopmentFund","[P1Y]","[]","1970"
"23","[]","[Percent]","Amount_Debt_JPY_LenderCountryIRN_AsAFractionOf_Amount_Debt_LenderCountryIRN","[P1Y]","[]","1970"
"77","[]","[Percent]","Amount_Debt_JPY_LenderCountrySWE_AsAFractionOf_Amount_Debt_LenderCountrySWE","[P1Y]","[]","1970"
"112","[]","[Percent]","Amount_Debt_FRF_LenderInternationalFundforAgriculturalDev_AsAFractionOf_Amount_Debt_LenderInternationalFundforAgriculturalDev","[P1Y]","[]","1970"
"57","[]","[Percent]","Amount_Debt_EUR_LenderAfricanDevBank_AsAFractionOf_Amount_Debt_LenderAfricanDevBank","[P1Y]","[]","2001"
"114","[]","[Percent]","Amount_Debt_GBP_LenderCountryJPN_AsAFractionOf_Amount_Debt_LenderCountryJPN","[P1Y]","[]","1970"
"44","[]","[Percent]","Amount_Debt_USD_LenderCountryIRQ_AsAFractionOf_Amount_Debt_LenderCountryIRQ","[P1Y]","[]","1970"
"27","[]","[Percent]","Amount_Debt_EUR_LenderCountryVEN_AsAFractionOf_Amount_Debt_LenderCountryVEN","[P1Y]","[]","2001"
"1","[]","[Percent]","Amount_Debt_GBP_LenderCountryKNA_AsAFractionOf_Amount_Debt_LenderCountryKNA","[P1Y]","[]","1981"
"1","[]","[Percent]","Amount_Debt_SDR_LenderCountryTCD_AsAFractionOf_Amount_Debt_LenderCountryTCD","[P1Y]","[]","1970"
"3","[]","[Percent]","Amount_Debt_FRF_LenderCountryGTM_AsAFractionOf_Amount_Debt_LenderCountryGTM","[P1Y]","[]","1970"
"2","[]","[Percent]","Amount_Debt_SDR_LenderCountryGAB_AsAFractionOf_Amount_Debt_LenderCountryGAB","[P1Y]","[]","1970"
"63","[]","[Percent]","Amount_Debt_USD_LenderIslamicDevBank_AsAFractionOf_Amount_Debt_LenderIslamicDevBank","[P1Y]","[]","1970"
"33","[]","[Percent]","Amount_Debt_DEM_LenderCountryBHS_AsAFractionOf_Amount_Debt_LenderCountryBHS","[P1Y]","[]","1970"
"1","[]","[Percent]","Amount_Debt_WorldBankOtherCurrency_LenderCountryMNE_AsAFractionOf_Amount_Debt_LenderCountryMNE","[P1Y]","[]","1970"
"23","[]","[Percent]","Amount_Debt_JPY_LenderCountryVEN_AsAFractionOf_Amount_Debt_LenderCountryVEN","[P1Y]","[]","1970"
"7","[]","[Percent]","Amount_Debt_FRF_LenderCountryBMU_AsAFractionOf_Amount_Debt_LenderCountryBMU","[P1Y]","[]","1970"
"2","[]","[Percent]","Amount_Debt_CHF_LenderCountryUKR_AsAFractionOf_Amount_Debt_LenderCountryUKR","[P1Y]","[]","1970"
"11","[]","[Percent]","Amount_Debt_JPY_LenderCountryMUS_AsAFractionOf_Amount_Debt_LenderCountryMUS","[P1Y]","[]","1970"
"3","[]","[Percent]","Amount_Debt_JPY_LenderCountrySEN_AsAFractionOf_Amount_Debt_LenderCountrySEN","[P1Y]","[]","1970"
"13","[]","[Percent]","Amount_Debt_WorldBankMultipleCurrency_LenderCouncilofEurope_AsAFractionOf_Amount_Debt_LenderCouncilofEurope","[P1Y]","[]","1970"
"15","[]","[Percent]","Amount_Debt_EUR_LenderCountryMUS_AsAFractionOf_Amount_Debt_LenderCountryMUS","[P1Y]","[]","2001"
"26","[]","[Percent]","Amount_Debt_JPY_LenderCountryTUR_AsAFractionOf_Amount_Debt_LenderCountryTUR","[P1Y]","[]","1970"
"2","[]","[Percent]","Amount_Debt_WorldBankMultipleCurrency_LenderArabFundforTechAssisttoAfricanCountries_AsAFractionOf_Amount_Debt_LenderArabFundforTechAssisttoAfricanCountries","[P1Y]","[]","1970"
"3","[]","[Percent]","Amount_Debt_WorldBankMultipleCurrency_LenderFondoLatinoamericanodeReservas_AsAFractionOf_Amount_Debt_LenderFondoLatinoamericanodeReservas","[P1Y]","[]","1970"
"3","[]","[Percent]","Amount_Debt_WorldBankMultipleCurrency_LenderCountryTUN_AsAFractionOf_Amount_Debt_LenderCountryTUN","[P1Y]","[]","1970"
"3","[]","[Percent]","Amount_Debt_WorldBankMultipleCurrency_LenderCountryPHL_AsAFractionOf_Amount_Debt_LenderCountryPHL","[P1Y]","[]","1970"
"8","[]","[Percent]","Amount_Debt_EUR_LenderCountryPER_AsAFractionOf_Amount_Debt_LenderCountryPER","[P1Y]","[]","2001"
"6","[]","[Percent]","Amount_Debt_JPY_LenderCountryBRB_AsAFractionOf_Amount_Debt_LenderCountryBRB","[P1Y]","[]","1970"
"26","[]","[Percent]","Amount_Debt_GBP_LenderCountryBHR_AsAFractionOf_Amount_Debt_LenderCountryBHR","[P1Y]","[]","1970"
"4","[]","[Percent]","Amount_Debt_WorldBankMultipleCurrency_LenderNethAntilles_AsAFractionOf_Amount_Debt_LenderNethAntilles","[P1Y]","[]","1970"
"111","[]","[Percent]","Amount_Debt_FRF_LenderWorldBankIDA_AsAFractionOf_Amount_Debt_LenderWorldBankIDA","[P1Y]","[]","1970"
"9","[]","[Percent]","Amount_Debt_WorldBankMultipleCurrency_LenderCountryOMN_AsAFractionOf_Amount_Debt_LenderCountryOMN","[P1Y]","[]","1970"
"5","[]","[Percent]","Amount_Debt_CHF_LenderCountryIDN_AsAFractionOf_Amount_Debt_LenderCountryIDN","[P1Y]","[]","1970"
"1","[]","[Percent]","Amount_Debt_WorldBankMultipleCurrency_LenderSouthAsianDevelopmentFund_AsAFractionOf_Amount_Debt_LenderSouthAsianDevelopmentFund","[P1Y]","[]","1981"
"9","[]","[Percent]","Amount_Debt_USD_LenderCountryHND_AsAFractionOf_Amount_Debt_LenderCountryHND","[P1Y]","[]","1970"
"116","[]","[Percent]","Amount_Debt_JPY_LenderCountryJPN_AsAFractionOf_Amount_Debt_LenderCountryJPN","[P1Y]","[]","1970"
"4","[]","[Percent]","Amount_Debt_DEM_LenderCountryJAM_AsAFractionOf_Amount_Debt_LenderCountryJAM","[P1Y]","[]","1970"
"6","[]","[Percent]","Amount_Debt_DEM_LenderCaribbeanCommunity_AsAFractionOf_Amount_Debt_LenderCaribbeanCommunity","[P1Y]","[]","1970"
"51","[]","[Percent]","Amount_Debt_EUR_LenderNordicDevelopmentFund_AsAFractionOf_Amount_Debt_LenderNordicDevelopmentFund","[P1Y]","[]","2001"
"1","[]","[Percent]","Amount_Debt_WorldBankOtherCurrency_LenderCountryKGZ_AsAFractionOf_Amount_Debt_LenderCountryKGZ","[P1Y]","[]","1992"
"20","[]","[Percent]","Amount_Debt_SDR_LenderInterAmericanDevBank_AsAFractionOf_Amount_Debt_LenderInterAmericanDevBank","[P1Y]","[]","1970"
"107","[]","[Percent]","Amount_Debt_CHF_LenderInternationalFundforAgriculturalDev_AsAFractionOf_Amount_Debt_LenderInternationalFundforAgriculturalDev","[P1Y]","[]","1970"
"1","[]","[Percent]","Amount_Debt_FRF_LenderCountryBLZ_AsAFractionOf_Amount_Debt_LenderCountryBLZ","[P1Y]","[]","1981"
"2","[]","[Percent]","Amount_Debt_SDR_LenderCountryBFA_AsAFractionOf_Amount_Debt_LenderCountryBFA","[P1Y]","[]","1970"
"5","[]","[Percent]","Amount_Debt_WorldBankOtherCurrency_LenderOrgofArabPetroleumExportingCountries_AsAFractionOf_Amount_Debt_LenderOrgofArabPetroleumExportingCountries","[P1Y]","[]","1970"
"2","[]","[Percent]","Amount_Debt_EUR_LenderInternationalCoffeeOrganization_AsAFractionOf_Amount_Debt_LenderInternationalCoffeeOrganization","[P1Y]","[]","2001"
"111","[]","[Percent]","Amount_Debt_WorldBankOtherCurrency_LenderCountryGBR_AsAFractionOf_Amount_Debt_LenderCountryGBR","[P1Y]","[]","1970"
"7","[]","[Percent]","Amount_Debt_GBP_LenderCountryMUS_AsAFractionOf_Amount_Debt_LenderCountryMUS","[P1Y]","[]","1970"
"44","[]","[Percent]","Amount_Debt_FRF_LenderCountryFIN_AsAFractionOf_Amount_Debt_LenderCountryFIN","[P1Y]","[]","1970"
"2","[]","[Percent]","Amount_Debt_SDR_LenderCountryHND_AsAFractionOf_Amount_Debt_LenderCountryHND","[P1Y]","[]","1970"
"5","[]","[Percent]","Amount_Debt_EUR_LenderCountryMCO_AsAFractionOf_Amount_Debt_LenderCountryMCO","[P1Y]","[]","2001"
"1","[]","[Percent]","Amount_Debt_SDR_LenderCountryNAM_AsAFractionOf_Amount_Debt_LenderCountryNAM","[P1Y]","[]","1970"
"5","[]","[Percent]","Amount_Debt_FRF_LenderCountryCOG_AsAFractionOf_Amount_Debt_LenderCountryCOG","[P1Y]","[]","1970"
"91","[]","[Percent]","Amount_Debt_GBP_LenderCountrySAU_AsAFractionOf_Amount_Debt_LenderCountrySAU","[P1Y]","[]","1970"
"4","[]","[Percent]","Amount_Debt_EUR_LenderWestAfricanMonetaryUnion_AsAFractionOf_Amount_Debt_LenderWestAfricanMonetaryUnion","[P1Y]","[]","2001"
"16","[]","[Percent]","Amount_Debt_USD_LenderDevBankoftheCentralAfricanStates_AsAFractionOf_Amount_Debt_LenderDevBankoftheCentralAfricanStates","[P1Y]","[]","1970"
"3","[]","[Percent]","Amount_Debt_EUR_LenderCountryUZB_AsAFractionOf_Amount_Debt_LenderCountryUZB","[P1Y]","[]","2001"
"4","[]","[Percent]","Amount_Debt_DEM_LenderCountryMLT_AsAFractionOf_Amount_Debt_LenderCountryMLT","[P1Y]","[]","1970"
"8","[]","[Percent]","Amount_Debt_SDR_LenderCountryPER_AsAFractionOf_Amount_Debt_LenderCountryPER","[P1Y]","[]","1970"
"1","[]","[Percent]","Amount_Debt_WorldBankOtherCurrency_LenderUNHighCommissionerforRefugees_AsAFractionOf_Amount_Debt_LenderUNHighCommissionerforRefugees","[P1Y]","[]","1970"
"17","[]","[Percent]","Amount_Debt_EUR_LenderCountryMAR_AsAFractionOf_Amount_Debt_LenderCountryMAR","[P1Y]","[]","2001"
"3","[]","[Percent]","Amount_Debt_GBP_LenderInternationalBankforEconomicCooperation_AsAFractionOf_Amount_Debt_LenderInternationalBankforEconomicCooperation","[P1Y]","[]","1970"
"14","[]","[Percent]","Amount_Debt_SDR_LenderDevBankoftheCentralAfricanStates_AsAFractionOf_Amount_Debt_LenderDevBankoftheCentralAfricanStates","[P1Y]","[]","1970"
"12","[]","[Percent]","Amount_Debt_USD_LenderCaribbeanCommunity_AsAFractionOf_Amount_Debt_LenderCaribbeanCommunity","[P1Y]","[]","1970"
"12","[]","[Percent]","Amount_Debt_SDR_LenderCountryGRC_AsAFractionOf_Amount_Debt_LenderCountryGRC","[P1Y]","[]","1970"
"57","[]","[Percent]","Amount_Debt_USD_LenderCountryISR_AsAFractionOf_Amount_Debt_LenderCountryISR","[P1Y]","[]","1970"
"1","[]","[Percent]","Amount_Debt_WorldBankMultipleCurrency_LenderCountryGRD_AsAFractionOf_Amount_Debt_LenderCountryGRD","[P1Y]","[]","1981"
"93","[]","[Percent]","Amount_Debt_GBP_LenderWorldBankIBRD_AsAFractionOf_Amount_Debt_LenderWorldBankIBRD","[P1Y]","[]","1970"
"4","[]","[Percent]","Amount_Debt_GBP_LenderCountryCPV_AsAFractionOf_Amount_Debt_LenderCountryCPV","[P1Y]","[]","1970"
"17","[]","[Percent]","Amount_Debt_CHF_LenderCountryEGY_AsAFractionOf_Amount_Debt_LenderCountryEGY","[P1Y]","[]","1970"
"4","[]","[Percent]","Amount_Debt_DEM_LenderEuropeanSocialFund_AsAFractionOf_Amount_Debt_LenderEuropeanSocialFund","[P1Y]","[]","1970"
"37","[]","[Percent]","Amount_Debt_SDR_LenderCountryAUS_AsAFractionOf_Amount_Debt_LenderCountryAUS","[P1Y]","[]","1970"
"29","[]","[Percent]","Amount_Debt_CHF_LenderCountryPAN_AsAFractionOf_Amount_Debt_LenderCountryPAN","[P1Y]","[]","1970"
"15","[]","[Percent]","Amount_Debt_EUR_LenderCorporacionAndinadeFomento_AsAFractionOf_Amount_Debt_LenderCorporacionAndinadeFomento","[P1Y]","[]","2001"
"11","[]","[Percent]","Amount_Debt_EUR_LenderCountryLBR_AsAFractionOf_Amount_Debt_LenderCountryLBR","[P1Y]","[]","2001"
"6","[]","[Percent]","Amount_Debt_FRF_LenderCountryBRB_AsAFractionOf_Amount_Debt_LenderCountryBRB","[P1Y]","[]","1970"
"3","[]","[Percent]","Amount_Debt_FRF_LenderNewDevelopmentBank_AsAFractionOf_Amount_Debt_LenderNewDevelopmentBank","[P1Y]","[]","1970"
"4","[]","[Percent]","Amount_Debt_GBP_LenderCountryZWE_AsAFractionOf_Amount_Debt_LenderCountryZWE","[P1Y]","[]","1970"
"59","[]","[Percent]","Amount_Debt_USD_LenderCountrySRB_AsAFractionOf_Amount_Debt_LenderCountrySRB","[P1Y]","[]","1970"
"1","[]","[Percent]","Amount_Debt_JPY_LenderBankforInternationalSettlements_AsAFractionOf_Amount_Debt_LenderBankforInternationalSettlements","[P1Y]","[]","1970"
"5","[]","[Percent]","Amount_Debt_USD_LenderBankforInternationalSettlements_AsAFractionOf_Amount_Debt_LenderBankforInternationalSettlements","[P1Y]","[]","1970"
"1","[]","[Percent]","Amount_Debt_FRF_LenderBankforInternationalSettlements_AsAFractionOf_Amount_Debt_LenderBankforInternationalSettlements","[P1Y]","[]","1970"
"1","[]","[Percent]","Amount_Debt_FRF_LenderCountryRWA_AsAFractionOf_Amount_Debt_LenderCountryRWA","[P1Y]","[]","1970"
"76","[]","[Percent]","Amount_Debt_EUR_LenderCountryKOR_AsAFractionOf_Amount_Debt_LenderCountryKOR","[P1Y]","[]","2001"
"76","[]","[Percent]","Amount_Debt_CHF_LenderCountryIND_AsAFractionOf_Amount_Debt_LenderCountryIND","[P1Y]","[]","1970"
"3","[]","[Percent]","Amount_Debt_WorldBankOtherCurrency_LenderCountryCMR_AsAFractionOf_Amount_Debt_LenderCountryCMR","[P1Y]","[]","1970"
"44","[]","[Percent]","Amount_Debt_JPY_LenderEuropeanEconomicCommunity_AsAFractionOf_Amount_Debt_LenderEuropeanEconomicCommunity","[P1Y]","[]","1970"
"26","[]","[Percent]","Amount_Debt_GBP_LenderCountryDZA_AsAFractionOf_Amount_Debt_LenderCountryDZA","[P1Y]","[]","1970"
"115","[]","[Percent]","Amount_Debt_JPY_LenderMultipleLenders_AsAFractionOf_Amount_Debt_LenderMultipleLenders","[P1Y]","[]","1970"
"13","[]","[Percent]","Amount_Debt_FRF_LenderArabAfricanInternationalBank_AsAFractionOf_Amount_Debt_LenderArabAfricanInternationalBank","[P1Y]","[]","1970"
"7","[]","[Percent]","Amount_Debt_CHF_LenderCountryTUN_AsAFractionOf_Amount_Debt_LenderCountryTUN","[P1Y]","[]","1970"
"120","[]","[Percent]","Amount_Debt_WorldBankOtherCurrency_LenderInternationalMonetaryFund_AsAFractionOf_Amount_Debt_LenderInternationalMonetaryFund","[P1Y]","[]","1970"
"11","[]","[Percent]","Amount_Debt_FRF_LenderCountrySVK_AsAFractionOf_Amount_Debt_LenderCountrySVK","[P1Y]","[]","1970"
"1","[]","[Percent]","Amount_Debt_GBP_LenderCountrySWZ_AsAFractionOf_Amount_Debt_LenderCountrySWZ","[P1Y]","[]","1970"
"20","[]","[Percent]","Amount_Debt_GBP_LenderCountryPRK_AsAFractionOf_Amount_Debt_LenderCountryPRK","[P1Y]","[]","1970"
"6","[]","[Percent]","Amount_Debt_FRF_LenderCountryNGA_AsAFractionOf_Amount_Debt_LenderCountryNGA","[P1Y]","[]","1970"
"5","[]","[Percent]","Amount_Debt_FRF_LenderCountryHRV_AsAFractionOf_Amount_Debt_LenderCountryHRV","[P1Y]","[]","1970"
"25","[]","[Percent]","Amount_Debt_WorldBankMultipleCurrency_LenderCountryPAN_AsAFractionOf_Amount_Debt_LenderCountryPAN","[P1Y]","[]","1970"
"30","[]","[Percent]","Amount_Debt_GBP_LenderCountrySGP_AsAFractionOf_Amount_Debt_LenderCountrySGP","[P1Y]","[]","1970"
"13","[]","[Percent]","Amount_Debt_USD_LenderCountryLBR_AsAFractionOf_Amount_Debt_LenderCountryLBR","[P1Y]","[]","1970"
"4","[]","[Percent]","Amount_Debt_FRF_LenderEurasianDevelopmentBank_AsAFractionOf_Amount_Debt_LenderEurasianDevelopmentBank","[P1Y]","[]","1992"
"5","[]","[Percent]","Amount_Debt_EUR_LenderEntenteCouncil_AsAFractionOf_Amount_Debt_LenderEntenteCouncil","[P1Y]","[]","2001"
"9","[]","[Percent]","Amount_Debt_FRF_LenderCountryCOL_AsAFractionOf_Amount_Debt_LenderCountryCOL","[P1Y]","[]","1970"
"55","[]","[Percent]","Amount_Debt_EUR_LenderCountryISR_AsAFractionOf_Amount_Debt_LenderCountryISR","[P1Y]","[]","2001"
"93","[]","[Percent]","Amount_Debt_DEM_LenderCountryCHE_AsAFractionOf_Amount_Debt_LenderCountryCHE","[P1Y]","[]","1970"
"3","[]","[Percent]","Amount_Debt_WorldBankMultipleCurrency_LenderCountryMLI_AsAFractionOf_Amount_Debt_LenderCountryMLI","[P1Y]","[]","1970"
"2","[]","[Percent]","Amount_Debt_EUR_LenderCountryZMB_AsAFractionOf_Amount_Debt_LenderCountryZMB","[P1Y]","[]","2001"
"13","[]","[Percent]","Amount_Debt_JPY_LenderCouncilofEurope_AsAFractionOf_Amount_Debt_LenderCouncilofEurope","[P1Y]","[]","1970"
"8","[]","[Percent]","Amount_Debt_CHF_LenderCentralBankofWestAfricanStates_AsAFractionOf_Amount_Debt_LenderCentralBankofWestAfricanStates","[P1Y]","[]","1970"
"96","[]","[Percent]","Amount_Debt_CHF_LenderCountryAUT_AsAFractionOf_Amount_Debt_LenderCountryAUT","[P1Y]","[]","1970"
"1","[]","[Percent]","Amount_Debt_FRF_LenderCountryISL_AsAFractionOf_Amount_Debt_LenderCountryISL","[P1Y]","[]","1970"
"14","[]","[Percent]","Amount_Debt_DEM_LenderDevBankoftheCentralAfricanStates_AsAFractionOf_Amount_Debt_LenderDevBankoftheCentralAfricanStates","[P1Y]","[]","1970"
"77","[]","[Percent]","Amount_Debt_CHF_LenderCountryRUS_AsAFractionOf_Amount_Debt_LenderCountryRUS","[P1Y]","[]","1970"
"3","[]","[Percent]","Amount_Debt_JPY_LenderCountryGHA_AsAFractionOf_Amount_Debt_LenderCountryGHA","[P1Y]","[]","1970"
"42","[]","[Percent]","Amount_Debt_JPY_LenderCountryROU_AsAFractionOf_Amount_Debt_LenderCountryROU","[P1Y]","[]","1970"
"9","[]","[Percent]","Amount_Debt_CHF_LenderCountryAGO_AsAFractionOf_Amount_Debt_LenderCountryAGO","[P1Y]","[]","1970"
"56","[]","[Percent]","Amount_Debt_SDR_LenderCountryNOR_AsAFractionOf_Amount_Debt_LenderCountryNOR","[P1Y]","[]","1970"
"5","[]","[Percent]","Amount_Debt_WorldBankMultipleCurrency_LenderCountryIDN_AsAFractionOf_Amount_Debt_LenderCountryIDN","[P1Y]","[]","1970"
"3","[]","[Percent]","Amount_Debt_WorldBankOtherCurrency_LenderUNGeneralAssembly_AsAFractionOf_Amount_Debt_LenderUNGeneralAssembly","[P1Y]","[]","1970"
"10","[]","[Percent]","Amount_Debt_USD_LenderCountryUZB_AsAFractionOf_Amount_Debt_LenderCountryUZB","[P1Y]","[]","1992"
"7","[]","[Percent]","Amount_Debt_USD_LenderWorldBankMIGA_AsAFractionOf_Amount_Debt_LenderWorldBankMIGA","[P1Y]","[]","1970"
"3","[]","[Percent]","Amount_Debt_JPY_LenderNewDevelopmentBank_AsAFractionOf_Amount_Debt_LenderNewDevelopmentBank","[P1Y]","[]","1970"
"43","[]","[Percent]","Amount_Debt_CHF_LenderCountryLBY_AsAFractionOf_Amount_Debt_LenderCountryLBY","[P1Y]","[]","1970"
"2","[]","[Percent]","Amount_Debt_GBP_LenderCountryBFA_AsAFractionOf_Amount_Debt_LenderCountryBFA","[P1Y]","[]","1970"
"2","[]","[Percent]","Amount_Debt_WorldBankMultipleCurrency_LenderNordicEnvironmentFinanceCorporation_AsAFractionOf_Amount_Debt_LenderNordicEnvironmentFinanceCorporation","[P1Y]","[]","1992"
"9","[]","[Percent]","Amount_Debt_WorldBankMultipleCurrency_LenderCountryAGO_AsAFractionOf_Amount_Debt_LenderCountryAGO","[P1Y]","[]","1970"
"1","[]","[Percent]","Amount_Debt_DEM_LenderEconCommoftheGreatLakesCountries_AsAFractionOf_Amount_Debt_LenderEconCommoftheGreatLakesCountries","[P1Y]","[]","1970"
"11","[]","[Percent]","Amount_Debt_JPY_LenderCountryPAK_AsAFractionOf_Amount_Debt_LenderCountryPAK","[P1Y]","[]","1970"
"2","[]","[Percent]","Amount_Debt_SDR_LenderCountryBRN_AsAFractionOf_Amount_Debt_LenderCountryBRN","[P1Y]","[]","1970"
"1","[]","[Percent]","Amount_Debt_FRF_LenderCountryKNA_AsAFractionOf_Amount_Debt_LenderCountryKNA","[P1Y]","[]","1981"
"31","[]","[Percent]","Amount_Debt_DEM_LenderInternationalFinanceCorporation_AsAFractionOf_Amount_Debt_LenderInternationalFinanceCorporation","[P1Y]","[]","1970"
"2","[]","[Percent]","Amount_Debt_GBP_LenderCountryBOL_AsAFractionOf_Amount_Debt_LenderCountryBOL","[P1Y]","[]","1970"
"1","[]","[Percent]","Amount_Debt_EUR_LenderEconCommoftheGreatLakesCountries_AsAFractionOf_Amount_Debt_LenderEconCommoftheGreatLakesCountries","[P1Y]","[]","2001"
"10","[]","[Percent]","Amount_Debt_JPY_LenderEastAfricanCommunity_AsAFractionOf_Amount_Debt_LenderEastAfricanCommunity","[P1Y]","[]","1970"
"45","[]","[Percent]","Amount_Debt_WorldBankOtherCurrency_LenderCountrySRB_AsAFractionOf_Amount_Debt_LenderCountrySRB","[P1Y]","[]","1970"
"3","[]","[Percent]","Amount_Debt_SDR_LenderCountryGTM_AsAFractionOf_Amount_Debt_LenderCountryGTM","[P1Y]","[]","1970"
"2","[]","[Percent]","Amount_Debt_SDR_LenderCountryJOR_AsAFractionOf_Amount_Debt_LenderCountryJOR","[P1Y]","[]","1981"
"5","[]","[Percent]","Amount_Debt_GBP_LenderEntenteCouncil_AsAFractionOf_Amount_Debt_LenderEntenteCouncil","[P1Y]","[]","1970"
"97","[]","[Percent]","Amount_Debt_GBP_LenderCountryBEL_AsAFractionOf_Amount_Debt_LenderCountryBEL","[P1Y]","[]","1970"
"12","[]","[Percent]","Amount_Debt_USD_LenderEuropeanUnion_AsAFractionOf_Amount_Debt_LenderEuropeanUnion","[P1Y]","[]","1970"
"3","[]","[Percent]","Amount_Debt_FRF_LenderUNGeneralAssembly_AsAFractionOf_Amount_Debt_LenderUNGeneralAssembly","[P1Y]","[]","1970"
"4","[]","[Percent]","Amount_Debt_GBP_LenderCountryCHL_AsAFractionOf_Amount_Debt_LenderCountryCHL","[P1Y]","[]","1970"
"5","[]","[Percent]","Amount_Debt_FRF_LenderPlataBasinFinancialDevFund_AsAFractionOf_Amount_Debt_LenderPlataBasinFinancialDevFund","[P1Y]","[]","1970"
"8","[]","[Percent]","Amount_Debt_USD_LenderCountryCMR_AsAFractionOf_Amount_Debt_LenderCountryCMR","[P1Y]","[]","1970"
"1","[]","[Percent]","Amount_Debt_DEM_LenderUNPopulationFund_AsAFractionOf_Amount_Debt_LenderUNPopulationFund","[P1Y]","[]","1970"
"17","[]","[Percent]","Amount_Debt_WorldBankMultipleCurrency_LenderCountryEGY_AsAFractionOf_Amount_Debt_LenderCountryEGY","[P1Y]","[]","1970"
"2","[]","[Percent]","Amount_Debt_WorldBankMultipleCurrency_LenderCountryVNM_AsAFractionOf_Amount_Debt_LenderCountryVNM","[P1Y]","[]","1970"
"20","[]","[Percent]","Amount_Debt_WorldBankOtherCurrency_LenderCountryBHR_AsAFractionOf_Amount_Debt_LenderCountryBHR","[P1Y]","[]","1970"
"107","[]","[Percent]","Amount_Debt_WorldBankOtherCurrency_LenderInternationalFundforAgriculturalDev_AsAFractionOf_Amount_Debt_LenderInternationalFundforAgriculturalDev","[P1Y]","[]","1970"
"2","[]","[Percent]","Amount_Debt_FRF_LenderCountryGAB_AsAFractionOf_Amount_Debt_LenderCountryGAB","[P1Y]","[]","1970"
"15","[]","[Percent]","Amount_Debt_SDR_LenderCaribbeanDevBank_AsAFractionOf_Amount_Debt_LenderCaribbeanDevBank","[P1Y]","[]","1970"
"68","[]","[Percent]","Amount_Debt_DEM_LenderCountryARE_AsAFractionOf_Amount_Debt_LenderCountryARE","[P1Y]","[]","1970"
"1","[]","[Percent]","Amount_Debt_FRF_LenderCountryGIB_AsAFractionOf_Amount_Debt_LenderCountryGIB","[P1Y]","[]","1970"
"3","[]","[Percent]","Amount_Debt_DEM_LenderCountryAZE_AsAFractionOf_Amount_Debt_LenderCountryAZE","[P1Y]","[]","1970"
"53","[]","[Percent]","Amount_Debt_WorldBankMultipleCurrency_LenderCountryFIN_AsAFractionOf_Amount_Debt_LenderCountryFIN","[P1Y]","[]","1970"
"23","[]","[Percent]","Amount_Debt_WorldBankMultipleCurrency_LenderCountryIRN_AsAFractionOf_Amount_Debt_LenderCountryIRN","[P1Y]","[]","1970"
"76","[]","[Percent]","Amount_Debt_WorldBankMultipleCurrency_LenderCountryIND_AsAFractionOf_Amount_Debt_LenderCountryIND","[P1Y]","[]","1970"
"1","[]","[Percent]","Amount_Debt_EUR_LenderCountryBEN_AsAFractionOf_Amount_Debt_LenderCountryBEN","[P1Y]","[]","2001"
"3","[]","[Percent]","Amount_Debt_DEM_LenderCountrySEN_AsAFractionOf_Amount_Debt_LenderCountrySEN","[P1Y]","[]","1970"
"10","[]","[Percent]","Amount_Debt_FRF_LenderCountryCUB_AsAFractionOf_Amount_Debt_LenderCountryCUB","[P1Y]","[]","1970"
"20","[]","[Percent]","Amount_Debt_WorldBankOtherCurrency_LenderInterAmericanDevBank_AsAFractionOf_Amount_Debt_LenderInterAmericanDevBank","[P1Y]","[]","1970"
"1","[]","[Percent]","Amount_Debt_CHF_LenderCountryTCD_AsAFractionOf_Amount_Debt_LenderCountryTCD","[P1Y]","[]","1970"
"4","[]","[Percent]","Amount_Debt_GBP_LenderWestAfricanMonetaryUnion_AsAFractionOf_Amount_Debt_LenderWestAfricanMonetaryUnion","[P1Y]","[]","1970"
"3","[]","[Percent]","Amount_Debt_DEM_LenderCountryPRI_AsAFractionOf_Amount_Debt_LenderCountryPRI","[P1Y]","[]","1970"
"4","[]","[Percent]","Amount_Debt_CHF_LenderCountrySVN_AsAFractionOf_Amount_Debt_LenderCountrySVN","[P1Y]","[]","1970"
"64","[]","[Percent]","Amount_Debt_DEM_LenderCountrySUN_AsAFractionOf_Amount_Debt_LenderCountrySUN","[P1Y]","[]","1970"
"1","[]","[Percent]","Amount_Debt_DEM_LenderCountryBLZ_AsAFractionOf_Amount_Debt_LenderCountryBLZ","[P1Y]","[]","1981"
"3","[]","[Percent]","Amount_Debt_WorldBankOtherCurrency_LenderCountryUZB_AsAFractionOf_Amount_Debt_LenderCountryUZB","[P1Y]","[]","1992"
"24","[]","[Percent]","Amount_Debt_WorldBankOtherCurrency_LenderCountryHKG_AsAFractionOf_Amount_Debt_LenderCountryHKG","[P1Y]","[]","1970"
"107","[]","[Percent]","Amount_Debt_WorldBankMultipleCurrency_LenderWorldBankIBRD_AsAFractionOf_Amount_Debt_LenderWorldBankIBRD","[P1Y]","[]","1970"
"1","[]","[Percent]","Amount_Debt_CHF_LenderCountryBGD_AsAFractionOf_Amount_Debt_LenderCountryBGD","[P1Y]","[]","1970"
"26","[]","[Percent]","Amount_Debt_SDR_LenderCountryTUR_AsAFractionOf_Amount_Debt_LenderCountryTUR","[P1Y]","[]","1970"
"2","[]","[Percent]","Amount_Debt_CHF_LenderCountryGUY_AsAFractionOf_Amount_Debt_LenderCountryGUY","[P1Y]","[]","1970"
"48","[]","[Percent]","Amount_Debt_DEM_LenderCountryCZE_AsAFractionOf_Amount_Debt_LenderCountryCZE","[P1Y]","[]","1970"
"3","[]","[Percent]","Amount_Debt_EUR_LenderCountryCMR_AsAFractionOf_Amount_Debt_LenderCountryCMR","[P1Y]","[]","2001"
"7","[]","[Percent]","Amount_Debt_SDR_LenderEconCommoftheGreatLakesCountries_AsAFractionOf_Amount_Debt_LenderEconCommoftheGreatLakesCountries","[P1Y]","[]","1970"
"5","[]","[Percent]","Amount_Debt_SDR_LenderCountryTKM_AsAFractionOf_Amount_Debt_LenderCountryTKM","[P1Y]","[]","1992"
"1","[]","[Percent]","Amount_Debt_CHF_LenderCountryGRD_AsAFractionOf_Amount_Debt_LenderCountryGRD","[P1Y]","[]","1981"
"9","[]","[Percent]","Amount_Debt_DEM_LenderCountryCYP_AsAFractionOf_Amount_Debt_LenderCountryCYP","[P1Y]","[]","1970"
"3","[]","[Percent]","Amount_Debt_GBP_LenderUNGeneralAssembly_AsAFractionOf_Amount_Debt_LenderUNGeneralAssembly","[P1Y]","[]","1970"
"123","[]","[Percent]","Amount_Debt_GBP_LenderCountryFRA_AsAFractionOf_Amount_Debt_LenderCountryFRA","[P1Y]","[]","1970"
"44","[]","[Percent]","Amount_Debt_WorldBankOtherCurrency_LenderCountryISR_AsAFractionOf_Amount_Debt_LenderCountryISR","[P1Y]","[]","1970"
"1","[]","[Percent]","Amount_Debt_WorldBankMultipleCurrency_LenderBankforInternationalSettlements_AsAFractionOf_Amount_Debt_LenderBankforInternationalSettlements","[P1Y]","[]","1970"
"7","[]","[Percent]","Amount_Debt_USD_LenderCountryMAC_AsAFractionOf_Amount_Debt_LenderCountryMAC","[P1Y]","[]","1970"
"10","[]","[Percent]","Amount_Debt_USD_LenderCountrySLV_AsAFractionOf_Amount_Debt_LenderCountrySLV","[P1Y]","[]","1970"
"56","[]","[Percent]","Amount_Debt_GBP_LenderAfricanDevBank_AsAFractionOf_Amount_Debt_LenderAfricanDevBank","[P1Y]","[]","1970"
"3","[]","[Percent]","Amount_Debt_WorldBankOtherCurrency_LenderFondoLatinoamericanodeReservas_AsAFractionOf_Amount_Debt_LenderFondoLatinoamericanodeReservas","[P1Y]","[]","1970"
"6","[]","[Percent]","Amount_Debt_USD_LenderCountryUKR_AsAFractionOf_Amount_Debt_LenderCountryUKR","[P1Y]","[]","1970"
"17","[]","[Percent]","Amount_Debt_USD_LenderWestAfricanDevelopmentBank_AsAFractionOf_Amount_Debt_LenderWestAfricanDevelopmentBank","[P1Y]","[]","1970"
"53","[]","[Percent]","Amount_Debt_EUR_LenderCountryPOL_AsAFractionOf_Amount_Debt_LenderCountryPOL","[P1Y]","[]","2001"
"2","[]","[Percent]","Amount_Debt_WorldBankOtherCurrency_LenderCountryTZA_AsAFractionOf_Amount_Debt_LenderCountryTZA","[P1Y]","[]","1970"
"25","[]","[Percent]","Amount_Debt_JPY_LenderAsianInfrastructureInvestmentBank_AsAFractionOf_Amount_Debt_LenderAsianInfrastructureInvestmentBank","[P1Y]","[]","1970"
"12","[]","[Percent]","Amount_Debt_CHF_LenderEuropeanUnion_AsAFractionOf_Amount_Debt_LenderEuropeanUnion","[P1Y]","[]","1970"
"55","[]","[Percent]","Amount_Debt_CHF_LenderCountryFIN_AsAFractionOf_Amount_Debt_LenderCountryFIN","[P1Y]","[]","1970"
"8","[]","[Percent]","Amount_Debt_JPY_LenderNethAntilles_AsAFractionOf_Amount_Debt_LenderNethAntilles","[P1Y]","[]","1970"
"1","[]","[Percent]","Amount_Debt_DEM_LenderSouthAsianDevelopmentFund_AsAFractionOf_Amount_Debt_LenderSouthAsianDevelopmentFund","[P1Y]","[]","1981"
"1","[]","[Percent]","Amount_Debt_GBP_LenderCountryKGZ_AsAFractionOf_Amount_Debt_LenderCountryKGZ","[P1Y]","[]","1992"
"87","[]","[Percent]","Amount_Debt_GBP_LenderCountryESP_AsAFractionOf_Amount_Debt_LenderCountryESP","[P1Y]","[]","1970"
"10","[]","[Percent]","Amount_Debt_USD_LenderECOTradeandDevBank_AsAFractionOf_Amount_Debt_LenderECOTradeandDevBank","[P1Y]","[]","1970"
"4","[]","[Percent]","Amount_Debt_DEM_LenderCountryKAZ_AsAFractionOf_Amount_Debt_LenderCountryKAZ","[P1Y]","[]","1992"
"9","[]","[Percent]","Amount_Debt_JPY_LenderCountryCOL_AsAFractionOf_Amount_Debt_LenderCountryCOL","[P1Y]","[]","1970"
"1","[]","[Percent]","Amount_Debt_GBP_LenderUNWorldFoodProgramme_AsAFractionOf_Amount_Debt_LenderUNWorldFoodProgramme","[P1Y]","[]","1970"
"124","[]","[Percent]","Amount_Debt_USD_LenderCountryCHN_AsAFractionOf_Amount_Debt_LenderCountryCHN","[P1Y]","[]","1970"
"1","[]","[Percent]","Amount_Debt_DEM_LenderCountryKGZ_AsAFractionOf_Amount_Debt_LenderCountryKGZ","[P1Y]","[]","1992"
"85","[]","[Percent]","Amount_Debt_DEM_LenderCountryESP_AsAFractionOf_Amount_Debt_LenderCountryESP","[P1Y]","[]","1970"
"2","[]","[Percent]","Amount_Debt_CHF_LenderCountryVNM_AsAFractionOf_Amount_Debt_LenderCountryVNM","[P1Y]","[]","1970"
"22","[]","[Percent]","Amount_Debt_WorldBankOtherCurrency_LenderEuropeanBankforReconstructionandDev_AsAFractionOf_Amount_Debt_LenderEuropeanBankforReconstructionandDev","[P1Y]","[]","1970"
"31","[]","[Percent]","Amount_Debt_WorldBankMultipleCurrency_LenderCountryVEN_AsAFractionOf_Amount_Debt_LenderCountryVEN","[P1Y]","[]","1970"
"111","[]","[Percent]","Amount_Debt_SDR_LenderCountryGBR_AsAFractionOf_Amount_Debt_LenderCountryGBR","[P1Y]","[]","1970"
"5","[]","[Percent]","Amount_Debt_USD_LenderCountrySYR_AsAFractionOf_Amount_Debt_LenderCountrySYR","[P1Y]","[]","1970"
"2","[]","[Percent]","Amount_Debt_GBP_LenderCountryTGO_AsAFractionOf_Amount_Debt_LenderCountryTGO","[P1Y]","[]","1970"
"8","[]","[Percent]","Amount_Debt_JPY_LenderCountryTTO_AsAFractionOf_Amount_Debt_LenderCountryTTO","[P1Y]","[]","1970"
"20","[]","[Percent]","Amount_Debt_CHF_LenderInterAmericanDevBank_AsAFractionOf_Amount_Debt_LenderInterAmericanDevBank","[P1Y]","[]","1970"
"3","[]","[Percent]","Amount_Debt_FRF_LenderCountryGHA_AsAFractionOf_Amount_Debt_LenderCountryGHA","[P1Y]","[]","1970"
"20","[]","[Percent]","Amount_Debt_DEM_LenderAfricanExportImportBank_AsAFractionOf_Amount_Debt_LenderAfricanExportImportBank","[P1Y]","[]","1970"
"1","[]","[Percent]","Amount_Debt_WorldBankMultipleCurrency_LenderUNWorldFoodProgramme_AsAFractionOf_Amount_Debt_LenderUNWorldFoodProgramme","[P1Y]","[]","1970"
"2","[]","[Percent]","Amount_Debt_EUR_LenderCountryVNM_AsAFractionOf_Amount_Debt_LenderCountryVNM","[P1Y]","[]","2001"
"1","[]","[Percent]","Amount_Debt_USD_LenderCountryBEN_AsAFractionOf_Amount_Debt_LenderCountryBEN","[P1Y]","[]","1970"
"30","[]","[Percent]","Amount_Debt_EUR_LenderEuropeanBankforReconstructionandDev_AsAFractionOf_Amount_Debt_LenderEuropeanBankforReconstructionandDev","[P1Y]","[]","2001"
"38","[]","[Percent]","Amount_Debt_USD_LenderCountryHKG_AsAFractionOf_Amount_Debt_LenderCountryHKG","[P1Y]","[]","1970"
"4","[]","[Percent]","Amount_Debt_CHF_LenderEurasianDevelopmentBank_AsAFractionOf_Amount_Debt_LenderEurasianDevelopmentBank","[P1Y]","[]","1992"
"9","[]","[Percent]","Amount_Debt_GBP_LenderCountryTHA_AsAFractionOf_Amount_Debt_LenderCountryTHA","[P1Y]","[]","1970"
"3","[]","[Percent]","Amount_Debt_GBP_LenderCountryGNQ_AsAFractionOf_Amount_Debt_LenderCountryGNQ","[P1Y]","[]","1970"
"23","[]","[Percent]","Amount_Debt_CHF_LenderCountryIRN_AsAFractionOf_Amount_Debt_LenderCountryIRN","[P1Y]","[]","1970"
"2","[]","[Percent]","Amount_Debt_DEM_LenderCountryMKD_AsAFractionOf_Amount_Debt_LenderCountryMKD","[P1Y]","[]","1970"
"56","[]","[Percent]","Amount_Debt_USD_LenderCountryPOL_AsAFractionOf_Amount_Debt_LenderCountryPOL","[P1Y]","[]","1970"
"1","[]","[Percent]","Amount_Debt_WorldBankMultipleCurrency_LenderCountryTCD_AsAFractionOf_Amount_Debt_LenderCountryTCD","[P1Y]","[]","1970"
"84","[]","[Percent]","Amount_Debt_DEM_LenderCountryDNK_AsAFractionOf_Amount_Debt_LenderCountryDNK","[P1Y]","[]","1970"
"1","[]","[Percent]","Amount_Debt_EUR_LenderCountryBGD_AsAFractionOf_Amount_Debt_LenderCountryBGD","[P1Y]","[]","2001"
"30","[]","[Percent]","Amount_Debt_WorldBankOtherCurrency_LenderCountryIRQ_AsAFractionOf_Amount_Debt_LenderCountryIRQ","[P1Y]","[]","1970"
"25","[]","[Percent]","Amount_Debt_GBP_LenderCountryARG_AsAFractionOf_Amount_Debt_LenderCountryARG","[P1Y]","[]","1970"
"120","[]","[Percent]","Amount_Debt_SDR_LenderInternationalMonetaryFund_AsAFractionOf_Amount_Debt_LenderInternationalMonetaryFund","[P1Y]","[]","1970"
"101","[]","[Percent]","Amount_Debt_FRF_LenderCountryITA_AsAFractionOf_Amount_Debt_LenderCountryITA","[P1Y]","[]","1970"
"3","[]","[Percent]","Amount_Debt_EUR_LenderCountrySLV_AsAFractionOf_Amount_Debt_LenderCountrySLV","[P1Y]","[]","2001"
"1","[]","[Percent]","Amount_Debt_JPY_LenderCountryMDA_AsAFractionOf_Amount_Debt_LenderCountryMDA","[P1Y]","[]","1992"
"1","[]","[Percent]","Amount_Debt_EUR_LenderUNHighCommissionerforRefugees_AsAFractionOf_Amount_Debt_LenderUNHighCommissionerforRefugees","[P1Y]","[]","2001"
"2","[]","[Percent]","Amount_Debt_USD_LenderCountryZMB_AsAFractionOf_Amount_Debt_LenderCountryZMB","[P1Y]","[]","1970"
"4","[]","[Percent]","Amount_Debt_DEM_LenderCountryECU_AsAFractionOf_Amount_Debt_LenderCountryECU","[P1Y]","[]","1970"
"125","[]","[Percent]","Amount_Debt_USD_LenderCountryUSA_AsAFractionOf_Amount_Debt_LenderCountryUSA","[P1Y]","[]","1970"
"1","[]","[Percent]","Amount_Debt_DEM_LenderCountryMNE_AsAFractionOf_Amount_Debt_LenderCountryMNE","[P1Y]","[]","1970"
"57","[]","[Percent]","Amount_Debt_CHF_LenderAfricanDevBank_AsAFractionOf_Amount_Debt_LenderAfricanDevBank","[P1Y]","[]","1970"
"31","[]","[Percent]","Amount_Debt_FRF_LenderAsianDevBank_AsAFractionOf_Amount_Debt_LenderAsianDevBank","[P1Y]","[]","1970"
"42","[]","[Percent]","Amount_Debt_EUR_LenderCountryLUX_AsAFractionOf_Amount_Debt_LenderCountryLUX","[P1Y]","[]","2001"
"1","[]","[Percent]","Amount_Debt_DEM_LenderCountryVCT_AsAFractionOf_Amount_Debt_LenderCountryVCT","[P1Y]","[]","1981"
"2","[]","[Percent]","Amount_Debt_EUR_LenderCountryUKR_AsAFractionOf_Amount_Debt_LenderCountryUKR","[P1Y]","[]","2001"
"3","[]","[Percent]","Amount_Debt_SDR_LenderCountryPHL_AsAFractionOf_Amount_Debt_LenderCountryPHL","[P1Y]","[]","1970"
"11","[]","[Percent]","Amount_Debt_DEM_LenderEuropeanUnion_AsAFractionOf_Amount_Debt_LenderEuropeanUnion","[P1Y]","[]","1970"
"93","[]","[Percent]","Amount_Debt_DEM_LenderCountryNLD_AsAFractionOf_Amount_Debt_LenderCountryNLD","[P1Y]","[]","1970"
"45","[]","[Percent]","Amount_Debt_CHF_LenderCountryHUN_AsAFractionOf_Amount_Debt_LenderCountryHUN","[P1Y]","[]","1970"
"1","[]","[Percent]","Amount_Debt_CHF_LenderCountryMCO_AsAFractionOf_Amount_Debt_LenderCountryMCO","[P1Y]","[]","1970"
"26","[]","[Percent]","Amount_Debt_FRF_LenderNordicInvestmentBank_AsAFractionOf_Amount_Debt_LenderNordicInvestmentBank","[P1Y]","[]","1970"
"2","[]","[Percent]","Amount_Debt_WorldBankMultipleCurrency_LenderCountryGUY_AsAFractionOf_Amount_Debt_LenderCountryGUY","[P1Y]","[]","1970"
"2","[]","[Percent]","Amount_Debt_JPY_LenderCountryLCA_AsAFractionOf_Amount_Debt_LenderCountryLCA","[P1Y]","[]","1970"
"5","[]","[Percent]","Amount_Debt_EUR_LenderCountryIDN_AsAFractionOf_Amount_Debt_LenderCountryIDN","[P1Y]","[]","2001"
"9","[]","[Percent]","Amount_Debt_USD_LenderCountryVNM_AsAFractionOf_Amount_Debt_LenderCountryVNM","[P1Y]","[]","1970"
"16","[]","[Percent]","Amount_Debt_EUR_LenderCountryCYM_AsAFractionOf_Amount_Debt_LenderCountryCYM","[P1Y]","[]","2001"
"1","[]","[Percent]","Amount_Debt_USD_LenderEconCommoftheGreatLakesCountries_AsAFractionOf_Amount_Debt_LenderEconCommoftheGreatLakesCountries","[P1Y]","[]","1970"
"15","[]","[Percent]","Amount_Debt_JPY_LenderCaribbeanDevBank_AsAFractionOf_Amount_Debt_LenderCaribbeanDevBank","[P1Y]","[]","1970"
"124","[]","[Percent]","Amount_Debt_EUR_LenderCountryCHN_AsAFractionOf_Amount_Debt_LenderCountryCHN","[P1Y]","[]","2001"
"3","[]","[Percent]","Amount_Debt_FRF_LenderCountryPHL_AsAFractionOf_Amount_Debt_LenderCountryPHL","[P1Y]","[]","1970"
"5","[]","[Percent]","Amount_Debt_DEM_LenderCountryOMN_AsAFractionOf_Amount_Debt_LenderCountryOMN","[P1Y]","[]","1970"
"16","[]","[Percent]","Amount_Debt_FRF_LenderCentralAmericanBankforEconIntegration_AsAFractionOf_Amount_Debt_LenderCentralAmericanBankforEconIntegration","[P1Y]","[]","1970"
"25","[]","[Percent]","Amount_Debt_DEM_LenderAsianInfrastructureInvestmentBank_AsAFractionOf_Amount_Debt_LenderAsianInfrastructureInvestmentBank","[P1Y]","[]","1970"
"1","[]","[Percent]","Amount_Debt_CHF_LenderCountryBEN_AsAFractionOf_Amount_Debt_LenderCountryBEN","[P1Y]","[]","1970"
"4","[]","[Percent]","Amount_Debt_WorldBankMultipleCurrency_LenderCountrySVN_AsAFractionOf_Amount_Debt_LenderCountrySVN","[P1Y]","[]","1970"
"1","[]","[Percent]","Amount_Debt_EUR_LenderCountrySYR_AsAFractionOf_Amount_Debt_LenderCountrySYR","[P1Y]","[]","2001"
"113","[]","[Percent]","Amount_Debt_SDR_LenderEuropeanInvestmentBank_AsAFractionOf_Amount_Debt_LenderEuropeanInvestmentBank","[P1Y]","[]","1970"
"1","[]","[Percent]","Amount_Debt_SDR_LenderCountryNIC_AsAFractionOf_Amount_Debt_LenderCountryNIC","[P1Y]","[]","1970"
"11","[]","[Percent]","Amount_Debt_FRF_LenderCountryPAK_AsAFractionOf_Amount_Debt_LenderCountryPAK","[P1Y]","[]","1970"
"5","[]","[Percent]","Amount_Debt_WorldBankMultipleCurrency_LenderCountryCRI_AsAFractionOf_Amount_Debt_LenderCountryCRI","[P1Y]","[]","1970"
"2","[]","[Percent]","Amount_Debt_FRF_LenderCountryLCA_AsAFractionOf_Amount_Debt_LenderCountryLCA","[P1Y]","[]","1970"
"46","[]","[Percent]","Amount_Debt_USD_LenderCountryLUX_AsAFractionOf_Amount_Debt_LenderCountryLUX","[P1Y]","[]","1970"
"13","[]","[Percent]","Amount_Debt_SDR_LenderCountryNZL_AsAFractionOf_Amount_Debt_LenderCountryNZL","[P1Y]","[]","1970"
"3","[]","[Percent]","Amount_Debt_DEM_LenderInternationalBankforEconomicCooperation_AsAFractionOf_Amount_Debt_LenderInternationalBankforEconomicCooperation","[P1Y]","[]","1970"
"10","[]","[Percent]","Amount_Debt_USD_LenderArabFundforTechAssisttoAfricanCountries_AsAFractionOf_Amount_Debt_LenderArabFundforTechAssisttoAfricanCountries","[P1Y]","[]","1970"
"1","[]","[Percent]","Amount_Debt_SDR_LenderIslamicSolidarityFundforDev_AsAFractionOf_Amount_Debt_LenderIslamicSolidarityFundforDev","[P1Y]","[]","1992"
"45","[]","[Percent]","Amount_Debt_FRF_LenderGermanDemRep_AsAFractionOf_Amount_Debt_LenderGermanDemRep","[P1Y]","[]","1970"
"23","[]","[Percent]","Amount_Debt_CHF_LenderCountryVEN_AsAFractionOf_Amount_Debt_LenderCountryVEN","[P1Y]","[]","1970"
"2","[]","[Percent]","Amount_Debt_DEM_LenderWorldBankMIGA_AsAFractionOf_Amount_Debt_LenderWorldBankMIGA","[P1Y]","[]","1970"
"1","[]","[Percent]","Amount_Debt_WorldBankMultipleCurrency_LenderBolivarianAlliancefortheAmericas_AsAFractionOf_Amount_Debt_LenderBolivarianAlliancefortheAmericas","[P1Y]","[]","1970"
"4","[]","[Percent]","Amount_Debt_WorldBankOtherCurrency_LenderCountryCHL_AsAFractionOf_Amount_Debt_LenderCountryCHL","[P1Y]","[]","1970"
"7","[]","[Percent]","Amount_Debt_CHF_LenderCountryBMU_AsAFractionOf_Amount_Debt_LenderCountryBMU","[P1Y]","[]","1970"
"2","[]","[Percent]","Amount_Debt_WorldBankOtherCurrency_LenderInternationalCoffeeOrganization_AsAFractionOf_Amount_Debt_LenderInternationalCoffeeOrganization","[P1Y]","[]","1970"
"1","[]","[Percent]","Amount_Debt_FRF_LenderSouthAsianDevelopmentFund_AsAFractionOf_Amount_Debt_LenderSouthAsianDevelopmentFund","[P1Y]","[]","1981"
"2","[]","[Percent]","Amount_Debt_WorldBankOtherCurrency_LenderWorldTradeOrganization_AsAFractionOf_Amount_Debt_LenderWorldTradeOrganization","[P1Y]","[]","1970"
"18","[]","[Percent]","Amount_Debt_USD_LenderCountryCYM_AsAFractionOf_Amount_Debt_LenderCountryCYM","[P1Y]","[]","1970"
"8","[]","[Percent]","Amount_Debt_CHF_LenderNethAntilles_AsAFractionOf_Amount_Debt_LenderNethAntilles","[P1Y]","[]","1970"
"29","[]","[Percent]","Amount_Debt_USD_LenderCountryIRL_AsAFractionOf_Amount_Debt_LenderCountryIRL","[P1Y]","[]","1970"
"30","[]","[Percent]","Amount_Debt_SDR_LenderCountryBGR_AsAFractionOf_Amount_Debt_LenderCountryBGR","[P1Y]","[]","1970"
"1","[]","[Percent]","Amount_Debt_SDR_LenderCountryGIB_AsAFractionOf_Amount_Debt_LenderCountryGIB","[P1Y]","[]","1970"
"28","[]","[Percent]","Amount_Debt_GBP_LenderCountryHKG_AsAFractionOf_Amount_Debt_LenderCountryHKG","[P1Y]","[]","1970"
"9","[]","[Percent]","Amount_Debt_JPY_LenderCountryCIV_AsAFractionOf_Amount_Debt_LenderCountryCIV","[P1Y]","[]","1970"
"5","[]","[Percent]","Amount_Debt_WorldBankOtherCurrency_LenderCountryBLR_AsAFractionOf_Amount_Debt_LenderCountryBLR","[P1Y]","[]","1970"
"16","[]","[Percent]","Amount_Debt_GBP_LenderEconomicCommunityofWestAfricanStates_AsAFractionOf_Amount_Debt_LenderEconomicCommunityofWestAfricanStates","[P1Y]","[]","1970"
"1","[]","[Percent]","Amount_Debt_WorldBankMultipleCurrency_LenderEuropeanCoalandSteelCommunity_AsAFractionOf_Amount_Debt_LenderEuropeanCoalandSteelCommunity","[P1Y]","[]","1970"
"29","[]","[Percent]","Amount_Debt_EUR_LenderAfricanExportImportBank_AsAFractionOf_Amount_Debt_LenderAfricanExportImportBank","[P1Y]","[]","2001"
"19","[]","[Percent]","Amount_Debt_USD_LenderCountryTHA_AsAFractionOf_Amount_Debt_LenderCountryTHA","[P1Y]","[]","1970"
"4","[]","[Percent]","Amount_Debt_WorldBankOtherCurrency_LenderCountryLBR_AsAFractionOf_Amount_Debt_LenderCountryLBR","[P1Y]","[]","1970"
"7","[]","[Percent]","Amount_Debt_USD_LenderCountryBGD_AsAFractionOf_Amount_Debt_LenderCountryBGD","[P1Y]","[]","1970"
"1","[]","[Percent]","Amount_Debt_FRF_LenderCountryMDA_AsAFractionOf_Amount_Debt_LenderCountryMDA","[P1Y]","[]","1992"
"3","[]","[Percent]","Amount_Debt_FRF_LenderEuropeanReliefFund_AsAFractionOf_Amount_Debt_LenderEuropeanReliefFund","[P1Y]","[]","1970"
"106","[]","[Percent]","Amount_Debt_CHF_LenderWorldBankIDA_AsAFractionOf_Amount_Debt_LenderWorldBankIDA","[P1Y]","[]","1970"
"99","[]","[Percent]","Amount_Debt_JPY_LenderCountryITA_AsAFractionOf_Amount_Debt_LenderCountryITA","[P1Y]","[]","1970"
"20","[]","[Percent]","Amount_Debt_WorldBankOtherCurrency_LenderAfricanExportImportBank_AsAFractionOf_Amount_Debt_LenderAfricanExportImportBank","[P1Y]","[]","1970"
"1","[]","[Percent]","Amount_Debt_SDR_LenderCountryNER_AsAFractionOf_Amount_Debt_LenderCountryNER","[P1Y]","[]","1970"
"2","[]","[Percent]","Amount_Debt_EUR_LenderCountryMAC_AsAFractionOf_Amount_Debt_LenderCountryMAC","[P1Y]","[]","2001"
"21","[]","[Percent]","Amount_Debt_USD_LenderCountryMAR_AsAFractionOf_Amount_Debt_LenderCountryMAR","[P1Y]","[]","1970"
"5","[]","[Percent]","Amount_Debt_USD_LenderInternationalInvestmentBank_AsAFractionOf_Amount_Debt_LenderInternationalInvestmentBank","[P1Y]","[]","1991"
"28","[]","[Percent]","Amount_Debt_DEM_LenderNordicInvestmentBank_AsAFractionOf_Amount_Debt_LenderNordicInvestmentBank","[P1Y]","[]","1970"
"9","[]","[Percent]","Amount_Debt_DEM_LenderWestAfricanDevelopmentBank_AsAFractionOf_Amount_Debt_LenderWestAfricanDevelopmentBank","[P1Y]","[]","1970"
"110","[]","[Percent]","Amount_Debt_SDR_LenderMultipleLenders_AsAFractionOf_Amount_Debt_LenderMultipleLenders","[P1Y]","[]","1970"
"16","[]","[Percent]","Amount_Debt_FRF_LenderCountryCIV_AsAFractionOf_Amount_Debt_LenderCountryCIV","[P1Y]","[]","1970"
"8","[]","[Percent]","Amount_Debt_CHF_LenderWorldTradeOrganization_AsAFractionOf_Amount_Debt_LenderWorldTradeOrganization","[P1Y]","[]","1970"
"3","[]","[Percent]","Amount_Debt_SDR_LenderCountryBIH_AsAFractionOf_Amount_Debt_LenderCountryBIH","[P1Y]","[]","1991"
"39","[]","[Percent]","Amount_Debt_USD_LenderCountryARG_AsAFractionOf_Amount_Debt_LenderCountryARG","[P1Y]","[]","1970"
"1","[]","[Percent]","Amount_Debt_WorldBankMultipleCurrency_LenderCountryMCO_AsAFractionOf_Amount_Debt_LenderCountryMCO","[P1Y]","[]","1970"
"15","[]","[Percent]","Amount_Debt_WorldBankOtherCurrency_LenderCaribbeanDevBank_AsAFractionOf_Amount_Debt_LenderCaribbeanDevBank","[P1Y]","[]","1970"
"9","[]","[Percent]","Amount_Debt_SDR_LenderCouncilofEurope_AsAFractionOf_Amount_Debt_LenderCouncilofEurope","[P1Y]","[]","1970"
"4","[]","[Percent]","Amount_Debt_DEM_LenderEurasianDevelopmentBank_AsAFractionOf_Amount_Debt_LenderEurasianDevelopmentBank","[P1Y]","[]","1992"
"77","[]","[Percent]","Amount_Debt_USD_LenderCountryKOR_AsAFractionOf_Amount_Debt_LenderCountryKOR","[P1Y]","[]","1970"
"45","[]","[Percent]","Amount_Debt_WorldBankMultipleCurrency_LenderCountryHUN_AsAFractionOf_Amount_Debt_LenderCountryHUN","[P1Y]","[]","1970"
"102","[]","[Percent]","Amount_Debt_SDR_LenderOPECFundforInternationalDev_AsAFractionOf_Amount_Debt_LenderOPECFundforInternationalDev","[P1Y]","[]","1970"
"9","[]","[Percent]","Amount_Debt_EUR_LenderCountryTHA_AsAFractionOf_Amount_Debt_LenderCountryTHA","[P1Y]","[]","2001"
"107","[]","[Percent]","Amount_Debt_GBP_LenderInternationalFundforAgriculturalDev_AsAFractionOf_Amount_Debt_LenderInternationalFundforAgriculturalDev","[P1Y]","[]","1970"
"5","[]","[Percent]","Amount_Debt_WorldBankOtherCurrency_LenderCountryCRI_AsAFractionOf_Amount_Debt_LenderCountryCRI","[P1Y]","[]","1970"
"7","[]","[Percent]","Amount_Debt_JPY_LenderUNDevelopmentProgramme_AsAFractionOf_Amount_Debt_LenderUNDevelopmentProgramme","[P1Y]","[]","1970"
"10","[]","[Percent]","Amount_Debt_SDR_LenderCountryCUB_AsAFractionOf_Amount_Debt_LenderCountryCUB","[P1Y]","[]","1970"
"3","[]","[Percent]","Amount_Debt_SDR_LenderCountrySEN_AsAFractionOf_Amount_Debt_LenderCountrySEN","[P1Y]","[]","1970"
"81","[]","[Percent]","Amount_Debt_EUR_LenderCountryRUS_AsAFractionOf_Amount_Debt_LenderCountryRUS","[P1Y]","[]","2001"
"1","[]","[Percent]","Amount_Debt_FRF_LenderCountryNER_AsAFractionOf_Amount_Debt_LenderCountryNER","[P1Y]","[]","1970"
"102","[]","[Percent]","Amount_Debt_USD_LenderCountryBEL_AsAFractionOf_Amount_Debt_LenderCountryBEL","[P1Y]","[]","1970"
"30","[]","[Percent]","Amount_Debt_JPY_LenderCountryBGR_AsAFractionOf_Amount_Debt_LenderCountryBGR","[P1Y]","[]","1970"
"49","[]","[Percent]","Amount_Debt_WorldBankMultipleCurrency_LenderArabBankforEconomicDevinAfrica_AsAFractionOf_Amount_Debt_LenderArabBankforEconomicDevinAfrica","[P1Y]","[]","1970"
"5","[]","[Percent]","Amount_Debt_DEM_LenderPlataBasinFinancialDevFund_AsAFractionOf_Amount_Debt_LenderPlataBasinFinancialDevFund","[P1Y]","[]","1970"
"25","[]","[Percent]","Amount_Debt_WorldBankMultipleCurrency_LenderAsianInfrastructureInvestmentBank_AsAFractionOf_Amount_Debt_LenderAsianInfrastructureInvestmentBank","[P1Y]","[]","1970"
"122","[]","[Percent]","Amount_Debt_WorldBankMultipleCurrency_LenderCountryDEU_AsAFractionOf_Amount_Debt_LenderCountryDEU","[P1Y]","[]","1970"
"8","[]","[Percent]","Amount_Debt_FRF_LenderCountryTTO_AsAFractionOf_Amount_Debt_LenderCountryTTO","[P1Y]","[]","1970"
"6","[]","[Percent]","Amount_Debt_SDR_LenderCountryBRB_AsAFractionOf_Amount_Debt_LenderCountryBRB","[P1Y]","[]","1970"
"85","[]","[Percent]","Amount_Debt_DEM_LenderCountrySAU_AsAFractionOf_Amount_Debt_LenderCountrySAU","[P1Y]","[]","1970"
"1","[]","[Percent]","Amount_Debt_JPY_LenderCountryTCD_AsAFractionOf_Amount_Debt_LenderCountryTCD","[P1Y]","[]","1970"
"22","[]","[Percent]","Amount_Debt_WorldBankOtherCurrency_LenderCountrySGP_AsAFractionOf_Amount_Debt_LenderCountrySGP","[P1Y]","[]","1970"
"33","[]","[Percent]","Amount_Debt_WorldBankOtherCurrency_LenderCountryLUX_AsAFractionOf_Amount_Debt_LenderCountryLUX","[P1Y]","[]","1970"
"5","[]","[Percent]","Amount_Debt_GBP_LenderCountryBLR_AsAFractionOf_Amount_Debt_LenderCountryBLR","[P1Y]","[]","1970"
"25","[]","[Percent]","Amount_Debt_EUR_LenderCountryARG_AsAFractionOf_Amount_Debt_LenderCountryARG","[P1Y]","[]","2001"
"1","[]","[Percent]","Amount_Debt_USD_LenderCountryGRD_AsAFractionOf_Amount_Debt_LenderCountryGRD","[P1Y]","[]","1981"
"3","[]","[Percent]","Amount_Debt_GBP_LenderCountryCMR_AsAFractionOf_Amount_Debt_LenderCountryCMR","[P1Y]","[]","1970"
"15","[]","[Percent]","Amount_Debt_DEM_LenderCountryMEX_AsAFractionOf_Amount_Debt_LenderCountryMEX","[P1Y]","[]","1970"
"9","[]","[Percent]","Amount_Debt_USD_LenderCountryCHL_AsAFractionOf_Amount_Debt_LenderCountryCHL","[P1Y]","[]","1970"
"3","[]","[Percent]","Amount_Debt_CHF_LenderCountryUZB_AsAFractionOf_Amount_Debt_LenderCountryUZB","[P1Y]","[]","1992"
"123","[]","[Percent]","Amount_Debt_DEM_LenderCountryFRA_AsAFractionOf_Amount_Debt_LenderCountryFRA","[P1Y]","[]","1970"
"3","[]","[Percent]","Amount_Debt_JPY_LenderCountryARM_AsAFractionOf_Amount_Debt_LenderCountryARM","[P1Y]","[]","1970"
"41","[]","[Percent]","Amount_Debt_SDR_LenderArabBankforEconomicDevinAfrica_AsAFractionOf_Amount_Debt_LenderArabBankforEconomicDevinAfrica","[P1Y]","[]","1970"
"1","[]","[Percent]","Amount_Debt_DEM_LenderCountryNIC_AsAFractionOf_Amount_Debt_LenderCountryNIC","[P1Y]","[]","1970"
"10","[]","[Percent]","Amount_Debt_EUR_LenderEuropeanReliefFund_AsAFractionOf_Amount_Debt_LenderEuropeanReliefFund","[P1Y]","[]","2001"
"5","[]","[Percent]","Amount_Debt_WorldBankOtherCurrency_LenderEUROFIMA_AsAFractionOf_Amount_Debt_LenderEUROFIMA","[P1Y]","[]","1970"
"11","[]","[Percent]","Amount_Debt_WorldBankMultipleCurrency_LenderCountryMAR_AsAFractionOf_Amount_Debt_LenderCountryMAR","[P1Y]","[]","1970"
"4","[]","[Percent]","Amount_Debt_WorldBankOtherCurrency_LenderCountryZWE_AsAFractionOf_Amount_Debt_LenderCountryZWE","[P1Y]","[]","1970"
"1","[]","[Percent]","Amount_Debt_WorldBankMultipleCurrency_LenderArabTownsOrganization_AsAFractionOf_Amount_Debt_LenderArabTownsOrganization","[P1Y]","[]","2008"
"15","[]","[Percent]","Amount_Debt_SDR_LenderCorporacionAndinadeFomento_AsAFractionOf_Amount_Debt_LenderCorporacionAndinadeFomento","[P1Y]","[]","1970"
"43","[]","[Percent]","Amount_Debt_JPY_LenderCountryLBY_AsAFractionOf_Amount_Debt_LenderCountryLBY","[P1Y]","[]","1970"
"121","[]","[Percent]","Amount_Debt_FRF_LenderCountryDEU_AsAFractionOf_Amount_Debt_LenderCountryDEU","[P1Y]","[]","1970"
"2","[]","[Percent]","Amount_Debt_CHF_LenderArabFundforTechAssisttoAfricanCountries_AsAFractionOf_Amount_Debt_LenderArabFundforTechAssisttoAfricanCountries","[P1Y]","[]","1970"
"22","[]","[Percent]","Amount_Debt_CHF_LenderEuropeanBankforReconstructionandDev_AsAFractionOf_Amount_Debt_LenderEuropeanBankforReconstructionandDev","[P1Y]","[]","1970"
"5","[]","[Percent]","Amount_Debt_JPY_LenderArabLeague_AsAFractionOf_Amount_Debt_LenderArabLeague","[P1Y]","[]","1970"
"38","[]","[Percent]","Amount_Debt_CHF_LenderNordicDevelopmentFund_AsAFractionOf_Amount_Debt_LenderNordicDevelopmentFund","[P1Y]","[]","1970"
"9","[]","[Percent]","Amount_Debt_CHF_LenderEUROFIMA_AsAFractionOf_Amount_Debt_LenderEUROFIMA","[P1Y]","[]","1970"
"51","[]","[Percent]","Amount_Debt_CHF_LenderCountrySRB_AsAFractionOf_Amount_Debt_LenderCountrySRB","[P1Y]","[]","1970"
"14","[]","[Percent]","Amount_Debt_SDR_LenderEasternSouthernAfricanTradeDevBank_AsAFractionOf_Amount_Debt_LenderEasternSouthernAfricanTradeDevBank","[P1Y]","[]","1970"
"26","[]","[Percent]","Amount_Debt_WorldBankOtherCurrency_LenderCountryDZA_AsAFractionOf_Amount_Debt_LenderCountryDZA","[P1Y]","[]","1970"
"38","[]","[Percent]","Amount_Debt_USD_LenderCountryPAN_AsAFractionOf_Amount_Debt_LenderCountryPAN","[P1Y]","[]","1970"
"41","[]","[Percent]","Amount_Debt_WorldBankOtherCurrency_LenderCountryHUN_AsAFractionOf_Amount_Debt_LenderCountryHUN","[P1Y]","[]","1970"
"1","[]","[Percent]","Amount_Debt_WorldBankOtherCurrency_LenderEconCommoftheGreatLakesCountries_AsAFractionOf_Amount_Debt_LenderEconCommoftheGreatLakesCountries","[P1Y]","[]","1970"
"5","[]","[Percent]","Amount_Debt_CHF_LenderPlataBasinFinancialDevFund_AsAFractionOf_Amount_Debt_LenderPlataBasinFinancialDevFund","[P1Y]","[]","1970"
"3","[]","[Percent]","Amount_Debt_EUR_LenderCountryMLI_AsAFractionOf_Amount_Debt_LenderCountryMLI","[P1Y]","[]","2001"
"38","[]","[Percent]","Amount_Debt_FRF_LenderNordicDevelopmentFund_AsAFractionOf_Amount_Debt_LenderNordicDevelopmentFund","[P1Y]","[]","1970"
"1","[]","[Percent]","Amount_Debt_FRF_LenderUNPopulationFund_AsAFractionOf_Amount_Debt_LenderUNPopulationFund","[P1Y]","[]","1970"
"1","[]","[Percent]","Amount_Debt_WorldBankMultipleCurrency_LenderUNChildrenFund_AsAFractionOf_Amount_Debt_LenderUNChildrenFund","[P1Y]","[]","1970"
"7","[]","[Percent]","Amount_Debt_DEM_LenderCountryMUS_AsAFractionOf_Amount_Debt_LenderCountryMUS","[P1Y]","[]","1970"
"37","[]","[Percent]","Amount_Debt_EUR_LenderAsianInfrastructureInvestmentBank_AsAFractionOf_Amount_Debt_LenderAsianInfrastructureInvestmentBank","[P1Y]","[]","2001"
"16","[]","[Percent]","Amount_Debt_GBP_LenderCentralAmericanBankforEconIntegration_AsAFractionOf_Amount_Debt_LenderCentralAmericanBankforEconIntegration","[P1Y]","[]","1970"
"120","[]","[Percent]","Amount_Debt_USD_LenderInternationalMonetaryFund_AsAFractionOf_Amount_Debt_LenderInternationalMonetaryFund","[P1Y]","[]","1970"
"15","[]","[Percent]","Amount_Debt_FRF_LenderArabMonetaryFund_AsAFractionOf_Amount_Debt_LenderArabMonetaryFund","[P1Y]","[]","1970"
"3","[]","[Percent]","Amount_Debt_FRF_LenderECOTradeandDevBank_AsAFractionOf_Amount_Debt_LenderECOTradeandDevBank","[P1Y]","[]","1970"
"18","[]","[Percent]","Amount_Debt_JPY_LenderCountryPRT_AsAFractionOf_Amount_Debt_LenderCountryPRT","[P1Y]","[]","1970"
"5","[]","[Percent]","Amount_Debt_FRF_LenderEntenteCouncil_AsAFractionOf_Amount_Debt_LenderEntenteCouncil","[P1Y]","[]","1970"
"1","[]","[Percent]","Amount_Debt_EUR_LenderUNWorldFoodProgramme_AsAFractionOf_Amount_Debt_LenderUNWorldFoodProgramme","[P1Y]","[]","2001"
"2","[]","[Percent]","Amount_Debt_FRF_LenderCountryBIH_AsAFractionOf_Amount_Debt_LenderCountryBIH","[P1Y]","[]","1991"
"1","[]","[Percent]","Amount_Debt_DEM_LenderCountryHTI_AsAFractionOf_Amount_Debt_LenderCountryHTI","[P1Y]","[]","1970"
"3","[]","[Percent]","Amount_Debt_JPY_LenderCountryBIH_AsAFractionOf_Amount_Debt_LenderCountryBIH","[P1Y]","[]","1991"
"75","[]","[Percent]","Amount_Debt_SDR_LenderCountryARE_AsAFractionOf_Amount_Debt_LenderCountryARE","[P1Y]","[]","1970"
"102","[]","[Percent]","Amount_Debt_DEM_LenderWorldBankIDA_AsAFractionOf_Amount_Debt_LenderWorldBankIDA","[P1Y]","[]","1970"
"29","[]","[Percent]","Amount_Debt_FRF_LenderCountryBHS_AsAFractionOf_Amount_Debt_LenderCountryBHS","[P1Y]","[]","1970"
"60","[]","[Percent]","Amount_Debt_USD_LenderCountryFIN_AsAFractionOf_Amount_Debt_LenderCountryFIN","[P1Y]","[]","1970"
"31","[]","[Percent]","Amount_Debt_DEM_LenderCountryTUR_AsAFractionOf_Amount_Debt_LenderCountryTUR","[P1Y]","[]","1970"
"4","[]","[Percent]","Amount_Debt_WorldBankMultipleCurrency_LenderEurasianDevelopmentBank_AsAFractionOf_Amount_Debt_LenderEurasianDevelopmentBank","[P1Y]","[]","1992"
"43","[]","[Percent]","Amount_Debt_WorldBankOtherCurrency_LenderCountryBRA_AsAFractionOf_Amount_Debt_LenderCountryBRA","[P1Y]","[]","1970"
"125","[]","[Percent]","Amount_Debt_CHF_LenderCountryDEU_AsAFractionOf_Amount_Debt_LenderCountryDEU","[P1Y]","[]","1970"
"2","[]","[Percent]","Amount_Debt_WorldBankOtherCurrency_LenderCountryMAC_AsAFractionOf_Amount_Debt_LenderCountryMAC","[P1Y]","[]","1970"
"1","[]","[Percent]","Amount_Debt_WorldBankOtherCurrency_LenderCountrySWZ_AsAFractionOf_Amount_Debt_LenderCountrySWZ","[P1Y]","[]","1970"
"1","[]","[Percent]","Amount_Debt_SDR_LenderCountryMDA_AsAFractionOf_Amount_Debt_LenderCountryMDA","[P1Y]","[]","1992"
"3","[]","[Percent]","Amount_Debt_WorldBankOtherCurrency_LenderCountryGNQ_AsAFractionOf_Amount_Debt_LenderCountryGNQ","[P1Y]","[]","1970"
"10","[]","[Percent]","Amount_Debt_JPY_LenderCountryCUB_AsAFractionOf_Amount_Debt_LenderCountryCUB","[P1Y]","[]","1970"
"104","[]","[Percent]","Amount_Debt_WorldBankMultipleCurrency_LenderCountryKWT_AsAFractionOf_Amount_Debt_LenderCountryKWT","[P1Y]","[]","1970"
"96","[]","[Percent]","Amount_Debt_GBP_LenderCountryNLD_AsAFractionOf_Amount_Debt_LenderCountryNLD","[P1Y]","[]","1970"
"11","[]","[Percent]","Amount_Debt_CHF_LenderCountryMAR_AsAFractionOf_Amount_Debt_LenderCountryMAR","[P1Y]","[]","1970"
"5","[]","[Percent]","Amount_Debt_USD_LenderCountrySWZ_AsAFractionOf_Amount_Debt_LenderCountrySWZ","[P1Y]","[]","1970"
"4","[]","[Percent]","Amount_Debt_CHF_LenderWestAfricanMonetaryUnion_AsAFractionOf_Amount_Debt_LenderWestAfricanMonetaryUnion","[P1Y]","[]","1970"
"90","[]","[Percent]","Amount_Debt_USD_LenderCountryIND_AsAFractionOf_Amount_Debt_LenderCountryIND","[P1Y]","[]","1970"
"2","[]","[Percent]","Amount_Debt_JPY_LenderCountryPRY_AsAFractionOf_Amount_Debt_LenderCountryPRY","[P1Y]","[]","1970"
"115","[]","[Percent]","Amount_Debt_DEM_LenderOtherMultipleLenders_AsAFractionOf_Amount_Debt_LenderOtherMultipleLenders","[P1Y]","[]","1970"
"4","[]","[Percent]","Amount_Debt_GBP_LenderCountryLBR_AsAFractionOf_Amount_Debt_LenderCountryLBR","[P1Y]","[]","1970"
"102","[]","[Percent]","Amount_Debt_SDR_LenderCountryJPN_AsAFractionOf_Amount_Debt_LenderCountryJPN","[P1Y]","[]","1970"
"37","[]","[Percent]","Amount_Debt_USD_LenderCountryIRN_AsAFractionOf_Amount_Debt_LenderCountryIRN","[P1Y]","[]","1970"
"2","[]","[Percent]","Amount_Debt_JPY_LenderCountryGAB_AsAFractionOf_Amount_Debt_LenderCountryGAB","[P1Y]","[]","1970"
"1","[]","[Percent]","Amount_Debt_WorldBankOtherCurrency_LenderCountrySYR_AsAFractionOf_Amount_Debt_LenderCountrySYR","[P1Y]","[]","1970"
"8","[]","[Percent]","Amount_Debt_WorldBankOtherCurrency_LenderDevBankoftheCentralAfricanStates_AsAFractionOf_Amount_Debt_LenderDevBankoftheCentralAfricanStates","[P1Y]","[]","1970"
"15","[]","[Percent]","Amount_Debt_FRF_LenderCountryGRC_AsAFractionOf_Amount_Debt_LenderCountryGRC","[P1Y]","[]","1970"
"120","[]","[Percent]","Amount_Debt_WorldBankMultipleCurrency_LenderInternationalMonetaryFund_AsAFractionOf_Amount_Debt_LenderInternationalMonetaryFund","[P1Y]","[]","1970"
"49","[]","[Percent]","Amount_Debt_EUR_LenderCountryLBY_AsAFractionOf_Amount_Debt_LenderCountryLBY","[P1Y]","[]","2001"
"9","[]","[Percent]","Amount_Debt_EUR_LenderCountryAGO_AsAFractionOf_Amount_Debt_LenderCountryAGO","[P1Y]","[]","2001"
"50","[]","[Percent]","Amount_Debt_DEM_LenderGermanDemRep_AsAFractionOf_Amount_Debt_LenderGermanDemRep","[P1Y]","[]","1970"
"25","[]","[Percent]","Amount_Debt_CHF_LenderAsianInfrastructureInvestmentBank_AsAFractionOf_Amount_Debt_LenderAsianInfrastructureInvestmentBank","[P1Y]","[]","1970"
"95","[]","[Percent]","Amount_Debt_GBP_LenderCountryCHE_AsAFractionOf_Amount_Debt_LenderCountryCHE","[P1Y]","[]","1970"
"5","[]","[Percent]","Amount_Debt_SDR_LenderEntenteCouncil_AsAFractionOf_Amount_Debt_LenderEntenteCouncil","[P1Y]","[]","1970"
"13","[]","[Percent]","Amount_Debt_FRF_LenderCaribbeanDevBank_AsAFractionOf_Amount_Debt_LenderCaribbeanDevBank","[P1Y]","[]","1970"
"25","[]","[Percent]","Amount_Debt_WorldBankOtherCurrency_LenderCountryPAN_AsAFractionOf_Amount_Debt_LenderCountryPAN","[P1Y]","[]","1970"
"3","[]","[Percent]","Amount_Debt_USD_LenderCountryGNQ_AsAFractionOf_Amount_Debt_LenderCountryGNQ","[P1Y]","[]","1970"
"3","[]","[Percent]","Amount_Debt_DEM_LenderCountryGNQ_AsAFractionOf_Amount_Debt_LenderCountryGNQ","[P1Y]","[]","1970"
"45","[]","[Percent]","Amount_Debt_SDR_LenderCountryCZE_AsAFractionOf_Amount_Debt_LenderCountryCZE","[P1Y]","[]","1970"
"4","[]","[Percent]","Amount_Debt_DEM_LenderWestAfricanMonetaryUnion_AsAFractionOf_Amount_Debt_LenderWestAfricanMonetaryUnion","[P1Y]","[]","1970"
"2","[]","[Percent]","Amount_Debt_EUR_LenderCountryBOL_AsAFractionOf_Amount_Debt_LenderCountryBOL","[P1Y]","[]","2001"
"8","[]","[Percent]","Amount_Debt_USD_LenderLatinAmerConfofSavingCreditCoop_AsAFractionOf_Amount_Debt_LenderLatinAmerConfofSavingCreditCoop","[P1Y]","[]","1970"
"1","[]","[Percent]","Amount_Debt_USD_LenderArabTownsOrganization_AsAFractionOf_Amount_Debt_LenderArabTownsOrganization","[P1Y]","[]","2008"
"4","[]","[Percent]","Amount_Debt_FRF_LenderCountryJAM_AsAFractionOf_Amount_Debt_LenderCountryJAM","[P1Y]","[]","1970"
"2","[]","[Percent]","Amount_Debt_FRF_LenderNordicEnvironmentFinanceCorporation_AsAFractionOf_Amount_Debt_LenderNordicEnvironmentFinanceCorporation","[P1Y]","[]","1992"
"1","[]","[Percent]","Amount_Debt_DEM_LenderCountrySWZ_AsAFractionOf_Amount_Debt_LenderCountrySWZ","[P1Y]","[]","1970"
"29","[]","[Percent]","Amount_Debt_USD_LenderCountryEGY_AsAFractionOf_Amount_Debt_LenderCountryEGY","[P1Y]","[]","1970"
"49","[]","[Percent]","Amount_Debt_GBP_LenderCountryPOL_AsAFractionOf_Amount_Debt_LenderCountryPOL","[P1Y]","[]","1970"
"16","[]","[Percent]","Amount_Debt_EUR_LenderEasternSouthernAfricanTradeDevBank_AsAFractionOf_Amount_Debt_LenderEasternSouthernAfricanTradeDevBank","[P1Y]","[]","2001"
"4","[]","[Percent]","Amount_Debt_GBP_LenderCountryMLT_AsAFractionOf_Amount_Debt_LenderCountryMLT","[P1Y]","[]","1970"
"29","[]","[Percent]","Amount_Debt_USD_LenderAfricanExportImportBank_AsAFractionOf_Amount_Debt_LenderAfricanExportImportBank","[P1Y]","[]","1970"
"2","[]","[Percent]","Amount_Debt_FRF_LenderCountryPRY_AsAFractionOf_Amount_Debt_LenderCountryPRY","[P1Y]","[]","1970"
"110","[]","[Percent]","Amount_Debt_WorldBankOtherCurrency_LenderCountryCHN_AsAFractionOf_Amount_Debt_LenderCountryCHN","[P1Y]","[]","1970"
"4","[]","[Percent]","Amount_Debt_EUR_LenderCountryZWE_AsAFractionOf_Amount_Debt_LenderCountryZWE","[P1Y]","[]","2001"
"112","[]","[Percent]","Amount_Debt_DEM_LenderCountryJPN_AsAFractionOf_Amount_Debt_LenderCountryJPN","[P1Y]","[]","1970"
"8","[]","[Percent]","Amount_Debt_WorldBankMultipleCurrency_LenderEasternSouthernAfricanTradeDevBank_AsAFractionOf_Amount_Debt_LenderEasternSouthernAfricanTradeDevBank","[P1Y]","[]","1970"
"61","[]","[Percent]","Amount_Debt_WorldBankMultipleCurrency_LenderIslamicDevBank_AsAFractionOf_Amount_Debt_LenderIslamicDevBank","[P1Y]","[]","1970"
"2","[]","[Percent]","Amount_Debt_GBP_LenderCountryMKD_AsAFractionOf_Amount_Debt_LenderCountryMKD","[P1Y]","[]","1970"
"2","[]","[Percent]","Amount_Debt_WorldBankOtherCurrency_LenderCountryZMB_AsAFractionOf_Amount_Debt_LenderCountryZMB","[P1Y]","[]","1970"
"1","[]","[Percent]","Amount_Debt_SDR_LenderCountryHTI_AsAFractionOf_Amount_Debt_LenderCountryHTI","[P1Y]","[]","1970"
"4","[]","[Percent]","Amount_Debt_CHF_LenderEuropeanSocialFund_AsAFractionOf_Amount_Debt_LenderEuropeanSocialFund","[P1Y]","[]","1970"
"9","[]","[Percent]","Amount_Debt_WorldBankOtherCurrency_LenderCountryTHA_AsAFractionOf_Amount_Debt_LenderCountryTHA","[P1Y]","[]","1970"
"129","[]","[Percent]","Amount_Debt_DEM_AsAFractionOf_Amount_Debt","[P1Y]","[]","1970"
"37","[]","[Percent]","Amount_Debt_CHF_LenderCountryLUX_AsAFractionOf_Amount_Debt_LenderCountryLUX","[P1Y]","[]","1970"
"2","[]","[Percent]","Amount_Debt_SDR_LenderNordicEnvironmentFinanceCorporation_AsAFractionOf_Amount_Debt_LenderNordicEnvironmentFinanceCorporation","[P1Y]","[]","1992"
"2","[]","[Percent]","Amount_Debt_WorldBankMultipleCurrency_LenderCountryMAC_AsAFractionOf_Amount_Debt_LenderCountryMAC","[P1Y]","[]","1970"
"43","[]","[Percent]","Amount_Debt_WorldBankMultipleCurrency_LenderCountryLBY_AsAFractionOf_Amount_Debt_LenderCountryLBY","[P1Y]","[]","1970"
"32","[]","[Percent]","Amount_Debt_SDR_LenderNordicInvestmentBank_AsAFractionOf_Amount_Debt_LenderNordicInvestmentBank","[P1Y]","[]","1970"
"16","[]","[Percent]","Amount_Debt_CHF_LenderEconomicCommunityofWestAfricanStates_AsAFractionOf_Amount_Debt_LenderEconomicCommunityofWestAfricanStates","[P1Y]","[]","1970"
"9","[]","[Percent]","Amount_Debt_SDR_LenderCountryCIV_AsAFractionOf_Amount_Debt_LenderCountryCIV","[P1Y]","[]","1970"
"7","[]","[Percent]","Amount_Debt_FRF_LenderUNDevelopmentProgramme_AsAFractionOf_Amount_Debt_LenderUNDevelopmentProgramme","[P1Y]","[]","1970"
"12","[]","[Percent]","Amount_Debt_WorldBankOtherCurrency_LenderEuropeanUnion_AsAFractionOf_Amount_Debt_LenderEuropeanUnion","[P1Y]","[]","1970"
"15","[]","[Percent]","Amount_Debt_SDR_LenderCountryMEX_AsAFractionOf_Amount_Debt_LenderCountryMEX","[P1Y]","[]","1970"
"1","[]","[Percent]","Amount_Debt_JPY_LenderInternationalInvestmentBank_AsAFractionOf_Amount_Debt_LenderInternationalInvestmentBank","[P1Y]","[]","1992"
"5","[]","[Percent]","Amount_Debt_CHF_LenderCountryCRI_AsAFractionOf_Amount_Debt_LenderCountryCRI","[P1Y]","[]","1970"
"1","[]","[Percent]","Amount_Debt_FRF_LenderIslamicSolidarityFundforDev_AsAFractionOf_Amount_Debt_LenderIslamicSolidarityFundforDev","[P1Y]","[]","1992"
"9","[]","[Percent]","Amount_Debt_EUR_LenderCountryBLR_AsAFractionOf_Amount_Debt_LenderCountryBLR","[P1Y]","[]","2001"
"4","[]","[Percent]","Amount_Debt_JPY_LenderCountryJAM_AsAFractionOf_Amount_Debt_LenderCountryJAM","[P1Y]","[]","1970"
"1","[]","[Percent]","Amount_Debt_WorldBankOtherCurrency_LenderInternationalInvestmentBank_AsAFractionOf_Amount_Debt_LenderInternationalInvestmentBank","[P1Y]","[]","1992"
"1","[]","[Percent]","Amount_Debt_EUR_LenderCountryTCD_AsAFractionOf_Amount_Debt_LenderCountryTCD","[P1Y]","[]","2001"
"2","[]","[Percent]","Amount_Debt_FRF_LenderCountryBDI_AsAFractionOf_Amount_Debt_LenderCountryBDI","[P1Y]","[]","1970"
"5","[]","[Percent]","Amount_Debt_WorldBankMultipleCurrency_LenderArabLeague_AsAFractionOf_Amount_Debt_LenderArabLeague","[P1Y]","[]","1970"
"2","[]","[Percent]","Amount_Debt_CHF_LenderCountryPRY_AsAFractionOf_Amount_Debt_LenderCountryPRY","[P1Y]","[]","1970"
"2","[]","[Percent]","Amount_Debt_WorldBankMultipleCurrency_LenderLatinAmerConfofSavingCreditCoop_AsAFractionOf_Amount_Debt_LenderLatinAmerConfofSavingCreditCoop","[P1Y]","[]","1970"
"3","[]","[Percent]","Amount_Debt_DEM_LenderUNGeneralAssembly_AsAFractionOf_Amount_Debt_LenderUNGeneralAssembly","[P1Y]","[]","1970"
"107","[]","[Percent]","Amount_Debt_CHF_LenderCountryITA_AsAFractionOf_Amount_Debt_LenderCountryITA","[P1Y]","[]","1970"
"121","[]","[Percent]","Amount_Debt_JPY_LenderCountryDEU_AsAFractionOf_Amount_Debt_LenderCountryDEU","[P1Y]","[]","1970"
"3","[]","[Percent]","Amount_Debt_CHF_LenderFondoLatinoamericanodeReservas_AsAFractionOf_Amount_Debt_LenderFondoLatinoamericanodeReservas","[P1Y]","[]","1970"
"10","[]","[Percent]","Amount_Debt_GBP_LenderCountryCYP_AsAFractionOf_Amount_Debt_LenderCountryCYP","[P1Y]","[]","1970"
"3","[]","[Percent]","Amount_Debt_WorldBankOtherCurrency_LenderNewDevelopmentBank_AsAFractionOf_Amount_Debt_LenderNewDevelopmentBank","[P1Y]","[]","1970"
"120","[]","[Percent]","Amount_Debt_JPY_LenderOtherMultipleLenders_AsAFractionOf_Amount_Debt_LenderOtherMultipleLenders","[P1Y]","[]","1970"
"22","[]","[Percent]","Amount_Debt_WorldBankMultipleCurrency_LenderArabMonetaryFund_AsAFractionOf_Amount_Debt_LenderArabMonetaryFund","[P1Y]","[]","1970"
"9","[]","[Percent]","Amount_Debt_WorldBankOtherCurrency_LenderCountryAGO_AsAFractionOf_Amount_Debt_LenderCountryAGO","[P1Y]","[]","1970"
"6","[]","[Percent]","Amount_Debt_JPY_LenderCountryNGA_AsAFractionOf_Amount_Debt_LenderCountryNGA","[P1Y]","[]","1970"
"28","[]","[Percent]","Amount_Debt_FRF_LenderCountryBGR_AsAFractionOf_Amount_Debt_LenderCountryBGR","[P1Y]","[]","1970"
"9","[]","[Percent]","Amount_Debt_CHF_LenderCountryCIV_AsAFractionOf_Amount_Debt_LenderCountryCIV","[P1Y]","[]","1970"
"37","[]","[Percent]","Amount_Debt_GBP_LenderCountryIRQ_AsAFractionOf_Amount_Debt_LenderCountryIRQ","[P1Y]","[]","1970"
"1","[]","[Percent]","Amount_Debt_EUR_LenderArabTownsOrganization_AsAFractionOf_Amount_Debt_LenderArabTownsOrganization","[P1Y]","[]","2008"
"42","[]","[Percent]","Amount_Debt_CHF_LenderGermanDemRep_AsAFractionOf_Amount_Debt_LenderGermanDemRep","[P1Y]","[]","1970"
"3","[]","[Percent]","Amount_Debt_FRF_LenderCountryARM_AsAFractionOf_Amount_Debt_LenderCountryARM","[P1Y]","[]","1970"
"1","[]","[Percent]","Amount_Debt_JPY_LenderCountryRWA_AsAFractionOf_Amount_Debt_LenderCountryRWA","[P1Y]","[]","1970"
"7","[]","[Percent]","Amount_Debt_SDR_LenderCountryMUS_AsAFractionOf_Amount_Debt_LenderCountryMUS","[P1Y]","[]","1970"
"1","[]","[Percent]","Amount_Debt_DEM_LenderCountryNAM_AsAFractionOf_Amount_Debt_LenderCountryNAM","[P1Y]","[]","1970"
"34","[]","[Percent]","Amount_Debt_USD_LenderCountryBHR_AsAFractionOf_Amount_Debt_LenderCountryBHR","[P1Y]","[]","1970"
"93","[]","[Percent]","Amount_Debt_SDR_LenderBondholders_AsAFractionOf_Amount_Debt_LenderBondholders","[P1Y]","[]","1970"
"4","[]","[Percent]","Amount_Debt_GBP_LenderCountryECU_AsAFractionOf_Amount_Debt_LenderCountryECU","[P1Y]","[]","1970"
"64","[]","[Percent]","Amount_Debt_GBP_LenderCountrySUN_AsAFractionOf_Amount_Debt_LenderCountrySUN","[P1Y]","[]","1970"
"110","[]","[Percent]","Amount_Debt_USD_LenderCountryKWT_AsAFractionOf_Amount_Debt_LenderCountryKWT","[P1Y]","[]","1970"
"4","[]","[Percent]","Amount_Debt_WorldBankMultipleCurrency_LenderWestAfricanMonetaryUnion_AsAFractionOf_Amount_Debt_LenderWestAfricanMonetaryUnion","[P1Y]","[]","1970"
"2","[]","[Percent]","Amount_Debt_SDR_LenderCountryLCA_AsAFractionOf_Amount_Debt_LenderCountryLCA","[P1Y]","[]","1970"
"105","[]","[Percent]","Amount_Debt_CHF_LenderCountryKWT_AsAFractionOf_Amount_Debt_LenderCountryKWT","[P1Y]","[]","1970"
"2","[]","[Percent]","Amount_Debt_GBP_LenderCountryHND_AsAFractionOf_Amount_Debt_LenderCountryHND","[P1Y]","[]","1970"
"110","[]","[Percent]","Amount_Debt_EUR_LenderOPECFundforInternationalDev_AsAFractionOf_Amount_Debt_LenderOPECFundforInternationalDev","[P1Y]","[]","2001"
"22","[]","[Percent]","Amount_Debt_GBP_LenderEuropeanBankforReconstructionandDev_AsAFractionOf_Amount_Debt_LenderEuropeanBankforReconstructionandDev","[P1Y]","[]","1970"
"11","[]","[Percent]","Amount_Debt_DEM_LenderArabMonetaryFund_AsAFractionOf_Amount_Debt_LenderArabMonetaryFund","[P1Y]","[]","1970"
"85","[]","[Percent]","Amount_Debt_WorldBankOtherCurrency_LenderCountryAUT_AsAFractionOf_Amount_Debt_LenderCountryAUT","[P1Y]","[]","1970"
"31","[]","[Percent]","Amount_Debt_WorldBankMultipleCurrency_LenderCountryHKG_AsAFractionOf_Amount_Debt_LenderCountryHKG","[P1Y]","[]","1970"
"52","[]","[Percent]","Amount_Debt_WorldBankMultipleCurrency_LenderCountryPOL_AsAFractionOf_Amount_Debt_LenderCountryPOL","[P1Y]","[]","1970"
"9","[]","[Percent]","Amount_Debt_JPY_LenderCountryAGO_AsAFractionOf_Amount_Debt_LenderCountryAGO","[P1Y]","[]","1970"
"15","[]","[Percent]","Amount_Debt_WorldBankMultipleCurrency_LenderCaribbeanDevBank_AsAFractionOf_Amount_Debt_LenderCaribbeanDevBank","[P1Y]","[]","1970"
"49","[]","[Percent]","Amount_Debt_EUR_LenderCountryBRA_AsAFractionOf_Amount_Debt_LenderCountryBRA","[P1Y]","[]","2001"
"1","[]","[Percent]","Amount_Debt_GBP_LenderArabTownsOrganization_AsAFractionOf_Amount_Debt_LenderArabTownsOrganization","[P1Y]","[]","2008"
"1","[]","[Percent]","Amount_Debt_SDR_LenderCountryKNA_AsAFractionOf_Amount_Debt_LenderCountryKNA","[P1Y]","[]","1981"
"8","[]","[Percent]","Amount_Debt_USD_LenderCountrySVN_AsAFractionOf_Amount_Debt_LenderCountrySVN","[P1Y]","[]","1970"
"34","[]","[Percent]","Amount_Debt_USD_LenderCountryVEN_AsAFractionOf_Amount_Debt_LenderCountryVEN","[P1Y]","[]","1970"
"4","[]","[Percent]","Amount_Debt_WorldBankOtherCurrency_LenderEuropeanSocialFund_AsAFractionOf_Amount_Debt_LenderEuropeanSocialFund","[P1Y]","[]","1970"
"98","[]","[Percent]","Amount_Debt_GBP_LenderOPECFundforInternationalDev_AsAFractionOf_Amount_Debt_LenderOPECFundforInternationalDev","[P1Y]","[]","1970"
"48","[]","[Percent]","Amount_Debt_FRF_LenderCountryLBY_AsAFractionOf_Amount_Debt_LenderCountryLBY","[P1Y]","[]","1970"
"2","[]","[Percent]","Amount_Debt_CHF_LenderCountryLCA_AsAFractionOf_Amount_Debt_LenderCountryLCA","[P1Y]","[]","1970"
"11","[]","[Percent]","Amount_Debt_WorldBankOtherCurrency_LenderCorporacionAndinadeFomento_AsAFractionOf_Amount_Debt_LenderCorporacionAndinadeFomento","[P1Y]","[]","1970"
"7","[]","[Percent]","Amount_Debt_WorldBankOtherCurrency_LenderEastAfricanCommunity_AsAFractionOf_Amount_Debt_LenderEastAfricanCommunity","[P1Y]","[]","1970"
"5","[]","[Percent]","Amount_Debt_WorldBankMultipleCurrency_LenderOrgofArabPetroleumExportingCountries_AsAFractionOf_Amount_Debt_LenderOrgofArabPetroleumExportingCountries","[P1Y]","[]","1970"
"1","[]","[Percent]","Amount_Debt_WorldBankMultipleCurrency_LenderCountrySYR_AsAFractionOf_Amount_Debt_LenderCountrySYR","[P1Y]","[]","1970"
"2","[]","[Percent]","Amount_Debt_DEM_LenderCountryTGO_AsAFractionOf_Amount_Debt_LenderCountryTGO","[P1Y]","[]","1970"
"4","[]","[Percent]","Amount_Debt_WorldBankOtherCurrency_LenderCountryECU_AsAFractionOf_Amount_Debt_LenderCountryECU","[P1Y]","[]","1970"
"8","[]","[Percent]","Amount_Debt_DEM_LenderCountryPER_AsAFractionOf_Amount_Debt_LenderCountryPER","[P1Y]","[]","1970"
"4","[]","[Percent]","Amount_Debt_DEM_LenderCountryCHL_AsAFractionOf_Amount_Debt_LenderCountryCHL","[P1Y]","[]","1970"
"5","[]","[Percent]","Amount_Debt_CHF_LenderArabLeague_AsAFractionOf_Amount_Debt_LenderArabLeague","[P1Y]","[]","1970"
"120","[]","[Percent]","Amount_Debt_WorldBankMultipleCurrency_LenderCountryCHN_AsAFractionOf_Amount_Debt_LenderCountryCHN","[P1Y]","[]","1970"
"2","[]","[Percent]","Amount_Debt_WorldBankMultipleCurrency_LenderCountryZMB_AsAFractionOf_Amount_Debt_LenderCountryZMB","[P1Y]","[]","1970"
"13","[]","[Percent]","Amount_Debt_WorldBankOtherCurrency_LenderArabAfricanInternationalBank_AsAFractionOf_Amount_Debt_LenderArabAfricanInternationalBank","[P1Y]","[]","1970"
"2","[]","[Percent]","Amount_Debt_CHF_LenderCountryMAC_AsAFractionOf_Amount_Debt_LenderCountryMAC","[P1Y]","[]","1970"
"119","[]","[Percent]","Amount_Debt_WorldBankMultipleCurrency_LenderWorldBankIDA_AsAFractionOf_Amount_Debt_LenderWorldBankIDA","[P1Y]","[]","1970"
"1","[]","[Percent]","Amount_Debt_JPY_LenderCountryLKA_AsAFractionOf_Amount_Debt_LenderCountryLKA","[P1Y]","[]","1978"
"1","[]","[Percent]","Amount_Debt_DEM_LenderIslamicSolidarityFundforDev_AsAFractionOf_Amount_Debt_LenderIslamicSolidarityFundforDev","[P1Y]","[]","1992"
"9","[]","[Percent]","Amount_Debt_CHF_LenderWestAfricanDevelopmentBank_AsAFractionOf_Amount_Debt_LenderWestAfricanDevelopmentBank","[P1Y]","[]","1970"
"3","[]","[Percent]","Amount_Debt_GBP_LenderLatinAmericanAgribusinessDevCorp_AsAFractionOf_Amount_Debt_LenderLatinAmericanAgribusinessDevCorp","[P1Y]","[]","1970"
"1","[]","[Percent]","Amount_Debt_FRF_LenderCountryLKA_AsAFractionOf_Amount_Debt_LenderCountryLKA","[P1Y]","[]","1978"
"30","[]","[Percent]","Amount_Debt_FRF_LenderCountryZAF_AsAFractionOf_Amount_Debt_LenderCountryZAF","[P1Y]","[]","1970"
"3","[]","[Percent]","Amount_Debt_DEM_LenderCountryKEN_AsAFractionOf_Amount_Debt_LenderCountryKEN","[P1Y]","[]","1970"
"104","[]","[Percent]","Amount_Debt_EUR_LenderWorldBankIBRD_AsAFractionOf_Amount_Debt_LenderWorldBankIBRD","[P1Y]","[]","2001"
"3","[]","[Percent]","Amount_Debt_DEM_LenderCountryURY_AsAFractionOf_Amount_Debt_LenderCountryURY","[P1Y]","[]","1970"
"1","[]","[Percent]","Amount_Debt_GBP_LenderEconCommoftheGreatLakesCountries_AsAFractionOf_Amount_Debt_LenderEconCommoftheGreatLakesCountries","[P1Y]","[]","1970"
"33","[]","[Percent]","Amount_Debt_WorldBankMultipleCurrency_LenderCountryLUX_AsAFractionOf_Amount_Debt_LenderCountryLUX","[P1Y]","[]","1970"
"1","[]","[Percent]","Amount_Debt_GBP_LenderBankforInternationalSettlements_AsAFractionOf_Amount_Debt_LenderBankforInternationalSettlements","[P1Y]","[]","1970"
"7","[]","[Percent]","Amount_Debt_USD_LenderUNWorldFoodProgramme_AsAFractionOf_Amount_Debt_LenderUNWorldFoodProgramme","[P1Y]","[]","1970"
"1","[]","[Percent]","Amount_Debt_CHF_LenderCountryMDA_AsAFractionOf_Amount_Debt_LenderCountryMDA","[P1Y]","[]","1992"
"95","[]","[Percent]","Amount_Debt_USD_LenderCountrySAU_AsAFractionOf_Amount_Debt_LenderCountrySAU","[P1Y]","[]","1970"
"12","[]","[Percent]","Amount_Debt_USD_LenderCountryCRI_AsAFractionOf_Amount_Debt_LenderCountryCRI","[P1Y]","[]","1970"
"2","[]","[Percent]","Amount_Debt_JPY_LenderLatinAmerConfofSavingCreditCoop_AsAFractionOf_Amount_Debt_LenderLatinAmerConfofSavingCreditCoop","[P1Y]","[]","1970"
"3","[]","[Percent]","Amount_Debt_DEM_LenderLatinAmericanAgribusinessDevCorp_AsAFractionOf_Amount_Debt_LenderLatinAmericanAgribusinessDevCorp","[P1Y]","[]","1970"
"11","[]","[Percent]","Amount_Debt_EUR_LenderECOTradeandDevBank_AsAFractionOf_Amount_Debt_LenderECOTradeandDevBank","[P1Y]","[]","2001"
"102","[]","[Percent]","Amount_Debt_FRF_LenderBondholders_AsAFractionOf_Amount_Debt_LenderBondholders","[P1Y]","[]","1970"
"47","[]","[Percent]","Amount_Debt_GBP_LenderCountryBRA_AsAFractionOf_Amount_Debt_LenderCountryBRA","[P1Y]","[]","1970"
"8","[]","[Percent]","Amount_Debt_GBP_LenderCountryLBN_AsAFractionOf_Amount_Debt_LenderCountryLBN","[P1Y]","[]","1970"
"106","[]","[Percent]","Amount_Debt_WorldBankMultipleCurrency_LenderCountryITA_AsAFractionOf_Amount_Debt_LenderCountryITA","[P1Y]","[]","1970"
"8","[]","[Percent]","Amount_Debt_USD_LenderCountryTZA_AsAFractionOf_Amount_Debt_LenderCountryTZA","[P1Y]","[]","1970"
"5","[]","[Percent]","Amount_Debt_FRF_LenderCountryGMB_AsAFractionOf_Amount_Debt_LenderCountryGMB","[P1Y]","[]","1970"
"2","[]","[Percent]","Amount_Debt_EUR_LenderCountryBFA_AsAFractionOf_Amount_Debt_LenderCountryBFA","[P1Y]","[]","2001"
"2","[]","[Percent]","Amount_Debt_WorldBankOtherCurrency_LenderCountryBOL_AsAFractionOf_Amount_Debt_LenderCountryBOL","[P1Y]","[]","1970"
"15","[]","[Percent]","Amount_Debt_FRF_LenderCountryLBN_AsAFractionOf_Amount_Debt_LenderCountryLBN","[P1Y]","[]","1970"
"1","[]","[Percent]","Amount_Debt_FRF_LenderEconCommoftheGreatLakesCountries_AsAFractionOf_Amount_Debt_LenderEconCommoftheGreatLakesCountries","[P1Y]","[]","1970"
"3","[]","[Percent]","Amount_Debt_JPY_LenderFondoLatinoamericanodeReservas_AsAFractionOf_Amount_Debt_LenderFondoLatinoamericanodeReservas","[P1Y]","[]","1970"
"17","[]","[Percent]","Amount_Debt_USD_LenderCentralAmericanBankforEconIntegration_AsAFractionOf_Amount_Debt_LenderCentralAmericanBankforEconIntegration","[P1Y]","[]","1970"
"11","[]","[Percent]","Amount_Debt_WorldBankOtherCurrency_LenderCountryMAR_AsAFractionOf_Amount_Debt_LenderCountryMAR","[P1Y]","[]","1970"
"43","[]","[Percent]","Amount_Debt_WorldBankOtherCurrency_LenderCountryLBY_AsAFractionOf_Amount_Debt_LenderCountryLBY","[P1Y]","[]","1970"
"7","[]","[Percent]","Amount_Debt_USD_LenderCountryGUY_AsAFractionOf_Amount_Debt_LenderCountryGUY","[P1Y]","[]","1970"
"14","[]","[Percent]","Amount_Debt_GBP_LenderDevBankoftheCentralAfricanStates_AsAFractionOf_Amount_Debt_LenderDevBankoftheCentralAfricanStates","[P1Y]","[]","1970"
"5","[]","[Percent]","Amount_Debt_USD_LenderCountryMCO_AsAFractionOf_Amount_Debt_LenderCountryMCO","[P1Y]","[]","1970"
"2","[]","[Percent]","Amount_Debt_WorldBankMultipleCurrency_LenderCountryPRY_AsAFractionOf_Amount_Debt_LenderCountryPRY","[P1Y]","[]","1970"
"115","[]","[Percent]","Amount_Debt_EUR_LenderWorldBankIDA_AsAFractionOf_Amount_Debt_LenderWorldBankIDA","[P1Y]","[]","2001"
"14","[]","[Percent]","Amount_Debt_EUR_LenderDevBankoftheCentralAfricanStates_AsAFractionOf_Amount_Debt_LenderDevBankoftheCentralAfricanStates","[P1Y]","[]","2001"
"1","[]","[Percent]","Amount_Debt_JPY_LenderCountryISL_AsAFractionOf_Amount_Debt_LenderCountryISL","[P1Y]","[]","1970"
"25","[]","[Percent]","Amount_Debt_WorldBankOtherCurrency_LenderCountryARG_AsAFractionOf_Amount_Debt_LenderCountryARG","[P1Y]","[]","1970"
"3","[]","[Percent]","Amount_Debt_SDR_LenderCountryKEN_AsAFractionOf_Amount_Debt_LenderCountryKEN","[P1Y]","[]","1970"
"31","[]","[Percent]","Amount_Debt_JPY_LenderCountryZAF_AsAFractionOf_Amount_Debt_LenderCountryZAF","[P1Y]","[]","1970"
"2","[]","[Percent]","Amount_Debt_FRF_LenderCountryBRN_AsAFractionOf_Amount_Debt_LenderCountryBRN","[P1Y]","[]","1970"
"2","[]","[Percent]","Amount_Debt_FRF_LenderLatinAmerConfofSavingCreditCoop_AsAFractionOf_Amount_Debt_LenderLatinAmerConfofSavingCreditCoop","[P1Y]","[]","1970"
"4","[]","[Percent]","Amount_Debt_GBP_LenderEurasianDevelopmentBank_AsAFractionOf_Amount_Debt_LenderEurasianDevelopmentBank","[P1Y]","[]","1992"
"3","[]","[Percent]","Amount_Debt_SDR_LenderCountryURY_AsAFractionOf_Amount_Debt_LenderCountryURY","[P1Y]","[]","1970"
"1","[]","[Percent]","Amount_Debt_JPY_LenderCountryGMB_AsAFractionOf_Amount_Debt_LenderCountryGMB","[P1Y]","[]","1970"
"2","[]","[Percent]","Amount_Debt_CHF_LenderCountryZMB_AsAFractionOf_Amount_Debt_LenderCountryZMB","[P1Y]","[]","1970"
"1","[]","[Percent]","Amount_Debt_SDR_LenderBankforInternationalSettlements_AsAFractionOf_Amount_Debt_LenderBankforInternationalSettlements","[P1Y]","[]","1970"
"5","[]","[Percent]","Amount_Debt_SDR_LenderCountryCOG_AsAFractionOf_Amount_Debt_LenderCountryCOG","[P1Y]","[]","1970"
"2","[]","[Percent]","Amount_Debt_WorldBankOtherCurrency_LenderCountryVNM_AsAFractionOf_Amount_Debt_LenderCountryVNM","[P1Y]","[]","1970"
"2","[]","[Percent]","Amount_Debt_DEM_LenderCountryTZA_AsAFractionOf_Amount_Debt_LenderCountryTZA","[P1Y]","[]","1970"
"85","[]","[Percent]","Amount_Debt_WorldBankMultipleCurrency_LenderCountryAUT_AsAFractionOf_Amount_Debt_LenderCountryAUT","[P1Y]","[]","1970"
"2","[]","[Percent]","Amount_Debt_JPY_LenderCountryJOR_AsAFractionOf_Amount_Debt_LenderCountryJOR","[P1Y]","[]","1981"
"42","[]","[Percent]","Amount_Debt_WorldBankOtherCurrency_LenderCountryPOL_AsAFractionOf_Amount_Debt_LenderCountryPOL","[P1Y]","[]","1970"
"12","[]","[Percent]","Amount_Debt_JPY_LenderCountrySVK_AsAFractionOf_Amount_Debt_LenderCountrySVK","[P1Y]","[]","1970"
"122","[]","[Percent]","Amount_Debt_CHF_LenderCountryCHN_AsAFractionOf_Amount_Debt_LenderCountryCHN","[P1Y]","[]","1970"
"1","[]","[Percent]","Amount_Debt_CHF_LenderCountrySYR_AsAFractionOf_Amount_Debt_LenderCountrySYR","[P1Y]","[]","1970"
"117","[]","[Percent]","Amount_Debt_GBP_LenderWorldBankIDA_AsAFractionOf_Amount_Debt_LenderWorldBankIDA","[P1Y]","[]","1970"
"4","[]","[Percent]","Amount_Debt_GBP_LenderEuropeanSocialFund_AsAFractionOf_Amount_Debt_LenderEuropeanSocialFund","[P1Y]","[]","1970"
"1","[]","[Percent]","Amount_Debt_SDR_LenderArabTownsOrganization_AsAFractionOf_Amount_Debt_LenderArabTownsOrganization","[P1Y]","[]","2008"
"9","[]","[Percent]","Amount_Debt_WorldBankMultipleCurrency_LenderCountryTHA_AsAFractionOf_Amount_Debt_LenderCountryTHA","[P1Y]","[]","1970"
"54","[]","[Percent]","Amount_Debt_EUR_LenderCountryHUN_AsAFractionOf_Amount_Debt_LenderCountryHUN","[P1Y]","[]","2001"
"1","[]","[Percent]","Amount_Debt_FRF_LenderCountryJOR_AsAFractionOf_Amount_Debt_LenderCountryJOR","[P1Y]","[]","1981"
"23","[]","[Percent]","Amount_Debt_EUR_LenderEconomicCommunityofWestAfricanStates_AsAFractionOf_Amount_Debt_LenderEconomicCommunityofWestAfricanStates","[P1Y]","[]","2001"
"24","[]","[Percent]","Amount_Debt_JPY_LenderInterAmericanDevBank_AsAFractionOf_Amount_Debt_LenderInterAmericanDevBank","[P1Y]","[]","1970"
"30","[]","[Percent]","Amount_Debt_EUR_LenderCountryIRQ_AsAFractionOf_Amount_Debt_LenderCountryIRQ","[P1Y]","[]","2001"
"2","[]","[Percent]","Amount_Debt_EUR_LenderArabFundforTechAssisttoAfricanCountries_AsAFractionOf_Amount_Debt_LenderArabFundforTechAssisttoAfricanCountries","[P1Y]","[]","2001"
"32","[]","[Percent]","Amount_Debt_CHF_LenderCountryHKG_AsAFractionOf_Amount_Debt_LenderCountryHKG","[P1Y]","[]","1970"
"1","[]","[Percent]","Amount_Debt_FRF_LenderCountryCOD_AsAFractionOf_Amount_Debt_LenderCountryCOD","[P1Y]","[]","1970"
"1","[]","[Percent]","Amount_Debt_CHF_LenderInternationalInvestmentBank_AsAFractionOf_Amount_Debt_LenderInternationalInvestmentBank","[P1Y]","[]","1992"
"3","[]","[Percent]","Amount_Debt_GBP_LenderCountryAZE_AsAFractionOf_Amount_Debt_LenderCountryAZE","[P1Y]","[]","1970"
"2","[]","[Percent]","Amount_Debt_WorldBankMultipleCurrency_LenderCountryBOL_AsAFractionOf_Amount_Debt_LenderCountryBOL","[P1Y]","[]","1970"
"1","[]","[Percent]","Amount_Debt_WorldBankOtherCurrency_LenderCountryMCO_AsAFractionOf_Amount_Debt_LenderCountryMCO","[P1Y]","[]","1970"
"1","[]","[Percent]","Amount_Debt_JPY_LenderUNPopulationFund_AsAFractionOf_Amount_Debt_LenderUNPopulationFund","[P1Y]","[]","1970"
"23","[]","[Percent]","Amount_Debt_USD_LenderArabAfricanInternationalBank_AsAFractionOf_Amount_Debt_LenderArabAfricanInternationalBank","[P1Y]","[]","1970"
"27","[]","[Percent]","Amount_Debt_GBP_LenderInternationalFinanceCorporation_AsAFractionOf_Amount_Debt_LenderInternationalFinanceCorporation","[P1Y]","[]","1970"
"75","[]","[Percent]","Amount_Debt_SDR_LenderCountryDNK_AsAFractionOf_Amount_Debt_LenderCountryDNK","[P1Y]","[]","1970"
"3","[]","[Percent]","Amount_Debt_FRF_LenderCountryMLI_AsAFractionOf_Amount_Debt_LenderCountryMLI","[P1Y]","[]","1970"
"6","[]","[Percent]","Amount_Debt_CHF_LenderCountryBRB_AsAFractionOf_Amount_Debt_LenderCountryBRB","[P1Y]","[]","1970"
"52","[]","[Percent]","Amount_Debt_GBP_LenderCountryFIN_AsAFractionOf_Amount_Debt_LenderCountryFIN","[P1Y]","[]","1970"
"70","[]","[Percent]","Amount_Debt_GBP_LenderEuropeanDevelopmentFund_AsAFractionOf_Amount_Debt_LenderEuropeanDevelopmentFund","[P1Y]","[]","1970"
"5","[]","[Percent]","Amount_Debt_FRF_LenderCountryOMN_AsAFractionOf_Amount_Debt_LenderCountryOMN","[P1Y]","[]","1970"
"6","[]","[Percent]","Amount_Debt_WorldBankMultipleCurrency_LenderCountryNGA_AsAFractionOf_Amount_Debt_LenderCountryNGA","[P1Y]","[]","1970"
"7","[]","[Percent]","Amount_Debt_WorldBankMultipleCurrency_LenderCountryHRV_AsAFractionOf_Amount_Debt_LenderCountryHRV","[P1Y]","[]","1970"
"13","[]","[Percent]","Amount_Debt_JPY_LenderArabAfricanInternationalBank_AsAFractionOf_Amount_Debt_LenderArabAfricanInternationalBank","[P1Y]","[]","1970"
"8","[]","[Percent]","Amount_Debt_USD_LenderFondoLatinoamericanodeReservas_AsAFractionOf_Amount_Debt_LenderFondoLatinoamericanodeReservas","[P1Y]","[]","1970"
"54","[]","[Percent]","Amount_Debt_SDR_LenderAfricanDevBank_AsAFractionOf_Amount_Debt_LenderAfricanDevBank","[P1Y]","[]","1970"
"1","[]","[Percent]","Amount_Debt_GBP_LenderCountryBGD_AsAFractionOf_Amount_Debt_LenderCountryBGD","[P1Y]","[]","1970"
"70","[]","[Percent]","Amount_Debt_SDR_LenderCountrySWE_AsAFractionOf_Amount_Debt_LenderCountrySWE","[P1Y]","[]","1970"
"12","[]","[Percent]","Amount_Debt_SDR_LenderEuropeanUnion_AsAFractionOf_Amount_Debt_LenderEuropeanUnion","[P1Y]","[]","1970"
"16","[]","[Percent]","Amount_Debt_WorldBankOtherCurrency_LenderCountryQAT_AsAFractionOf_Amount_Debt_LenderCountryQAT","[P1Y]","[]","1970"
"2","[]","[Percent]","Amount_Debt_JPY_LenderInternationalCoffeeOrganization_AsAFractionOf_Amount_Debt_LenderInternationalCoffeeOrganization","[P1Y]","[]","1970"
"74","[]","[Percent]","Amount_Debt_FRF_LenderCountryIND_AsAFractionOf_Amount_Debt_LenderCountryIND","[P1Y]","[]","1970"
"5","[]","[Percent]","Amount_Debt_CHF_LenderCountryCOG_AsAFractionOf_Amount_Debt_LenderCountryCOG","[P1Y]","[]","1970"
"10","[]","[Percent]","Amount_Debt_USD_LenderCountryURY_AsAFractionOf_Amount_Debt_LenderCountryURY","[P1Y]","[]","1970"
"5","[]","[Percent]","Amount_Debt_EUR_LenderCountryMNE_AsAFractionOf_Amount_Debt_LenderCountryMNE","[P1Y]","[]","2001"
"28","[]","[Percent]","Amount_Debt_DEM_LenderCountryBGR_AsAFractionOf_Amount_Debt_LenderCountryBGR","[P1Y]","[]","1970"
"20","[]","[Percent]","Amount_Debt_FRF_LenderArabFundforEconomicSocialDevelopment_AsAFractionOf_Amount_Debt_LenderArabFundforEconomicSocialDevelopment","[P1Y]","[]","1970"
"56","[]","[Percent]","Amount_Debt_CHF_LenderIslamicDevBank_AsAFractionOf_Amount_Debt_LenderIslamicDevBank","[P1Y]","[]","1970"
"85","[]","[Percent]","Amount_Debt_SDR_LenderCountryESP_AsAFractionOf_Amount_Debt_LenderCountryESP","[P1Y]","[]","1970"
"2","[]","[Percent]","Amount_Debt_WorldBankOtherCurrency_LenderCountryPRY_AsAFractionOf_Amount_Debt_LenderCountryPRY","[P1Y]","[]","1970"
"1","[]","[Percent]","Amount_Debt_JPY_LenderCountryNIC_AsAFractionOf_Amount_Debt_LenderCountryNIC","[P1Y]","[]","1970"
"1","[]","[Percent]","Amount_Debt_EUR_LenderUNChildrenFund_AsAFractionOf_Amount_Debt_LenderUNChildrenFund","[P1Y]","[]","2001"
"30","[]","[Percent]","Amount_Debt_WorldBankMultipleCurrency_LenderCountryARG_AsAFractionOf_Amount_Debt_LenderCountryARG","[P1Y]","[]","1970"
"1","[]","[Percent]","Amount_Debt_SDR_LenderSouthAsianDevelopmentFund_AsAFractionOf_Amount_Debt_LenderSouthAsianDevelopmentFund","[P1Y]","[]","1981"
"2","[]","[Percent]","Amount_Debt_JPY_LenderWorldBankMIGA_AsAFractionOf_Amount_Debt_LenderWorldBankMIGA","[P1Y]","[]","1970"
"25","[]","[Percent]","Amount_Debt_SDR_LenderAsianInfrastructureInvestmentBank_AsAFractionOf_Amount_Debt_LenderAsianInfrastructureInvestmentBank","[P1Y]","[]","1970"
"2","[]","[Percent]","Amount_Debt_JPY_LenderCountryVNM_AsAFractionOf_Amount_Debt_LenderCountryVNM","[P1Y]","[]","1970"
"3","[]","[Percent]","Amount_Debt_WorldBankMultipleCurrency_LenderCountryGNQ_AsAFractionOf_Amount_Debt_LenderCountryGNQ","[P1Y]","[]","1970"
"1","[]","[Percent]","Amount_Debt_GBP_LenderCountryCOD_AsAFractionOf_Amount_Debt_LenderCountryCOD","[P1Y]","[]","1970"
"26","[]","[Percent]","Amount_Debt_WorldBankMultipleCurrency_LenderCountrySGP_AsAFractionOf_Amount_Debt_LenderCountrySGP","[P1Y]","[]","1970"
"2","[]","[Percent]","Amount_Debt_FRF_LenderCountryMKD_AsAFractionOf_Amount_Debt_LenderCountryMKD","[P1Y]","[]","1970"
"13","[]","[Percent]","Amount_Debt_DEM_LenderCountryNZL_AsAFractionOf_Amount_Debt_LenderCountryNZL","[P1Y]","[]","1970"
"8","[]","[Percent]","Amount_Debt_CHF_LenderDevBankoftheCentralAfricanStates_AsAFractionOf_Amount_Debt_LenderDevBankoftheCentralAfricanStates","[P1Y]","[]","1970"
"53","[]","[Percent]","Amount_Debt_FRF_LenderEuropeanEconomicCommunity_AsAFractionOf_Amount_Debt_LenderEuropeanEconomicCommunity","[P1Y]","[]","1970"
"8","[]","[Percent]","Amount_Debt_FRF_LenderCouncilofEurope_AsAFractionOf_Amount_Debt_LenderCouncilofEurope","[P1Y]","[]","1970"
"10","[]","[Percent]","Amount_Debt_USD_LenderNewDevelopmentBank_AsAFractionOf_Amount_Debt_LenderNewDevelopmentBank","[P1Y]","[]","1970"
"1","[]","[Percent]","Amount_Debt_EUR_LenderCountryKGZ_AsAFractionOf_Amount_Debt_LenderCountryKGZ","[P1Y]","[]","2001"
"93","[]","[Percent]","Amount_Debt_EUR_LenderCountryESP_AsAFractionOf_Amount_Debt_LenderCountryESP","[P1Y]","[]","2001"
"73","[]","[Percent]","Amount_Debt_CHF_LenderEuropeanDevelopmentFund_AsAFractionOf_Amount_Debt_LenderEuropeanDevelopmentFund","[P1Y]","[]","1970"
"15","[]","[Percent]","Amount_Debt_GBP_LenderCountryMEX_AsAFractionOf_Amount_Debt_LenderCountryMEX","[P1Y]","[]","1970"
"25","[]","[Percent]","Amount_Debt_FRF_LenderAsianInfrastructureInvestmentBank_AsAFractionOf_Amount_Debt_LenderAsianInfrastructureInvestmentBank","[P1Y]","[]","1970"
"1","[]","[Percent]","Amount_Debt_WorldBankOtherCurrency_LenderUNChildrenFund_AsAFractionOf_Amount_Debt_LenderUNChildrenFund","[P1Y]","[]","1970"
"9","[]","[Percent]","Amount_Debt_FRF_LenderCountryAGO_AsAFractionOf_Amount_Debt_LenderCountryAGO","[P1Y]","[]","1970"
"5","[]","[Percent]","Amount_Debt_DEM_LenderCountryBLR_AsAFractionOf_Amount_Debt_LenderCountryBLR","[P1Y]","[]","1970"
"1","[]","[Percent]","Amount_Debt_JPY_LenderCountryBEN_AsAFractionOf_Amount_Debt_LenderCountryBEN","[P1Y]","[]","1970"
"3","[]","[Percent]","Amount_Debt_EUR_LenderCountryURY_AsAFractionOf_Amount_Debt_LenderCountryURY","[P1Y]","[]","2001"
"4","[]","[Percent]","Amount_Debt_CHF_LenderCountryCHL_AsAFractionOf_Amount_Debt_LenderCountryCHL","[P1Y]","[]","1970"
"5","[]","[Percent]","Amount_Debt_SDR_LenderPlataBasinFinancialDevFund_AsAFractionOf_Amount_Debt_LenderPlataBasinFinancialDevFund","[P1Y]","[]","1970"
"19","[]","[Percent]","Amount_Debt_WorldBankMultipleCurrency_LenderArabAfricanInternationalBank_AsAFractionOf_Amount_Debt_LenderArabAfricanInternationalBank","[P1Y]","[]","1970"
"112","[]","[Percent]","Amount_Debt_FRF_LenderMultipleLenders_AsAFractionOf_Amount_Debt_LenderMultipleLenders","[P1Y]","[]","1970"
"30","[]","[Percent]","Amount_Debt_DEM_LenderCountryZAF_AsAFractionOf_Amount_Debt_LenderCountryZAF","[P1Y]","[]","1970"
"8","[]","[Percent]","Amount_Debt_FRF_LenderDevBankoftheCentralAfricanStates_AsAFractionOf_Amount_Debt_LenderDevBankoftheCentralAfricanStates","[P1Y]","[]","1970"
"99","[]","[Percent]","Amount_Debt_CHF_LenderCountryBEL_AsAFractionOf_Amount_Debt_LenderCountryBEL","[P1Y]","[]","1970"
"4","[]","[Percent]","Amount_Debt_WorldBankOtherCurrency_LenderWestAfricanMonetaryUnion_AsAFractionOf_Amount_Debt_LenderWestAfricanMonetaryUnion","[P1Y]","[]","1970"
"1","[]","[Percent]","Amount_Debt_GBP_LenderSouthAsianDevelopmentFund_AsAFractionOf_Amount_Debt_LenderSouthAsianDevelopmentFund","[P1Y]","[]","1981"
"93","[]","[Percent]","Amount_Debt_USD_LenderCountryESP_AsAFractionOf_Amount_Debt_LenderCountryESP","[P1Y]","[]","1970"
"9","[]","[Percent]","Amount_Debt_WorldBankMultipleCurrency_LenderCountryCIV_AsAFractionOf_Amount_Debt_LenderCountryCIV","[P1Y]","[]","1970"
"1","[]","[Percent]","Amount_Debt_CHF_LenderCountryGIB_AsAFractionOf_Amount_Debt_LenderCountryGIB","[P1Y]","[]","1970"
"2","[]","[Percent]","Amount_Debt_WorldBankOtherCurrency_LenderArabFundforTechAssisttoAfricanCountries_AsAFractionOf_Amount_Debt_LenderArabFundforTechAssisttoAfricanCountries","[P1Y]","[]","1970"
"1","[]","[Percent]","Amount_Debt_DEM_LenderCountryGMB_AsAFractionOf_Amount_Debt_LenderCountryGMB","[P1Y]","[]","1970"
"13","[]","[Percent]","Amount_Debt_JPY_LenderArabMonetaryFund_AsAFractionOf_Amount_Debt_LenderArabMonetaryFund","[P1Y]","[]","1970"
"1","[]","[Percent]","Amount_Debt_GBP_LenderCountryBEN_AsAFractionOf_Amount_Debt_LenderCountryBEN","[P1Y]","[]","1970"
"4","[]","[Percent]","Amount_Debt_WorldBankOtherCurrency_LenderEurasianDevelopmentBank_AsAFractionOf_Amount_Debt_LenderEurasianDevelopmentBank","[P1Y]","[]","1992"
"3","[]","[Percent]","Amount_Debt_WorldBankOtherCurrency_LenderEuropeanReliefFund_AsAFractionOf_Amount_Debt_LenderEuropeanReliefFund","[P1Y]","[]","1970"
"8","[]","[Percent]","Amount_Debt_FRF_LenderEasternSouthernAfricanTradeDevBank_AsAFractionOf_Amount_Debt_LenderEasternSouthernAfricanTradeDevBank","[P1Y]","[]","1970"
"3","[]","[Percent]","Amount_Debt_DEM_LenderCountryGTM_AsAFractionOf_Amount_Debt_LenderCountryGTM","[P1Y]","[]","1970"
"1","[]","[Percent]","Amount_Debt_EUR_LenderCountryBLZ_AsAFractionOf_Amount_Debt_LenderCountryBLZ","[P1Y]","[]","2001"
"16","[]","[Percent]","Amount_Debt_USD_LenderCaribbeanDevBank_AsAFractionOf_Amount_Debt_LenderCaribbeanDevBank","[P1Y]","[]","1970"
"89","[]","[Percent]","Amount_Debt_USD_LenderCountryDNK_AsAFractionOf_Amount_Debt_LenderCountryDNK","[P1Y]","[]","1970"
"1","[]","[Percent]","Amount_Debt_JPY_LenderUNHighCommissionerforRefugees_AsAFractionOf_Amount_Debt_LenderUNHighCommissionerforRefugees","[P1Y]","[]","1970"
"7","[]","[Percent]","Amount_Debt_FRF_LenderCountryTUN_AsAFractionOf_Amount_Debt_LenderCountryTUN","[P1Y]","[]","1970"
"30","[]","[Percent]","Amount_Debt_EUR_LenderCountryPRT_AsAFractionOf_Amount_Debt_LenderCountryPRT","[P1Y]","[]","2001"
"11","[]","[Percent]","Amount_Debt_GBP_LenderCountryKEN_AsAFractionOf_Amount_Debt_LenderCountryKEN","[P1Y]","[]","1970"
"5","[]","[Percent]","Amount_Debt_JPY_LenderOrgofArabPetroleumExportingCountries_AsAFractionOf_Amount_Debt_LenderOrgofArabPetroleumExportingCountries","[P1Y]","[]","1970"
"42","[]","[Percent]","Amount_Debt_FRF_LenderCountryHUN_AsAFractionOf_Amount_Debt_LenderCountryHUN","[P1Y]","[]","1970"
"1","[]","[Percent]","Amount_Debt_SDR_LenderCountryVCT_AsAFractionOf_Amount_Debt_LenderCountryVCT","[P1Y]","[]","1981"
"4","[]","[Percent]","Amount_Debt_FRF_LenderCountrySVN_AsAFractionOf_Amount_Debt_LenderCountrySVN","[P1Y]","[]","1970"
"19","[]","[Percent]","Amount_Debt_JPY_LenderCountryMYS_AsAFractionOf_Amount_Debt_LenderCountryMYS","[P1Y]","[]","1970"
"2","[]","[Percent]","Amount_Debt_SDR_LenderWorldTradeOrganization_AsAFractionOf_Amount_Debt_LenderWorldTradeOrganization","[P1Y]","[]","1970"
"11","[]","[Percent]","Amount_Debt_WorldBankMultipleCurrency_LenderCountryPAK_AsAFractionOf_Amount_Debt_LenderCountryPAK","[P1Y]","[]","1970"
"59","[]","[Percent]","Amount_Debt_USD_LenderCountryCZE_AsAFractionOf_Amount_Debt_LenderCountryCZE","[P1Y]","[]","1970"
"134","[]","[Percent]","Amount_Debt_GBP_AsAFractionOf_Amount_Debt","[P1Y]","[]","1970"
"84","[]","[Percent]","Amount_Debt_USD_LenderCountrySWE_AsAFractionOf_Amount_Debt_LenderCountrySWE","[P1Y]","[]","1970"
"123","[]","[Percent]","Amount_Debt_CHF_LenderCountryUSA_AsAFractionOf_Amount_Debt_LenderCountryUSA","[P1Y]","[]","1970"
"23","[]","[Percent]","Amount_Debt_WorldBankOtherCurrency_LenderCountryVEN_AsAFractionOf_Amount_Debt_LenderCountryVEN","[P1Y]","[]","1970"
"2","[]","[Percent]","Amount_Debt_GBP_LenderLatinAmerConfofSavingCreditCoop_AsAFractionOf_Amount_Debt_LenderLatinAmerConfofSavingCreditCoop","[P1Y]","[]","1970"
"115","[]","[Percent]","Amount_Debt_EUR_LenderMultipleLenders_AsAFractionOf_Amount_Debt_LenderMultipleLenders","[P1Y]","[]","2001"
"13","[]","[Percent]","Amount_Debt_CHF_LenderArabAfricanInternationalBank_AsAFractionOf_Amount_Debt_LenderArabAfricanInternationalBank","[P1Y]","[]","1970"
"8","[]","[Percent]","Amount_Debt_SDR_LenderCountryTTO_AsAFractionOf_Amount_Debt_LenderCountryTTO","[P1Y]","[]","1970"
"1","[]","[Percent]","Amount_Debt_USD_LenderCountryVCT_AsAFractionOf_Amount_Debt_LenderCountryVCT","[P1Y]","[]","1981"
"2","[]","[Percent]","Amount_Debt_CHF_LenderCountryTZA_AsAFractionOf_Amount_Debt_LenderCountryTZA","[P1Y]","[]","1970"
"1","[]","[Percent]","Amount_Debt_FRF_LenderCountryGRD_AsAFractionOf_Amount_Debt_LenderCountryGRD","[P1Y]","[]","1981"
"2","[]","[Percent]","Amount_Debt_DEM_LenderWorldTradeOrganization_AsAFractionOf_Amount_Debt_LenderWorldTradeOrganization","[P1Y]","[]","1970"
"14","[]","[Percent]","Amount_Debt_USD_LenderNethAntilles_AsAFractionOf_Amount_Debt_LenderNethAntilles","[P1Y]","[]","1970"
"1","[]","[Percent]","Amount_Debt_WorldBankMultipleCurrency_LenderCountryLKA_AsAFractionOf_Amount_Debt_LenderCountryLKA","[P1Y]","[]","1978"
"28","[]","[Percent]","Amount_Debt_WorldBankMultipleCurrency_LenderArabFundforEconomicSocialDevelopment_AsAFractionOf_Amount_Debt_LenderArabFundforEconomicSocialDevelopment","[P1Y]","[]","1970"
"1","[]","[Percent]","Amount_Debt_JPY_LenderCountryBGD_AsAFractionOf_Amount_Debt_LenderCountryBGD","[P1Y]","[]","1970"
"2","[]","[Percent]","Amount_Debt_WorldBankMultipleCurrency_LenderCountryLCA_AsAFractionOf_Amount_Debt_LenderCountryLCA","[P1Y]","[]","1970"
"4","[]","[Percent]","Amount_Debt_EUR_LenderCountryKAZ_AsAFractionOf_Amount_Debt_LenderCountryKAZ","[P1Y]","[]","2001"
"3","[]","[Percent]","Amount_Debt_WorldBankMultipleCurrency_LenderCountryGHA_AsAFractionOf_Amount_Debt_LenderCountryGHA","[P1Y]","[]","1970"
"42","[]","[Percent]","Amount_Debt_FRF_LenderCountryLUX_AsAFractionOf_Amount_Debt_LenderCountryLUX","[P1Y]","[]","1970"
"7","[]","[Percent]","Amount_Debt_EUR_LenderCountryBMU_AsAFractionOf_Amount_Debt_LenderCountryBMU","[P1Y]","[]","2001"
"1","[]","[Percent]","Amount_Debt_WorldBankOtherCurrency_LenderArabTownsOrganization_AsAFractionOf_Amount_Debt_LenderArabTownsOrganization","[P1Y]","[]","2008"
"1","[]","[Percent]","Amount_Debt_DEM_LenderCountryJOR_AsAFractionOf_Amount_Debt_LenderCountryJOR","[P1Y]","[]","1981"
"2","[]","[Percent]","Amount_Debt_GBP_LenderCountryVNM_AsAFractionOf_Amount_Debt_LenderCountryVNM","[P1Y]","[]","1970"
"31","[]","[Percent]","Amount_Debt_DEM_LenderCountryHKG_AsAFractionOf_Amount_Debt_LenderCountryHKG","[P1Y]","[]","1970"
"26","[]","[Percent]","Amount_Debt_WorldBankMultipleCurrency_LenderCountryDZA_AsAFractionOf_Amount_Debt_LenderCountryDZA","[P1Y]","[]","1970"
"1","[]","[Percent]","Amount_Debt_GBP_LenderCountryNIC_AsAFractionOf_Amount_Debt_LenderCountryNIC","[P1Y]","[]","1970"
"3","[]","[Percent]","Amount_Debt_JPY_LenderCountryKEN_AsAFractionOf_Amount_Debt_LenderCountryKEN","[P1Y]","[]","1970"
"19","[]","[Percent]","Amount_Debt_GBP_LenderCountryMYS_AsAFractionOf_Amount_Debt_LenderCountryMYS","[P1Y]","[]","1970"
"15","[]","[Percent]","Amount_Debt_USD_LenderCountryTTO_AsAFractionOf_Amount_Debt_LenderCountryTTO","[P1Y]","[]","1970"
"6","[]","[Percent]","Amount_Debt_JPY_LenderCaribbeanCommunity_AsAFractionOf_Amount_Debt_LenderCaribbeanCommunity","[P1Y]","[]","1970"
"1","[]","[Percent]","Amount_Debt_WorldBankMultipleCurrency_LenderCountryRWA_AsAFractionOf_Amount_Debt_LenderCountryRWA","[P1Y]","[]","1970"
"3","[]","[Percent]","Amount_Debt_CHF_LenderCountrySLV_AsAFractionOf_Amount_Debt_LenderCountrySLV","[P1Y]","[]","1970"
"104","[]","[Percent]","Amount_Debt_SDR_LenderCountryITA_AsAFractionOf_Amount_Debt_LenderCountryITA","[P1Y]","[]","1970"
"43","[]","[Percent]","Amount_Debt_WorldBankMultipleCurrency_LenderCountryBRA_AsAFractionOf_Amount_Debt_LenderCountryBRA","[P1Y]","[]","1970"
"107","[]","[Percent]","Amount_Debt_EUR_LenderBondholders_AsAFractionOf_Amount_Debt_LenderBondholders","[P1Y]","[]","2001"
"3","[]","[Percent]","Amount_Debt_CHF_LenderCountryARM_AsAFractionOf_Amount_Debt_LenderCountryARM","[P1Y]","[]","1970"
"3","[]","[Percent]","Amount_Debt_WorldBankOtherCurrency_LenderCountryPRI_AsAFractionOf_Amount_Debt_LenderCountryPRI","[P1Y]","[]","1970"
"56","[]","[Percent]","Amount_Debt_EUR_LenderCountryCZE_AsAFractionOf_Amount_Debt_LenderCountryCZE","[P1Y]","[]","2001"
"2","[]","[Percent]","Amount_Debt_WorldBankOtherCurrency_LenderLatinAmerConfofSavingCreditCoop_AsAFractionOf_Amount_Debt_LenderLatinAmerConfofSavingCreditCoop","[P1Y]","[]","1970"
"86","[]","[Percent]","Amount_Debt_CHF_LenderCountrySAU_AsAFractionOf_Amount_Debt_LenderCountrySAU","[P1Y]","[]","1970"
"1","[]","[Percent]","Amount_Debt_DEM_LenderCountryRWA_AsAFractionOf_Amount_Debt_LenderCountryRWA","[P1Y]","[]","1970"
"53","[]","[Percent]","Amount_Debt_CHF_LenderCountryROU_AsAFractionOf_Amount_Debt_LenderCountryROU","[P1Y]","[]","1970"
"98","[]","[Percent]","Amount_Debt_EUR_LenderCountryCHE_AsAFractionOf_Amount_Debt_LenderCountryCHE","[P1Y]","[]","2001"
"11","[]","[Percent]","Amount_Debt_JPY_LenderCountryMAR_AsAFractionOf_Amount_Debt_LenderCountryMAR","[P1Y]","[]","1970"
"121","[]","[Percent]","Amount_Debt_SDR_LenderInternationalFundforAgriculturalDev_AsAFractionOf_Amount_Debt_LenderInternationalFundforAgriculturalDev","[P1Y]","[]","1970"
"38","[]","[Percent]","Amount_Debt_WorldBankMultipleCurrency_LenderCountryZAF_AsAFractionOf_Amount_Debt_LenderCountryZAF","[P1Y]","[]","1970"
"79","[]","[Percent]","Amount_Debt_GBP_LenderCountryRUS_AsAFractionOf_Amount_Debt_LenderCountryRUS","[P1Y]","[]","1970"
"90","[]","[Percent]","Amount_Debt_GBP_LenderCountryAUT_AsAFractionOf_Amount_Debt_LenderCountryAUT","[P1Y]","[]","1970"
"33","[]","[Percent]","Amount_Debt_JPY_LenderCountryPAN_AsAFractionOf_Amount_Debt_LenderCountryPAN","[P1Y]","[]","1970"
"127","[]","[Percent]","Amount_Debt_CHF_LenderCountryFRA_AsAFractionOf_Amount_Debt_LenderCountryFRA","[P1Y]","[]","1970"
"8","[]","[Percent]","Amount_Debt_CHF_LenderEasternSouthernAfricanTradeDevBank_AsAFractionOf_Amount_Debt_LenderEasternSouthernAfricanTradeDevBank","[P1Y]","[]","1970"
"12","[]","[Percent]","Amount_Debt_USD_LenderInternationalBankforEconomicCooperation_AsAFractionOf_Amount_Debt_LenderInternationalBankforEconomicCooperation","[P1Y]","[]","1970"
"17","[]","[Percent]","Amount_Debt_DEM_LenderCountryGRC_AsAFractionOf_Amount_Debt_LenderCountryGRC","[P1Y]","[]","1970"
"2","[]","[Percent]","Amount_Debt_WorldBankMultipleCurrency_LenderCountryBFA_AsAFractionOf_Amount_Debt_LenderCountryBFA","[P1Y]","[]","1970"
"109","[]","[Percent]","Amount_Debt_WorldBankOtherCurrency_LenderMultipleLenders_AsAFractionOf_Amount_Debt_LenderMultipleLenders","[P1Y]","[]","1970"
"13","[]","[Percent]","Amount_Debt_USD_LenderArabLeague_AsAFractionOf_Amount_Debt_LenderArabLeague","[P1Y]","[]","1970"
"4","[]","[Percent]","Amount_Debt_SDR_LenderCountryZWE_AsAFractionOf_Amount_Debt_LenderCountryZWE","[P1Y]","[]","1970"
"1","[]","[Percent]","Amount_Debt_JPY_LenderCountryNER_AsAFractionOf_Amount_Debt_LenderCountryNER","[P1Y]","[]","1970"
"46","[]","[Percent]","Amount_Debt_CHF_LenderCountryPOL_AsAFractionOf_Amount_Debt_LenderCountryPOL","[P1Y]","[]","1970"
"3","[]","[Percent]","Amount_Debt_EUR_LenderInternationalBankforEconomicCooperation_AsAFractionOf_Amount_Debt_LenderInternationalBankforEconomicCooperation","[P1Y]","[]","2001"
"42","[]","[Percent]","Amount_Debt_SDR_LenderCountryROU_AsAFractionOf_Amount_Debt_LenderCountryROU","[P1Y]","[]","1970"
"17","[]","[Percent]","Amount_Debt_JPY_LenderCountryEGY_AsAFractionOf_Amount_Debt_LenderCountryEGY","[P1Y]","[]","1970"
"5","[]","[Percent]","Amount_Debt_FRF_LenderCountryCRI_AsAFractionOf_Amount_Debt_LenderCountryCRI","[P1Y]","[]","1970"
"56","[]","[Percent]","Amount_Debt_USD_LenderEuropeanEconomicCommunity_AsAFractionOf_Amount_Debt_LenderEuropeanEconomicCommunity","[P1Y]","[]","1970"
"81","[]","[Percent]","Amount_Debt_EUR_LenderCountryARE_AsAFractionOf_Amount_Debt_LenderCountryARE","[P1Y]","[]","2001"
"25","[]","[Percent]","Amount_Debt_CHF_LenderCountryBHR_AsAFractionOf_Amount_Debt_LenderCountryBHR","[P1Y]","[]","1970"
"113","[]","[Percent]","Amount_Debt_SDR_LenderCountryFRA_AsAFractionOf_Amount_Debt_LenderCountryFRA","[P1Y]","[]","1970"
"106","[]","[Percent]","Amount_Debt_JPY_LenderWorldBankIDA_AsAFractionOf_Amount_Debt_LenderWorldBankIDA","[P1Y]","[]","1970"
"16","[]","[Percent]","Amount_Debt_CHF_LenderCentralAmericanBankforEconIntegration_AsAFractionOf_Amount_Debt_LenderCentralAmericanBankforEconIntegration","[P1Y]","[]","1970"
"82","[]","[Percent]","Amount_Debt_FRF_LenderCountryCAN_AsAFractionOf_Amount_Debt_LenderCountryCAN","[P1Y]","[]","1970"
"11","[]","[Percent]","Amount_Debt_GBP_LenderCountryMAR_AsAFractionOf_Amount_Debt_LenderCountryMAR","[P1Y]","[]","1970"
"2","[]","[Percent]","Amount_Debt_FRF_LenderCountryMAC_AsAFractionOf_Amount_Debt_LenderCountryMAC","[P1Y]","[]","1970"
"98","[]","[Percent]","Amount_Debt_USD_LenderCountryCHE_AsAFractionOf_Amount_Debt_LenderCountryCHE","[P1Y]","[]","1970"
"16","[]","[Percent]","Amount_Debt_JPY_LenderEconomicCommunityofWestAfricanStates_AsAFractionOf_Amount_Debt_LenderEconomicCommunityofWestAfricanStates","[P1Y]","[]","1970"
"99","[]","[Percent]","Amount_Debt_USD_LenderCountryNLD_AsAFractionOf_Amount_Debt_LenderCountryNLD","[P1Y]","[]","1970"
"30","[]","[Percent]","Amount_Debt_WorldBankMultipleCurrency_LenderInterAmericanDevBank_AsAFractionOf_Amount_Debt_LenderInterAmericanDevBank","[P1Y]","[]","1970"
"8","[]","[Percent]","Amount_Debt_WorldBankOtherCurrency_LenderCountryTTO_AsAFractionOf_Amount_Debt_LenderCountryTTO","[P1Y]","[]","1970"
"2","[]","[Percent]","Amount_Debt_FRF_LenderWorldBankMIGA_AsAFractionOf_Amount_Debt_LenderWorldBankMIGA","[P1Y]","[]","1970"
"73","[]","[Percent]","Amount_Debt_JPY_LenderCountryRUS_AsAFractionOf_Amount_Debt_LenderCountryRUS","[P1Y]","[]","1970"
"92","[]","[Percent]","Amount_Debt_FRF_LenderCountryKWT_AsAFractionOf_Amount_Debt_LenderCountryKWT","[P1Y]","[]","1970"
"113","[]","[Percent]","Amount_Debt_DEM_LenderMultipleLenders_AsAFractionOf_Amount_Debt_LenderMultipleLenders","[P1Y]","[]","1970"
"4","[]","[Percent]","Amount_Debt_CHF_LenderCountryZWE_AsAFractionOf_Amount_Debt_LenderCountryZWE","[P1Y]","[]","1970"
"2","[]","[Percent]","Amount_Debt_DEM_LenderCountryBOL_AsAFractionOf_Amount_Debt_LenderCountryBOL","[P1Y]","[]","1970"
"102","[]","[Percent]","Amount_Debt_DEM_LenderBondholders_AsAFractionOf_Amount_Debt_LenderBondholders","[P1Y]","[]","1970"
"3","[]","[Percent]","Amount_Debt_SDR_LenderLatinAmericanAgribusinessDevCorp_AsAFractionOf_Amount_Debt_LenderLatinAmericanAgribusinessDevCorp","[P1Y]","[]","1970"
"84","[]","[Percent]","Amount_Debt_SDR_LenderCountryCHE_AsAFractionOf_Amount_Debt_LenderCountryCHE","[P1Y]","[]","1970"
"90","[]","[Percent]","Amount_Debt_JPY_LenderCountryAUT_AsAFractionOf_Amount_Debt_LenderCountryAUT","[P1Y]","[]","1970"
"127","[]","[Percent]","Amount_Debt_USD_LenderCountryFRA_AsAFractionOf_Amount_Debt_LenderCountryFRA","[P1Y]","[]","1970"
"2","[]","[Percent]","Amount_Debt_WorldBankMultipleCurrency_LenderCountryGAB_AsAFractionOf_Amount_Debt_LenderCountryGAB","[P1Y]","[]","1970"
"84","[]","[Percent]","Amount_Debt_USD_LenderCountryARE_AsAFractionOf_Amount_Debt_LenderCountryARE","[P1Y]","[]","1970"
"2","[]","[Percent]","Amount_Debt_CHF_LenderInternationalCoffeeOrganization_AsAFractionOf_Amount_Debt_LenderInternationalCoffeeOrganization","[P1Y]","[]","1970"
"23","[]","[Percent]","Amount_Debt_GBP_LenderCountryEGY_AsAFractionOf_Amount_Debt_LenderCountryEGY","[P1Y]","[]","1970"
"1","[]","[Percent]","Amount_Debt_WorldBankMultipleCurrency_LenderCountryGMB_AsAFractionOf_Amount_Debt_LenderCountryGMB","[P1Y]","[]","1970"
"134","[]","[Percent]","Amount_Debt_WorldBankOtherCurrency_AsAFractionOf_Amount_Debt","[P1Y]","[]","1970"
"1","[]","[Percent]","Amount_Debt_GBP_LenderCountryNER_AsAFractionOf_Amount_Debt_LenderCountryNER","[P1Y]","[]","1970"
"1","[]","[Percent]","Amount_Debt_CHF_LenderCountryKNA_AsAFractionOf_Amount_Debt_LenderCountryKNA","[P1Y]","[]","1981"
"9","[]","[Percent]","Amount_Debt_DEM_LenderCountryTHA_AsAFractionOf_Amount_Debt_LenderCountryTHA","[P1Y]","[]","1970"
"5","[]","[Percent]","Amount_Debt_JPY_LenderCountryIDN_AsAFractionOf_Amount_Debt_LenderCountryIDN","[P1Y]","[]","1970"
"1","[]","[Percent]","Amount_Debt_WorldBankMultipleCurrency_LenderInternationalInvestmentBank_AsAFractionOf_Amount_Debt_LenderInternationalInvestmentBank","[P1Y]","[]","1992"
"9","[]","[Percent]","Amount_Debt_WorldBankMultipleCurrency_LenderWestAfricanDevelopmentBank_AsAFractionOf_Amount_Debt_LenderWestAfricanDevelopmentBank","[P1Y]","[]","1970"
"1","[]","[Percent]","Amount_Debt_FRF_LenderUNChildrenFund_AsAFractionOf_Amount_Debt_LenderUNChildrenFund","[P1Y]","[]","1970"
"58","[]","[Percent]","Amount_Debt_EUR_LenderEuropeanEconomicCommunity_AsAFractionOf_Amount_Debt_LenderEuropeanEconomicCommunity","[P1Y]","[]","2001"
"5","[]","[Percent]","Amount_Debt_SDR_LenderArabLeague_AsAFractionOf_Amount_Debt_LenderArabLeague","[P1Y]","[]","1970"
"22","[]","[Percent]","Amount_Debt_EUR_LenderCountryPRK_AsAFractionOf_Amount_Debt_LenderCountryPRK","[P1Y]","[]","2001"
"5","[]","[Percent]","Amount_Debt_GBP_LenderArabLeague_AsAFractionOf_Amount_Debt_LenderArabLeague","[P1Y]","[]","1970"
"96","[]","[Percent]","Amount_Debt_WorldBankOtherCurrency_LenderCountryKWT_AsAFractionOf_Amount_Debt_LenderCountryKWT","[P1Y]","[]","1970"
"2","[]","[Percent]","Amount_Debt_FRF_LenderCountryZMB_AsAFractionOf_Amount_Debt_LenderCountryZMB","[P1Y]","[]","1970"
"59","[]","[Percent]","Amount_Debt_JPY_LenderAfricanDevBank_AsAFractionOf_Amount_Debt_LenderAfricanDevBank","[P1Y]","[]","1970"
"23","[]","[Percent]","Amount_Debt_DEM_LenderCountryPRK_AsAFractionOf_Amount_Debt_LenderCountryPRK","[P1Y]","[]","1970"
"1","[]","[Percent]","Amount_Debt_WorldBankMultipleCurrency_LenderCountryISL_AsAFractionOf_Amount_Debt_LenderCountryISL","[P1Y]","[]","1970"
"9","[]","[Percent]","Amount_Debt_GBP_LenderCouncilofEurope_AsAFractionOf_Amount_Debt_LenderCouncilofEurope","[P1Y]","[]","1970"
"2","[]","[Percent]","Amount_Debt_WorldBankOtherCurrency_LenderCountryTGO_AsAFractionOf_Amount_Debt_LenderCountryTGO","[P1Y]","[]","1970"
"36","[]","[Percent]","Amount_Debt_FRF_LenderCountryAUS_AsAFractionOf_Amount_Debt_LenderCountryAUS","[P1Y]","[]","1970"
"2","[]","[Percent]","Amount_Debt_DEM_LenderCountryBIH_AsAFractionOf_Amount_Debt_LenderCountryBIH","[P1Y]","[]","1991"
"15","[]","[Percent]","Amount_Debt_JPY_LenderCountryMEX_AsAFractionOf_Amount_Debt_LenderCountryMEX","[P1Y]","[]","1970"
"5","[]","[Percent]","Amount_Debt_DEM_LenderCountryHRV_AsAFractionOf_Amount_Debt_LenderCountryHRV","[P1Y]","[]","1970"
"42","[]","[Percent]","Amount_Debt_EUR_LenderGermanDemRep_AsAFractionOf_Amount_Debt_LenderGermanDemRep","[P1Y]","[]","2001"
"1","[]","[Percent]","Amount_Debt_SDR_LenderUNHighCommissionerforRefugees_AsAFractionOf_Amount_Debt_LenderUNHighCommissionerforRefugees","[P1Y]","[]","1970"
"1","[]","[Percent]","Amount_Debt_GBP_LenderCountrySYR_AsAFractionOf_Amount_Debt_LenderCountrySYR","[P1Y]","[]","1970"
"99","[]","[Percent]","Amount_Debt_USD_LenderCountryAUT_AsAFractionOf_Amount_Debt_LenderCountryAUT","[P1Y]","[]","1970"
"12","[]","[Percent]","Amount_Debt_CHF_LenderCountrySVK_AsAFractionOf_Amount_Debt_LenderCountrySVK","[P1Y]","[]","1970"
"21","[]","[Percent]","Amount_Debt_JPY_LenderArabFundforEconomicSocialDevelopment_AsAFractionOf_Amount_Debt_LenderArabFundforEconomicSocialDevelopment","[P1Y]","[]","1970"
"109","[]","[Percent]","Amount_Debt_EUR_LenderCountryITA_AsAFractionOf_Amount_Debt_LenderCountryITA","[P1Y]","[]","2001"
"3","[]","[Percent]","Amount_Debt_CHF_LenderUNGeneralAssembly_AsAFractionOf_Amount_Debt_LenderUNGeneralAssembly","[P1Y]","[]","1970"
"120","[]","[Percent]","Amount_Debt_SDR_LenderWorldBankIDA_AsAFractionOf_Amount_Debt_LenderWorldBankIDA","[P1Y]","[]","1970"
"5","[]","[Percent]","Amount_Debt_GBP_LenderCountryIDN_AsAFractionOf_Amount_Debt_LenderCountryIDN","[P1Y]","[]","1970"
"5","[]","[Percent]","Amount_Debt_EUR_LenderArabLeague_AsAFractionOf_Amount_Debt_LenderArabLeague","[P1Y]","[]","2001"
"120","[]","[Percent]","Amount_Debt_CHF_LenderInternationalMonetaryFund_AsAFractionOf_Amount_Debt_LenderInternationalMonetaryFund","[P1Y]","[]","1970"
"12","[]","[Percent]","Amount_Debt_USD_LenderCountryTUN_AsAFractionOf_Amount_Debt_LenderCountryTUN","[P1Y]","[]","1970"
"4","[]","[Percent]","Amount_Debt_EUR_LenderCountryCPV_AsAFractionOf_Amount_Debt_LenderCountryCPV","[P1Y]","[]","2001"
"18","[]","[Percent]","Amount_Debt_DEM_LenderCountryCUB_AsAFractionOf_Amount_Debt_LenderCountryCUB","[P1Y]","[]","1970"
"123","[]","[Percent]","Amount_Debt_GBP_LenderCountryCHN_AsAFractionOf_Amount_Debt_LenderCountryCHN","[P1Y]","[]","1970"
"15","[]","[Percent]","Amount_Debt_CHF_LenderCaribbeanDevBank_AsAFractionOf_Amount_Debt_LenderCaribbeanDevBank","[P1Y]","[]","1970"
"20","[]","[Percent]","Amount_Debt_WorldBankMultipleCurrency_LenderAfricanExportImportBank_AsAFractionOf_Amount_Debt_LenderAfricanExportImportBank","[P1Y]","[]","1970"
"3","[]","[Percent]","Amount_Debt_FRF_LenderCountryPRI_AsAFractionOf_Amount_Debt_LenderCountryPRI","[P1Y]","[]","1970"
"16","[]","[Percent]","Amount_Debt_DEM_LenderCountryIRL_AsAFractionOf_Amount_Debt_LenderCountryIRL","[P1Y]","[]","1970"
"2","[]","[Percent]","Amount_Debt_JPY_LenderCountryUKR_AsAFractionOf_Amount_Debt_LenderCountryUKR","[P1Y]","[]","1970"
"25","[]","[Percent]","Amount_Debt_DEM_LenderCountryARG_AsAFractionOf_Amount_Debt_LenderCountryARG","[P1Y]","[]","1970"
"120","[]","[Percent]","Amount_Debt_CHF_LenderEuropeanInvestmentBank_AsAFractionOf_Amount_Debt_LenderEuropeanInvestmentBank","[P1Y]","[]","1970"
"28","[]","[Percent]","Amount_Debt_USD_LenderCountryQAT_AsAFractionOf_Amount_Debt_LenderCountryQAT","[P1Y]","[]","1970"
"118","[]","[Percent]","Amount_Debt_DEM_LenderCountryGBR_AsAFractionOf_Amount_Debt_LenderCountryGBR","[P1Y]","[]","1970"
"77","[]","[Percent]","Amount_Debt_WorldBankMultipleCurrency_LenderEuropeanDevelopmentFund_AsAFractionOf_Amount_Debt_LenderEuropeanDevelopmentFund","[P1Y]","[]","1970"
"3","[]","[Percent]","Amount_Debt_SDR_LenderCountryTUN_AsAFractionOf_Amount_Debt_LenderCountryTUN","[P1Y]","[]","1970"
"75","[]","[Percent]","Amount_Debt_GBP_LenderCountryARE_AsAFractionOf_Amount_Debt_LenderCountryARE","[P1Y]","[]","1970"
"10","[]","[Percent]","Amount_Debt_USD_LenderLatinAmericanAgribusinessDevCorp_AsAFractionOf_Amount_Debt_LenderLatinAmericanAgribusinessDevCorp","[P1Y]","[]","1970"
"6","[]","[Percent]","Amount_Debt_EUR_LenderWorldTradeOrganization_AsAFractionOf_Amount_Debt_LenderWorldTradeOrganization","[P1Y]","[]","2001"
"19","[]","[Percent]","Amount_Debt_DEM_LenderInterAmericanDevBank_AsAFractionOf_Amount_Debt_LenderInterAmericanDevBank","[P1Y]","[]","1970"
"31","[]","[Percent]","Amount_Debt_DEM_LenderCountrySGP_AsAFractionOf_Amount_Debt_LenderCountrySGP","[P1Y]","[]","1970"
"93","[]","[Percent]","Amount_Debt_SDR_LenderWorldBankIBRD_AsAFractionOf_Amount_Debt_LenderWorldBankIBRD","[P1Y]","[]","1970"
"2","[]","[Percent]","Amount_Debt_USD_LenderWorldTradeOrganization_AsAFractionOf_Amount_Debt_LenderWorldTradeOrganization","[P1Y]","[]","1970"
"113","[]","[Percent]","Amount_Debt_WorldBankOtherCurrency_LenderEuropeanInvestmentBank_AsAFractionOf_Amount_Debt_LenderEuropeanInvestmentBank","[P1Y]","[]","1970"
"37","[]","[Percent]","Amount_Debt_WorldBankMultipleCurrency_LenderCountryIRQ_AsAFractionOf_Amount_Debt_LenderCountryIRQ","[P1Y]","[]","1970"
"88","[]","[Percent]","Amount_Debt_SDR_LenderCountryBEL_AsAFractionOf_Amount_Debt_LenderCountryBEL","[P1Y]","[]","1970"
"2","[]","[Percent]","Amount_Debt_GBP_LenderCountryUKR_AsAFractionOf_Amount_Debt_LenderCountryUKR","[P1Y]","[]","1970"
"16","[]","[Percent]","Amount_Debt_SDR_LenderCountryQAT_AsAFractionOf_Amount_Debt_LenderCountryQAT","[P1Y]","[]","1970"
"4","[]","[Percent]","Amount_Debt_WorldBankOtherCurrency_LenderCountrySVN_AsAFractionOf_Amount_Debt_LenderCountrySVN","[P1Y]","[]","1970"
"118","[]","[Percent]","Amount_Debt_JPY_LenderCountryCHN_AsAFractionOf_Amount_Debt_LenderCountryCHN","[P1Y]","[]","1970"
"1","[]","[Percent]","Amount_Debt_FRF_LenderCountryHTI_AsAFractionOf_Amount_Debt_LenderCountryHTI","[P1Y]","[]","1970"
"5","[]","[Percent]","Amount_Debt_FRF_LenderCountryTKM_AsAFractionOf_Amount_Debt_LenderCountryTKM","[P1Y]","[]","1992"
"1","[]","[Percent]","Amount_Debt_DEM_LenderUNHighCommissionerforRefugees_AsAFractionOf_Amount_Debt_LenderUNHighCommissionerforRefugees","[P1Y]","[]","1970"
"29","[]","[Percent]","Amount_Debt_GBP_LenderCountryPAN_AsAFractionOf_Amount_Debt_LenderCountryPAN","[P1Y]","[]","1970"
"1","[]","[Percent]","Amount_Debt_JPY_LenderCountrySYR_AsAFractionOf_Amount_Debt_LenderCountrySYR","[P1Y]","[]","1970"
"26","[]","[Percent]","Amount_Debt_USD_LenderCountrySVK_AsAFractionOf_Amount_Debt_LenderCountrySVK","[P1Y]","[]","1970"
"8","[]","[Percent]","Amount_Debt_FRF_LenderCentralBankofWestAfricanStates_AsAFractionOf_Amount_Debt_LenderCentralBankofWestAfricanStates","[P1Y]","[]","1970"
"31","[]","[Percent]","Amount_Debt_EUR_LenderCountryPAN_AsAFractionOf_Amount_Debt_LenderCountryPAN","[P1Y]","[]","2001"
"3","[]","[Percent]","Amount_Debt_WorldBankMultipleCurrency_LenderCountryGTM_AsAFractionOf_Amount_Debt_LenderCountryGTM","[P1Y]","[]","1970"
"3","[]","[Percent]","Amount_Debt_CHF_LenderECOTradeandDevBank_AsAFractionOf_Amount_Debt_LenderECOTradeandDevBank","[P1Y]","[]","1970"
"61","[]","[Percent]","Amount_Debt_FRF_LenderCountryNOR_AsAFractionOf_Amount_Debt_LenderCountryNOR","[P1Y]","[]","1970"
"99","[]","[Percent]","Amount_Debt_EUR_LenderCountryAUT_AsAFractionOf_Amount_Debt_LenderCountryAUT","[P1Y]","[]","2001"
"3","[]","[Percent]","Amount_Debt_DEM_LenderCountryGHA_AsAFractionOf_Amount_Debt_LenderCountryGHA","[P1Y]","[]","1970"
"19","[]","[Percent]","Amount_Debt_USD_LenderCountryLBN_AsAFractionOf_Amount_Debt_LenderCountryLBN","[P1Y]","[]","1970"
"8","[]","[Percent]","Amount_Debt_SDR_LenderCentralBankofWestAfricanStates_AsAFractionOf_Amount_Debt_LenderCentralBankofWestAfricanStates","[P1Y]","[]","1970"
"2","[]","[Percent]","Amount_Debt_DEM_LenderNordicEnvironmentFinanceCorporation_AsAFractionOf_Amount_Debt_LenderNordicEnvironmentFinanceCorporation","[P1Y]","[]","1992"
"22","[]","[Percent]","Amount_Debt_WorldBankMultipleCurrency_LenderEuropeanBankforReconstructionandDev_AsAFractionOf_Amount_Debt_LenderEuropeanBankforReconstructionandDev","[P1Y]","[]","1970"
"45","[]","[Percent]","Amount_Debt_JPY_LenderCountryCZE_AsAFractionOf_Amount_Debt_LenderCountryCZE","[P1Y]","[]","1970"
"51","[]","[Percent]","Amount_Debt_WorldBankMultipleCurrency_LenderCountrySRB_AsAFractionOf_Amount_Debt_LenderCountrySRB","[P1Y]","[]","1970"
"1","[]","[Percent]","Amount_Debt_FRF_LenderUNHighCommissionerforRefugees_AsAFractionOf_Amount_Debt_LenderUNHighCommissionerforRefugees","[P1Y]","[]","1970"
"3","[]","[Percent]","Amount_Debt_EUR_LenderCountryGNQ_AsAFractionOf_Amount_Debt_LenderCountryGNQ","[P1Y]","[]","2001"
"61","[]","[Percent]","Amount_Debt_CHF_LenderCountryNOR_AsAFractionOf_Amount_Debt_LenderCountryNOR","[P1Y]","[]","1970"
"13","[]","[Percent]","Amount_Debt_CHF_LenderCouncilofEurope_AsAFractionOf_Amount_Debt_LenderCouncilofEurope","[P1Y]","[]","1970"
"54","[]","[Percent]","Amount_Debt_GBP_LenderCountryCZE_AsAFractionOf_Amount_Debt_LenderCountryCZE","[P1Y]","[]","1970"
"23","[]","[Percent]","Amount_Debt_EUR_LenderCountryEGY_AsAFractionOf_Amount_Debt_LenderCountryEGY","[P1Y]","[]","2001"
"21","[]","[Percent]","Amount_Debt_WorldBankOtherCurrency_LenderInternationalFinanceCorporation_AsAFractionOf_Amount_Debt_LenderInternationalFinanceCorporation","[P1Y]","[]","1970"
"5","[]","[Percent]","Amount_Debt_CHF_LenderOrgofArabPetroleumExportingCountries_AsAFractionOf_Amount_Debt_LenderOrgofArabPetroleumExportingCountries","[P1Y]","[]","1970"
"8","[]","[Percent]","Amount_Debt_CHF_LenderCountryTTO_AsAFractionOf_Amount_Debt_LenderCountryTTO","[P1Y]","[]","1970"
"4","[]","[Percent]","Amount_Debt_JPY_LenderEuropeanSocialFund_AsAFractionOf_Amount_Debt_LenderEuropeanSocialFund","[P1Y]","[]","1970"
"1","[]","[Percent]","Amount_Debt_WorldBankMultipleCurrency_LenderCountryMNE_AsAFractionOf_Amount_Debt_LenderCountryMNE","[P1Y]","[]","1970"
"4","[]","[Percent]","Amount_Debt_SDR_LenderNethAntilles_AsAFractionOf_Amount_Debt_LenderNethAntilles","[P1Y]","[]","1970"
"82","[]","[Percent]","Amount_Debt_WorldBankOtherCurrency_LenderCountrySAU_AsAFractionOf_Amount_Debt_LenderCountrySAU","[P1Y]","[]","1970"
"1","[]","[Percent]","Amount_Debt_FRF_LenderCountryVCT_AsAFractionOf_Amount_Debt_LenderCountryVCT","[P1Y]","[]","1981"
"21","[]","[Percent]","Amount_Debt_WorldBankMultipleCurrency_LenderInternationalFinanceCorporation_AsAFractionOf_Amount_Debt_LenderInternationalFinanceCorporation","[P1Y]","[]","1970"
"3","[]","[Percent]","Amount_Debt_SDR_LenderCountryPRI_AsAFractionOf_Amount_Debt_LenderCountryPRI","[P1Y]","[]","1970"
"13","[]","[Percent]","Amount_Debt_JPY_LenderCountryNZL_AsAFractionOf_Amount_Debt_LenderCountryNZL","[P1Y]","[]","1970"
"17","[]","[Percent]","Amount_Debt_USD_LenderCountryOMN_AsAFractionOf_Amount_Debt_LenderCountryOMN","[P1Y]","[]","1970"
"84","[]","[Percent]","Amount_Debt_CHF_LenderCountrySWE_AsAFractionOf_Amount_Debt_LenderCountrySWE","[P1Y]","[]","1970"
"1","[]","[Percent]","Amount_Debt_GBP_LenderCountryBLZ_AsAFractionOf_Amount_Debt_LenderCountryBLZ","[P1Y]","[]","1981"
"11","[]","[Percent]","Amount_Debt_EUR_LenderCountryHRV_AsAFractionOf_Amount_Debt_LenderCountryHRV","[P1Y]","[]","2001"
"42","[]","[Percent]","Amount_Debt_WorldBankOtherCurrency_LenderCountryROU_AsAFractionOf_Amount_Debt_LenderCountryROU","[P1Y]","[]","1970"
"71","[]","[Percent]","Amount_Debt_FRF_LenderCountryDNK_AsAFractionOf_Amount_Debt_LenderCountryDNK","[P1Y]","[]","1970"
"31","[]","[Percent]","Amount_Debt_DEM_LenderCountryDZA_AsAFractionOf_Amount_Debt_LenderCountryDZA","[P1Y]","[]","1970"
"1","[]","[Percent]","Amount_Debt_CHF_LenderCountryVCT_AsAFractionOf_Amount_Debt_LenderCountryVCT","[P1Y]","[]","1981"
"3","[]","[Percent]","Amount_Debt_WorldBankMultipleCurrency_LenderCountryUZB_AsAFractionOf_Amount_Debt_LenderCountryUZB","[P1Y]","[]","1992"
"8","[]","[Percent]","Amount_Debt_FRF_LenderCountryPER_AsAFractionOf_Amount_Debt_LenderCountryPER","[P1Y]","[]","1970"
"11","[]","[Percent]","Amount_Debt_DEM_LenderCountryPAK_AsAFractionOf_Amount_Debt_LenderCountryPAK","[P1Y]","[]","1970"
"1","[]","[Percent]","Amount_Debt_WorldBankOtherCurrency_LenderCountryKNA_AsAFractionOf_Amount_Debt_LenderCountryKNA","[P1Y]","[]","1981"
"11","[]","[Percent]","Amount_Debt_FRF_LenderCorporacionAndinadeFomento_AsAFractionOf_Amount_Debt_LenderCorporacionAndinadeFomento","[P1Y]","[]","1970"
"4","[]","[Percent]","Amount_Debt_CHF_LenderCountryLBR_AsAFractionOf_Amount_Debt_LenderCountryLBR","[P1Y]","[]","1970"
"5","[]","[Percent]","Amount_Debt_SDR_LenderCountryOMN_AsAFractionOf_Amount_Debt_LenderCountryOMN","[P1Y]","[]","1970"
"7","[]","[Percent]","Amount_Debt_GBP_LenderUNDevelopmentProgramme_AsAFractionOf_Amount_Debt_LenderUNDevelopmentProgramme","[P1Y]","[]","1970"
"107","[]","[Percent]","Amount_Debt_USD_LenderWorldBankIBRD_AsAFractionOf_Amount_Debt_LenderWorldBankIBRD","[P1Y]","[]","1970"
"23","[]","[Percent]","Amount_Debt_WorldBankOtherCurrency_LenderCountryIRN_AsAFractionOf_Amount_Debt_LenderCountryIRN","[P1Y]","[]","1970"
"83","[]","[Percent]","Amount_Debt_CHF_LenderCountryDNK_AsAFractionOf_Amount_Debt_LenderCountryDNK","[P1Y]","[]","1970"
"92","[]","[Percent]","Amount_Debt_SDR_LenderCountryNLD_AsAFractionOf_Amount_Debt_LenderCountryNLD","[P1Y]","[]","1970"
"8","[]","[Percent]","Amount_Debt_SDR_LenderArabFundforTechAssisttoAfricanCountries_AsAFractionOf_Amount_Debt_LenderArabFundforTechAssisttoAfricanCountries","[P1Y]","[]","1970"
"2","[]","[Percent]","Amount_Debt_FRF_LenderCountryTGO_AsAFractionOf_Amount_Debt_LenderCountryTGO","[P1Y]","[]","1970"
"2","[]","[Percent]","Amount_Debt_GBP_LenderWorldBankMIGA_AsAFractionOf_Amount_Debt_LenderWorldBankMIGA","[P1Y]","[]","1970"
"16","[]","[Percent]","Amount_Debt_EUR_LenderCentralAmericanBankforEconIntegration_AsAFractionOf_Amount_Debt_LenderCentralAmericanBankforEconIntegration","[P1Y]","[]","2001"
"41","[]","[Percent]","Amount_Debt_WorldBankOtherCurrency_LenderArabBankforEconomicDevinAfrica_AsAFractionOf_Amount_Debt_LenderArabBankforEconomicDevinAfrica","[P1Y]","[]","1970"
"3","[]","[Percent]","Amount_Debt_JPY_LenderLatinAmericanAgribusinessDevCorp_AsAFractionOf_Amount_Debt_LenderLatinAmericanAgribusinessDevCorp","[P1Y]","[]","1970"
"3","[]","[Percent]","Amount_Debt_JPY_LenderEuropeanReliefFund_AsAFractionOf_Amount_Debt_LenderEuropeanReliefFund","[P1Y]","[]","1970"
"3","[]","[Percent]","Amount_Debt_EUR_LenderCountryKEN_AsAFractionOf_Amount_Debt_LenderCountryKEN","[P1Y]","[]","2001"
"16","[]","[Percent]","Amount_Debt_USD_LenderCountryCOL_AsAFractionOf_Amount_Debt_LenderCountryCOL","[P1Y]","[]","1970"
"23","[]","[Percent]","Amount_Debt_EUR_LenderCountryIRL_AsAFractionOf_Amount_Debt_LenderCountryIRL","[P1Y]","[]","2001"
"2","[]","[Percent]","Amount_Debt_EUR_LenderCountryGUY_AsAFractionOf_Amount_Debt_LenderCountryGUY","[P1Y]","[]","2001"
"4","[]","[Percent]","Amount_Debt_DEM_LenderCountryCPV_AsAFractionOf_Amount_Debt_LenderCountryCPV","[P1Y]","[]","1970"
"119","[]","[Percent]","Amount_Debt_WorldBankMultipleCurrency_LenderCountryGBR_AsAFractionOf_Amount_Debt_LenderCountryGBR","[P1Y]","[]","1970"
"120","[]","[Percent]","Amount_Debt_JPY_LenderCountryGBR_AsAFractionOf_Amount_Debt_LenderCountryGBR","[P1Y]","[]","1970"
"1","[]","[Percent]","Amount_Debt_WorldBankMultipleCurrency_LenderCountryKGZ_AsAFractionOf_Amount_Debt_LenderCountryKGZ","[P1Y]","[]","1992"
"1","[]","[Percent]","Amount_Debt_DEM_LenderCountryLKA_AsAFractionOf_Amount_Debt_LenderCountryLKA","[P1Y]","[]","1978"
"42","[]","[Percent]","Amount_Debt_JPY_LenderGermanDemRep_AsAFractionOf_Amount_Debt_LenderGermanDemRep","[P1Y]","[]","1970"
"7","[]","[Percent]","Amount_Debt_GBP_LenderCountryBMU_AsAFractionOf_Amount_Debt_LenderCountryBMU","[P1Y]","[]","1970"
"9","[]","[Percent]","Amount_Debt_SDR_LenderCountryCOL_AsAFractionOf_Amount_Debt_LenderCountryCOL","[P1Y]","[]","1970"
"14","[]","[Percent]","Amount_Debt_JPY_LenderDevBankoftheCentralAfricanStates_AsAFractionOf_Amount_Debt_LenderDevBankoftheCentralAfricanStates","[P1Y]","[]","1970"
"9","[]","[Percent]","Amount_Debt_WorldBankOtherCurrency_LenderCountryCOL_AsAFractionOf_Amount_Debt_LenderCountryCOL","[P1Y]","[]","1970"
"8","[]","[Percent]","Amount_Debt_EUR_LenderEurasianDevelopmentBank_AsAFractionOf_Amount_Debt_LenderEurasianDevelopmentBank","[P1Y]","[]","2001"
"7","[]","[Percent]","Amount_Debt_WorldBankMultipleCurrency_LenderInternationalBankforEconomicCooperation_AsAFractionOf_Amount_Debt_LenderInternationalBankforEconomicCooperation","[P1Y]","[]","1970"
"12","[]","[Percent]","Amount_Debt_SDR_LenderCountrySVK_AsAFractionOf_Amount_Debt_LenderCountrySVK","[P1Y]","[]","1970"
"47","[]","[Percent]","Amount_Debt_DEM_LenderCountryBRA_AsAFractionOf_Amount_Debt_LenderCountryBRA","[P1Y]","[]","1970"
"115","[]","[Percent]","Amount_Debt_DEM_LenderInternationalMonetaryFund_AsAFractionOf_Amount_Debt_LenderInternationalMonetaryFund","[P1Y]","[]","1970"
"25","[]","[Percent]","Amount_Debt_WorldBankOtherCurrency_LenderAsianInfrastructureInvestmentBank_AsAFractionOf_Amount_Debt_LenderAsianInfrastructureInvestmentBank","[P1Y]","[]","1970"
"8","[]","[Percent]","Amount_Debt_GBP_LenderCentralBankofWestAfricanStates_AsAFractionOf_Amount_Debt_LenderCentralBankofWestAfricanStates","[P1Y]","[]","1970"
"17","[]","[Percent]","Amount_Debt_JPY_LenderCentralAmericanBankforEconIntegration_AsAFractionOf_Amount_Debt_LenderCentralAmericanBankforEconIntegration","[P1Y]","[]","1970"
"72","[]","[Percent]","Amount_Debt_DEM_LenderEuropeanDevelopmentFund_AsAFractionOf_Amount_Debt_LenderEuropeanDevelopmentFund","[P1Y]","[]","1970"
"10","[]","[Percent]","Amount_Debt_USD_LenderCountryZWE_AsAFractionOf_Amount_Debt_LenderCountryZWE","[P1Y]","[]","1970"
"7","[]","[Percent]","Amount_Debt_USD_LenderCountryPRI_AsAFractionOf_Amount_Debt_LenderCountryPRI","[P1Y]","[]","1970"
"86","[]","[Percent]","Amount_Debt_CHF_LenderCountryCAN_AsAFractionOf_Amount_Debt_LenderCountryCAN","[P1Y]","[]","1970"
"4","[]","[Percent]","Amount_Debt_WorldBankMultipleCurrency_LenderCountryMLT_AsAFractionOf_Amount_Debt_LenderCountryMLT","[P1Y]","[]","1970"
"8","[]","[Percent]","Amount_Debt_SDR_LenderCountryLBN_AsAFractionOf_Amount_Debt_LenderCountryLBN","[P1Y]","[]","1970"
"1","[]","[Percent]","Amount_Debt_EUR_LenderInternationalInvestmentBank_AsAFractionOf_Amount_Debt_LenderInternationalInvestmentBank","[P1Y]","[]","2001"
"63","[]","[Percent]","Amount_Debt_CHF_LenderCountryKOR_AsAFractionOf_Amount_Debt_LenderCountryKOR","[P1Y]","[]","1970"
"2","[]","[Percent]","Amount_Debt_DEM_LenderCountryUKR_AsAFractionOf_Amount_Debt_LenderCountryUKR","[P1Y]","[]","1970"
"18","[]","[Percent]","Amount_Debt_WorldBankMultipleCurrency_LenderCountryPRT_AsAFractionOf_Amount_Debt_LenderCountryPRT","[P1Y]","[]","1970"
"3","[]","[Percent]","Amount_Debt_GBP_LenderCountryURY_AsAFractionOf_Amount_Debt_LenderCountryURY","[P1Y]","[]","1970"
"21","[]","[Percent]","Amount_Debt_CHF_LenderArabFundforEconomicSocialDevelopment_AsAFractionOf_Amount_Debt_LenderArabFundforEconomicSocialDevelopment","[P1Y]","[]","1970"
"29","[]","[Percent]","Amount_Debt_CHF_LenderCountryBHS_AsAFractionOf_Amount_Debt_LenderCountryBHS","[P1Y]","[]","1970"
"15","[]","[Percent]","Amount_Debt_GBP_LenderCaribbeanDevBank_AsAFractionOf_Amount_Debt_LenderCaribbeanDevBank","[P1Y]","[]","1970"
"10","[]","[Percent]","Amount_Debt_USD_LenderCountryMLI_AsAFractionOf_Amount_Debt_LenderCountryMLI","[P1Y]","[]","1970"
"14","[]","[Percent]","Amount_Debt_FRF_LenderCountryCYM_AsAFractionOf_Amount_Debt_LenderCountryCYM","[P1Y]","[]","1970"
"6","[]","[Percent]","Amount_Debt_DEM_LenderCountryNGA_AsAFractionOf_Amount_Debt_LenderCountryNGA","[P1Y]","[]","1970"
"1","[]","[Percent]","Amount_Debt_WorldBankMultipleCurrency_LenderCountryBLZ_AsAFractionOf_Amount_Debt_LenderCountryBLZ","[P1Y]","[]","1981"
"8","[]","[Percent]","Amount_Debt_WorldBankMultipleCurrency_LenderEuropeanSocialFund_AsAFractionOf_Amount_Debt_LenderEuropeanSocialFund","[P1Y]","[]","1970"
"26","[]","[Percent]","Amount_Debt_WorldBankOtherCurrency_LenderCountryTUR_AsAFractionOf_Amount_Debt_LenderCountryTUR","[P1Y]","[]","1970"
"5","[]","[Percent]","Amount_Debt_WorldBankOtherCurrency_LenderCountryTKM_AsAFractionOf_Amount_Debt_LenderCountryTKM","[P1Y]","[]","1992"
"1","[]","[Percent]","Amount_Debt_FRF_LenderEuropeanCoalandSteelCommunity_AsAFractionOf_Amount_Debt_LenderEuropeanCoalandSteelCommunity","[P1Y]","[]","1970"
"7","[]","[Percent]","Amount_Debt_WorldBankOtherCurrency_LenderCountryMUS_AsAFractionOf_Amount_Debt_LenderCountryMUS","[P1Y]","[]","1970"
"15","[]","[Percent]","Amount_Debt_EUR_LenderCountryMEX_AsAFractionOf_Amount_Debt_LenderCountryMEX","[P1Y]","[]","2001"
"121","[]","[Percent]","Amount_Debt_GBP_LenderCountryGBR_AsAFractionOf_Amount_Debt_LenderCountryGBR","[P1Y]","[]","1970"
"2","[]","[Percent]","Amount_Debt_DEM_LenderCountryBRN_AsAFractionOf_Amount_Debt_LenderCountryBRN","[P1Y]","[]","1970"
"10","[]","[Percent]","Amount_Debt_USD_LenderUNGeneralAssembly_AsAFractionOf_Amount_Debt_LenderUNGeneralAssembly","[P1Y]","[]","1970"
"8","[]","[Percent]","Amount_Debt_WorldBankMultipleCurrency_LenderCentralBankofWestAfricanStates_AsAFractionOf_Amount_Debt_LenderCentralBankofWestAfricanStates","[P1Y]","[]","1970"
"3","[]","[Percent]","Amount_Debt_WorldBankOtherCurrency_LenderCountryMLI_AsAFractionOf_Amount_Debt_LenderCountryMLI","[P1Y]","[]","1970"
"2","[]","[Percent]","Amount_Debt_GBP_LenderArabFundforTechAssisttoAfricanCountries_AsAFractionOf_Amount_Debt_LenderArabFundforTechAssisttoAfricanCountries","[P1Y]","[]","1970"
"5","[]","[Percent]","Amount_Debt_GBP_LenderPlataBasinFinancialDevFund_AsAFractionOf_Amount_Debt_LenderPlataBasinFinancialDevFund","[P1Y]","[]","1970"
"61","[]","[Percent]","Amount_Debt_FRF_LenderCountryKOR_AsAFractionOf_Amount_Debt_LenderCountryKOR","[P1Y]","[]","1970"
"5","[]","[Percent]","Amount_Debt_WorldBankMultipleCurrency_LenderCountryBLR_AsAFractionOf_Amount_Debt_LenderCountryBLR","[P1Y]","[]","1970"
"1","[]","[Percent]","Amount_Debt_GBP_LenderCountryMNE_AsAFractionOf_Amount_Debt_LenderCountryMNE","[P1Y]","[]","1970"
"16","[]","[Percent]","Amount_Debt_CHF_LenderCountryQAT_AsAFractionOf_Amount_Debt_LenderCountryQAT","[P1Y]","[]","1970"
"27","[]","[Percent]","Amount_Debt_GBP_LenderCountryIRL_AsAFractionOf_Amount_Debt_LenderCountryIRL","[P1Y]","[]","1970"
"4","[]","[Percent]","Amount_Debt_CHF_LenderCountryJAM_AsAFractionOf_Amount_Debt_LenderCountryJAM","[P1Y]","[]","1970"
"3","[]","[Percent]","Amount_Debt_SDR_LenderCountryMLI_AsAFractionOf_Amount_Debt_LenderCountryMLI","[P1Y]","[]","1970"
"16","[]","[Percent]","Amount_Debt_EUR_LenderCountryCIV_AsAFractionOf_Amount_Debt_LenderCountryCIV","[P1Y]","[]","2001"
"8","[]","[Percent]","Amount_Debt_USD_LenderCountryCOD_AsAFractionOf_Amount_Debt_LenderCountryCOD","[P1Y]","[]","1970"
"102","[]","[Percent]","Amount_Debt_WorldBankOtherCurrency_LenderCountryJPN_AsAFractionOf_Amount_Debt_LenderCountryJPN","[P1Y]","[]","1970"
"12","[]","[Percent]","Amount_Debt_USD_LenderCountryTKM_AsAFractionOf_Amount_Debt_LenderCountryTKM","[P1Y]","[]","1992"
"4","[]","[Percent]","Amount_Debt_DEM_LenderCountryIDN_AsAFractionOf_Amount_Debt_LenderCountryIDN","[P1Y]","[]","1970"
"14","[]","[Percent]","Amount_Debt_CHF_LenderCountryCYM_AsAFractionOf_Amount_Debt_LenderCountryCYM","[P1Y]","[]","1970"
"25","[]","[Percent]","Amount_Debt_EUR_LenderInternationalFinanceCorporation_AsAFractionOf_Amount_Debt_LenderInternationalFinanceCorporation","[P1Y]","[]","2001"
"20","[]","[Percent]","Amount_Debt_GBP_LenderAfricanExportImportBank_AsAFractionOf_Amount_Debt_LenderAfricanExportImportBank","[P1Y]","[]","1970"
"15","[]","[Percent]","Amount_Debt_FRF_LenderCountryQAT_AsAFractionOf_Amount_Debt_LenderCountryQAT","[P1Y]","[]","1970"
"6","[]","[Percent]","Amount_Debt_WorldBankOtherCurrency_LenderCountryBRB_AsAFractionOf_Amount_Debt_LenderCountryBRB","[P1Y]","[]","1970"
"37","[]","[Percent]","Amount_Debt_WorldBankOtherCurrency_LenderCountryAUS_AsAFractionOf_Amount_Debt_LenderCountryAUS","[P1Y]","[]","1970"
"13","[]","[Percent]","Amount_Debt_GBP_LenderCountryNZL_AsAFractionOf_Amount_Debt_LenderCountryNZL","[P1Y]","[]","1970"
"21","[]","[Percent]","Amount_Debt_JPY_LenderCountryIRL_AsAFractionOf_Amount_Debt_LenderCountryIRL","[P1Y]","[]","1970"
"7","[]","[Percent]","Amount_Debt_WorldBankMultipleCurrency_LenderCountryBMU_AsAFractionOf_Amount_Debt_LenderCountryBMU","[P1Y]","[]","1970"
"2","[]","[Percent]","Amount_Debt_FRF_LenderEastAfricanCommunity_AsAFractionOf_Amount_Debt_LenderEastAfricanCommunity","[P1Y]","[]","1970"
"1","[]","[Percent]","Amount_Debt_SDR_LenderCountryCOD_AsAFractionOf_Amount_Debt_LenderCountryCOD","[P1Y]","[]","1970"
"2","[]","[Percent]","Amount_Debt_EUR_LenderCountryLCA_AsAFractionOf_Amount_Debt_LenderCountryLCA","[P1Y]","[]","2001"
"25","[]","[Percent]","Amount_Debt_FRF_LenderInternationalFinanceCorporation_AsAFractionOf_Amount_Debt_LenderInternationalFinanceCorporation","[P1Y]","[]","1970"
"2","[]","[Percent]","Amount_Debt_JPY_LenderCountryGUY_AsAFractionOf_Amount_Debt_LenderCountryGUY","[P1Y]","[]","1970"
"8","[]","[Percent]","Amount_Debt_WorldBankMultipleCurrency_LenderCountryKAZ_AsAFractionOf_Amount_Debt_LenderCountryKAZ","[P1Y]","[]","1992"
"32","[]","[Percent]","Amount_Debt_CHF_LenderAsianDevBank_AsAFractionOf_Amount_Debt_LenderAsianDevBank","[P1Y]","[]","1970"
"3","[]","[Percent]","Amount_Debt_JPY_LenderCountryURY_AsAFractionOf_Amount_Debt_LenderCountryURY","[P1Y]","[]","1970"
"123","[]","[Percent]","Amount_Debt_FRF_LenderCountryFRA_AsAFractionOf_Amount_Debt_LenderCountryFRA","[P1Y]","[]","1970"
"1","[]","[Percent]","Amount_Debt_DEM_LenderUNChildrenFund_AsAFractionOf_Amount_Debt_LenderUNChildrenFund","[P1Y]","[]","1970"
"28","[]","[Percent]","Amount_Debt_DEM_LenderCountryIRQ_AsAFractionOf_Amount_Debt_LenderCountryIRQ","[P1Y]","[]","1970"
"1","[]","[Percent]","Amount_Debt_JPY_LenderCountryMNE_AsAFractionOf_Amount_Debt_LenderCountryMNE","[P1Y]","[]","1970"
"2","[]","[Percent]","Amount_Debt_WorldBankMultipleCurrency_LenderCountryUKR_AsAFractionOf_Amount_Debt_LenderCountryUKR","[P1Y]","[]","1970"
"3","[]","[Percent]","Amount_Debt_WorldBankOtherCurrency_LenderCountrySEN_AsAFractionOf_Amount_Debt_LenderCountrySEN","[P1Y]","[]","1970"
"75","[]","[Percent]","Amount_Debt_WorldBankOtherCurrency_LenderCountryDNK_AsAFractionOf_Amount_Debt_LenderCountryDNK","[P1Y]","[]","1970"
"1","[]","[Percent]","Amount_Debt_WorldBankMultipleCurrency_LenderCountryBEN_AsAFractionOf_Amount_Debt_LenderCountryBEN","[P1Y]","[]","1970"
"7","[]","[Percent]","Amount_Debt_USD_LenderSouthAsianDevelopmentFund_AsAFractionOf_Amount_Debt_LenderSouthAsianDevelopmentFund","[P1Y]","[]","1981"
"5","[]","[Percent]","Amount_Debt_DEM_LenderEntenteCouncil_AsAFractionOf_Amount_Debt_LenderEntenteCouncil","[P1Y]","[]","1970"
"4","[]","[Percent]","Amount_Debt_GBP_LenderCountryKAZ_AsAFractionOf_Amount_Debt_LenderCountryKAZ","[P1Y]","[]","1992"
"60","[]","[Percent]","Amount_Debt_EUR_LenderCountryFIN_AsAFractionOf_Amount_Debt_LenderCountryFIN","[P1Y]","[]","2001"
"3","[]","[Percent]","Amount_Debt_SDR_LenderCountryARM_AsAFractionOf_Amount_Debt_LenderCountryARM","[P1Y]","[]","1970"
"3","[]","[Percent]","Amount_Debt_JPY_LenderCountryUZB_AsAFractionOf_Amount_Debt_LenderCountryUZB","[P1Y]","[]","1992"
"7","[]","[Percent]","Amount_Debt_JPY_LenderCountryHRV_AsAFractionOf_Amount_Debt_LenderCountryHRV","[P1Y]","[]","1970"
"1","[]","[Percent]","Amount_Debt_WorldBankMultipleCurrency_LenderCountryNIC_AsAFractionOf_Amount_Debt_LenderCountryNIC","[P1Y]","[]","1970"
"11","[]","[Percent]","Amount_Debt_USD_LenderEurasianDevelopmentBank_AsAFractionOf_Amount_Debt_LenderEurasianDevelopmentBank","[P1Y]","[]","1992"
"1","[]","[Percent]","Amount_Debt_DEM_LenderBankforInternationalSettlements_AsAFractionOf_Amount_Debt_LenderBankforInternationalSettlements","[P1Y]","[]","1970"
"13","[]","[Percent]","Amount_Debt_WorldBankMultipleCurrency_LenderCountryNZL_AsAFractionOf_Amount_Debt_LenderCountryNZL","[P1Y]","[]","1970"
"44","[]","[Percent]","Amount_Debt_FRF_LenderCountryROU_AsAFractionOf_Amount_Debt_LenderCountryROU","[P1Y]","[]","1970"
"120","[]","[Percent]","Amount_Debt_USD_LenderWorldBankIDA_AsAFractionOf_Amount_Debt_LenderWorldBankIDA","[P1Y]","[]","1970"
"1","[]","[Percent]","Amount_Debt_JPY_LenderArabTownsOrganization_AsAFractionOf_Amount_Debt_LenderArabTownsOrganization","[P1Y]","[]","2008"
"1","[]","[Percent]","Amount_Debt_WorldBankOtherCurrency_LenderBolivarianAlliancefortheAmericas_AsAFractionOf_Amount_Debt_LenderBolivarianAlliancefortheAmericas","[P1Y]","[]","1970"
"2","[]","[Percent]","Amount_Debt_GBP_LenderCountryGUY_AsAFractionOf_Amount_Debt_LenderCountryGUY","[P1Y]","[]","1970"
"116","[]","[Percent]","Amount_Debt_FRF_LenderEuropeanInvestmentBank_AsAFractionOf_Amount_Debt_LenderEuropeanInvestmentBank","[P1Y]","[]","1970"
"41","[]","[Percent]","Amount_Debt_SDR_LenderCountryHUN_AsAFractionOf_Amount_Debt_LenderCountryHUN","[P1Y]","[]","1970"
"2","[]","[Percent]","Amount_Debt_DEM_LenderInternationalCoffeeOrganization_AsAFractionOf_Amount_Debt_LenderInternationalCoffeeOrganization","[P1Y]","[]","1970"
"4","[]","[Percent]","Amount_Debt_JPY_LenderWestAfricanMonetaryUnion_AsAFractionOf_Amount_Debt_LenderWestAfricanMonetaryUnion","[P1Y]","[]","1970"
"4","[]","[Percent]","Amount_Debt_JPY_LenderCountryKAZ_AsAFractionOf_Amount_Debt_LenderCountryKAZ","[P1Y]","[]","1992"
"3","[]","[Percent]","Amount_Debt_SDR_LenderCountryCMR_AsAFractionOf_Amount_Debt_LenderCountryCMR","[P1Y]","[]","1970"
"3","[]","[Percent]","Amount_Debt_CHF_LenderCountryPHL_AsAFractionOf_Amount_Debt_LenderCountryPHL","[P1Y]","[]","1970"
"5","[]","[Percent]","Amount_Debt_FRF_LenderCountryMCO_AsAFractionOf_Amount_Debt_LenderCountryMCO","[P1Y]","[]","1970"
"7","[]","[Percent]","Amount_Debt_JPY_LenderCountryBMU_AsAFractionOf_Amount_Debt_LenderCountryBMU","[P1Y]","[]","1970"
"5","[]","[Percent]","Amount_Debt_CHF_LenderEntenteCouncil_AsAFractionOf_Amount_Debt_LenderEntenteCouncil","[P1Y]","[]","1970"
"1","[]","[Percent]","Amount_Debt_DEM_LenderCountryISL_AsAFractionOf_Amount_Debt_LenderCountryISL","[P1Y]","[]","1970"
"20","[]","[Percent]","Amount_Debt_CHF_LenderAfricanExportImportBank_AsAFractionOf_Amount_Debt_LenderAfricanExportImportBank","[P1Y]","[]","1970"
"5","[]","[Percent]","Amount_Debt_USD_LenderEuropeanCoalandSteelCommunity_AsAFractionOf_Amount_Debt_LenderEuropeanCoalandSteelCommunity","[P1Y]","[]","1970"
"5","[]","[Percent]","Amount_Debt_WorldBankOtherCurrency_LenderCountryOMN_AsAFractionOf_Amount_Debt_LenderCountryOMN","[P1Y]","[]","1970"
"2","[]","[Percent]","Amount_Debt_WorldBankMultipleCurrency_LenderWorldTradeOrganization_AsAFractionOf_Amount_Debt_LenderWorldTradeOrganization","[P1Y]","[]","1970"
"5","[]","[Percent]","Amount_Debt_EUR_LenderOrgofArabPetroleumExportingCountries_AsAFractionOf_Amount_Debt_LenderOrgofArabPetroleumExportingCountries","[P1Y]","[]","2001"
"54","[]","[Percent]","Amount_Debt_GBP_LenderEuropeanEconomicCommunity_AsAFractionOf_Amount_Debt_LenderEuropeanEconomicCommunity","[P1Y]","[]","1970"
"3","[]","[Percent]","Amount_Debt_CHF_LenderCountryCMR_AsAFractionOf_Amount_Debt_LenderCountryCMR","[P1Y]","[]","1970"
"45","[]","[Percent]","Amount_Debt_JPY_LenderCountrySRB_AsAFractionOf_Amount_Debt_LenderCountrySRB","[P1Y]","[]","1970"
"70","[]","[Percent]","Amount_Debt_WorldBankOtherCurrency_LenderCountrySWE_AsAFractionOf_Amount_Debt_LenderCountrySWE","[P1Y]","[]","1970"
"76","[]","[Percent]","Amount_Debt_WorldBankOtherCurrency_LenderCountryIND_AsAFractionOf_Amount_Debt_LenderCountryIND","[P1Y]","[]","1970"
"95","[]","[Percent]","Amount_Debt_USD_LenderCountryCAN_AsAFractionOf_Amount_Debt_LenderCountryCAN","[P1Y]","[]","1970"
"17","[]","[Percent]","Amount_Debt_WorldBankMultipleCurrency_LenderCountryIRL_AsAFractionOf_Amount_Debt_LenderCountryIRL","[P1Y]","[]","1970"
"3","[]","[Percent]","Amount_Debt_WorldBankOtherCurrency_LenderCountryTUN_AsAFractionOf_Amount_Debt_LenderCountryTUN","[P1Y]","[]","1970"
"12","[]","[Percent]","Amount_Debt_FRF_LenderWestAfricanMonetaryUnion_AsAFractionOf_Amount_Debt_LenderWestAfricanMonetaryUnion","[P1Y]","[]","1970"
"5","[]","[Percent]","Amount_Debt_DEM_LenderEuropeanCoalandSteelCommunity_AsAFractionOf_Amount_Debt_LenderEuropeanCoalandSteelCommunity","[P1Y]","[]","1970"
"28","[]","[Percent]","Amount_Debt_FRF_LenderCountryBHR_AsAFractionOf_Amount_Debt_LenderCountryBHR","[P1Y]","[]","1970"
"23","[]","[Percent]","Amount_Debt_FRF_LenderCountryVEN_AsAFractionOf_Amount_Debt_LenderCountryVEN","[P1Y]","[]","1970"
"41","[]","[Percent]","Amount_Debt_JPY_LenderArabBankforEconomicDevinAfrica_AsAFractionOf_Amount_Debt_LenderArabBankforEconomicDevinAfrica","[P1Y]","[]","1970"
"81","[]","[Percent]","Amount_Debt_SDR_LenderCountryCAN_AsAFractionOf_Amount_Debt_LenderCountryCAN","[P1Y]","[]","1970"
"1","[]","[Percent]","Amount_Debt_WorldBankOtherCurrency_LenderCountryVCT_AsAFractionOf_Amount_Debt_LenderCountryVCT","[P1Y]","[]","1981"
"2","[]","[Percent]","Amount_Debt_JPY_LenderArabFundforTechAssisttoAfricanCountries_AsAFractionOf_Amount_Debt_LenderArabFundforTechAssisttoAfricanCountries","[P1Y]","[]","1970"
"9","[]","[Percent]","Amount_Debt_FRF_LenderWestAfricanDevelopmentBank_AsAFractionOf_Amount_Debt_LenderWestAfricanDevelopmentBank","[P1Y]","[]","1970"
"63","[]","[Percent]","Amount_Debt_WorldBankOtherCurrency_LenderCountryKOR_AsAFractionOf_Amount_Debt_LenderCountryKOR","[P1Y]","[]","1970"
"42","[]","[Percent]","Amount_Debt_SDR_LenderGermanDemRep_AsAFractionOf_Amount_Debt_LenderGermanDemRep","[P1Y]","[]","1970"
"17","[]","[Percent]","Amount_Debt_DEM_LenderCountryMYS_AsAFractionOf_Amount_Debt_LenderCountryMYS","[P1Y]","[]","1970"
"7","[]","[Percent]","Amount_Debt_FRF_LenderCountryMUS_AsAFractionOf_Amount_Debt_LenderCountryMUS","[P1Y]","[]","1970"
"1","[]","[Percent]","Amount_Debt_GBP_LenderUNRegularProgrammeofTechnicalCoop_AsAFractionOf_Amount_Debt_LenderUNRegularProgrammeofTechnicalCoop","[P1Y]","[]","1970"
"17","[]","[Percent]","Amount_Debt_WorldBankMultipleCurrency_LenderCentralAmericanBankforEconIntegration_AsAFractionOf_Amount_Debt_LenderCentralAmericanBankforEconIntegration","[P1Y]","[]","1970"
"22","[]","[Percent]","Amount_Debt_SDR_LenderEuropeanBankforReconstructionandDev_AsAFractionOf_Amount_Debt_LenderEuropeanBankforReconstructionandDev","[P1Y]","[]","1970"
"34","[]","[Percent]","Amount_Debt_USD_LenderNordicInvestmentBank_AsAFractionOf_Amount_Debt_LenderNordicInvestmentBank","[P1Y]","[]","1970"
"41","[]","[Percent]","Amount_Debt_CHF_LenderArabBankforEconomicDevinAfrica_AsAFractionOf_Amount_Debt_LenderArabBankforEconomicDevinAfrica","[P1Y]","[]","1970"
"44","[]","[Percent]","Amount_Debt_CHF_LenderCountryISR_AsAFractionOf_Amount_Debt_LenderCountryISR","[P1Y]","[]","1970"
"3","[]","[Percent]","Amount_Debt_GBP_LenderCountryGTM_AsAFractionOf_Amount_Debt_LenderCountryGTM","[P1Y]","[]","1970"
"3","[]","[Percent]","Amount_Debt_WorldBankOtherCurrency_LenderCountrySLV_AsAFractionOf_Amount_Debt_LenderCountrySLV","[P1Y]","[]","1970"
"25","[]","[Percent]","Amount_Debt_JPY_LenderNordicInvestmentBank_AsAFractionOf_Amount_Debt_LenderNordicInvestmentBank","[P1Y]","[]","1970"
"7","[]","[Percent]","Amount_Debt_USD_LenderCountryARM_AsAFractionOf_Amount_Debt_LenderCountryARM","[P1Y]","[]","1970"
"2","[]","[Percent]","Amount_Debt_DEM_LenderCountryBFA_AsAFractionOf_Amount_Debt_LenderCountryBFA","[P1Y]","[]","1970"
"2","[]","[Percent]","Amount_Debt_DEM_LenderCountryGAB_AsAFractionOf_Amount_Debt_LenderCountryGAB","[P1Y]","[]","1970"
"1","[]","[Percent]","Amount_Debt_WorldBankMultipleCurrency_LenderCountryBGD_AsAFractionOf_Amount_Debt_LenderCountryBGD","[P1Y]","[]","1970"
"4","[]","[Percent]","Amount_Debt_WorldBankMultipleCurrency_LenderCountryCPV_AsAFractionOf_Amount_Debt_LenderCountryCPV","[P1Y]","[]","1970"
"59","[]","[Percent]","Amount_Debt_USD_LenderAfricanDevBank_AsAFractionOf_Amount_Debt_LenderAfricanDevBank","[P1Y]","[]","1970"
"1","[]","[Percent]","Amount_Debt_WorldBankOtherCurrency_LenderCountryGRD_AsAFractionOf_Amount_Debt_LenderCountryGRD","[P1Y]","[]","1981"
"111","[]","[Percent]","Amount_Debt_FRF_LenderCountryJPN_AsAFractionOf_Amount_Debt_LenderCountryJPN","[P1Y]","[]","1970"
"21","[]","[Percent]","Amount_Debt_EUR_LenderArabFundforEconomicSocialDevelopment_AsAFractionOf_Amount_Debt_LenderArabFundforEconomicSocialDevelopment","[P1Y]","[]","2001"
"55","[]","[Percent]","Amount_Debt_USD_LenderCountryHUN_AsAFractionOf_Amount_Debt_LenderCountryHUN","[P1Y]","[]","1970"
"55","[]","[Percent]","Amount_Debt_GBP_LenderCountrySRB_AsAFractionOf_Amount_Debt_LenderCountrySRB","[P1Y]","[]","1970"
"3","[]","[Percent]","Amount_Debt_WorldBankMultipleCurrency_LenderLatinAmericanAgribusinessDevCorp_AsAFractionOf_Amount_Debt_LenderLatinAmericanAgribusinessDevCorp","[P1Y]","[]","1970"
"9","[]","[Percent]","Amount_Debt_CHF_LenderCountryCOL_AsAFractionOf_Amount_Debt_LenderCountryCOL","[P1Y]","[]","1970"
"13","[]","[Percent]","Amount_Debt_USD_LenderCouncilofEurope_AsAFractionOf_Amount_Debt_LenderCouncilofEurope","[P1Y]","[]","1970"
"21","[]","[Percent]","Amount_Debt_FRF_LenderCountryIRN_AsAFractionOf_Amount_Debt_LenderCountryIRN","[P1Y]","[]","1970"
"71","[]","[Percent]","Amount_Debt_FRF_LenderCountrySWE_AsAFractionOf_Amount_Debt_LenderCountrySWE","[P1Y]","[]","1970"
"5","[]","[Percent]","Amount_Debt_FRF_LenderOrgofArabPetroleumExportingCountries_AsAFractionOf_Amount_Debt_LenderOrgofArabPetroleumExportingCountries","[P1Y]","[]","1970"
"1","[]","[Percent]","Amount_Debt_JPY_LenderCountryBLZ_AsAFractionOf_Amount_Debt_LenderCountryBLZ","[P1Y]","[]","1981"
"88","[]","[Percent]","Amount_Debt_WorldBankOtherCurrency_LenderCountryBEL_AsAFractionOf_Amount_Debt_LenderCountryBEL","[P1Y]","[]","1970"
"1","[]","[Percent]","Amount_Debt_JPY_LenderCountryNAM_AsAFractionOf_Amount_Debt_LenderCountryNAM","[P1Y]","[]","1970"
"1","[]","[Percent]","Amount_Debt_EUR_LenderCountryNAM_AsAFractionOf_Amount_Debt_LenderCountryNAM","[P1Y]","[]","2001"
"14","[]","[Percent]","Amount_Debt_WorldBankMultipleCurrency_LenderCountryPRK_AsAFractionOf_Amount_Debt_LenderCountryPRK","[P1Y]","[]","1970"
"41","[]","[Percent]","Amount_Debt_CHF_LenderCountryAUS_AsAFractionOf_Amount_Debt_LenderCountryAUS","[P1Y]","[]","1970"
"57","[]","[Percent]","Amount_Debt_EUR_LenderCountrySRB_AsAFractionOf_Amount_Debt_LenderCountrySRB","[P1Y]","[]","2001"
"56","[]","[Percent]","Amount_Debt_WorldBankOtherCurrency_LenderCountryNOR_AsAFractionOf_Amount_Debt_LenderCountryNOR","[P1Y]","[]","1970"
"7","[]","[Percent]","Amount_Debt_FRF_LenderCountrySEN_AsAFractionOf_Amount_Debt_LenderCountrySEN","[P1Y]","[]","1970"
"50","[]","[Percent]","Amount_Debt_JPY_LenderCountryFIN_AsAFractionOf_Amount_Debt_LenderCountryFIN","[P1Y]","[]","1970"
"2","[]","[Percent]","Amount_Debt_DEM_LenderCountryHND_AsAFractionOf_Amount_Debt_LenderCountryHND","[P1Y]","[]","1970"
"11","[]","[Percent]","Amount_Debt_USD_LenderCountryJAM_AsAFractionOf_Amount_Debt_LenderCountryJAM","[P1Y]","[]","1970"
"3","[]","[Percent]","Amount_Debt_JPY_LenderCountryGTM_AsAFractionOf_Amount_Debt_LenderCountryGTM","[P1Y]","[]","1970"
"8","[]","[Percent]","Amount_Debt_DEM_LenderCentralBankofWestAfricanStates_AsAFractionOf_Amount_Debt_LenderCentralBankofWestAfricanStates","[P1Y]","[]","1970"
"5","[]","[Percent]","Amount_Debt_CHF_LenderCountryTKM_AsAFractionOf_Amount_Debt_LenderCountryTKM","[P1Y]","[]","1992"
"25","[]","[Percent]","Amount_Debt_SDR_LenderCountryBHS_AsAFractionOf_Amount_Debt_LenderCountryBHS","[P1Y]","[]","1970"
"8","[]","[Percent]","Amount_Debt_SDR_LenderCountryBDI_AsAFractionOf_Amount_Debt_LenderCountryBDI","[P1Y]","[]","1970"
"3","[]","[Percent]","Amount_Debt_CHF_LenderCountryPRI_AsAFractionOf_Amount_Debt_LenderCountryPRI","[P1Y]","[]","1970"
"113","[]","[Percent]","Amount_Debt_WorldBankOtherCurrency_LenderCountryFRA_AsAFractionOf_Amount_Debt_LenderCountryFRA","[P1Y]","[]","1970"
"4","[]","[Percent]","Amount_Debt_EUR_LenderNethAntilles_AsAFractionOf_Amount_Debt_LenderNethAntilles","[P1Y]","[]","2001"
"81","[]","[Percent]","Amount_Debt_WorldBankMultipleCurrency_LenderCountryRUS_AsAFractionOf_Amount_Debt_LenderCountryRUS","[P1Y]","[]","1970"
"4","[]","[Percent]","Amount_Debt_SDR_LenderCountryJAM_AsAFractionOf_Amount_Debt_LenderCountryJAM","[P1Y]","[]","1970"
"6","[]","[Percent]","Amount_Debt_CHF_LenderUNChildrenFund_AsAFractionOf_Amount_Debt_LenderUNChildrenFund","[P1Y]","[]","1970"
"111","[]","[Percent]","Amount_Debt_WorldBankOtherCurrency_LenderCountryUSA_AsAFractionOf_Amount_Debt_LenderCountryUSA","[P1Y]","[]","1970"
"3","[]","[Percent]","Amount_Debt_WorldBankMultipleCurrency_LenderNewDevelopmentBank_AsAFractionOf_Amount_Debt_LenderNewDevelopmentBank","[P1Y]","[]","1970"
"35","[]","[Percent]","Amount_Debt_USD_LenderInternationalFinanceCorporation_AsAFractionOf_Amount_Debt_LenderInternationalFinanceCorporation","[P1Y]","[]","1970"
"3","[]","[Percent]","Amount_Debt_GBP_LenderCountryUZB_AsAFractionOf_Amount_Debt_LenderCountryUZB","[P1Y]","[]","1992"
"1","[]","[Percent]","Amount_Debt_EUR_LenderIslamicSolidarityFundforDev_AsAFractionOf_Amount_Debt_LenderIslamicSolidarityFundforDev","[P1Y]","[]","2001"
"4","[]","[Percent]","Amount_Debt_SDR_LenderWestAfricanMonetaryUnion_AsAFractionOf_Amount_Debt_LenderWestAfricanMonetaryUnion","[P1Y]","[]","1970"
"3","[]","[Percent]","Amount_Debt_CHF_LenderCountryMLI_AsAFractionOf_Amount_Debt_LenderCountryMLI","[P1Y]","[]","1970"
"55","[]","[Percent]","Amount_Debt_FRF_LenderIslamicDevBank_AsAFractionOf_Amount_Debt_LenderIslamicDevBank","[P1Y]","[]","1970"
"95","[]","[Percent]","Amount_Debt_DEM_LenderOPECFundforInternationalDev_AsAFractionOf_Amount_Debt_LenderOPECFundforInternationalDev","[P1Y]","[]","1970"
"3","[]","[Percent]","Amount_Debt_EUR_LenderFondoLatinoamericanodeReservas_AsAFractionOf_Amount_Debt_LenderFondoLatinoamericanodeReservas","[P1Y]","[]","2001"
"10","[]","[Percent]","Amount_Debt_WorldBankOtherCurrency_LenderCountryCYM_AsAFractionOf_Amount_Debt_LenderCountryCYM","[P1Y]","[]","1970"
"1","[]","[Percent]","Amount_Debt_WorldBankOtherCurrency_LenderCountryGIB_AsAFractionOf_Amount_Debt_LenderCountryGIB","[P1Y]","[]","1970"
"37","[]","[Percent]","Amount_Debt_USD_LenderCountryBHS_AsAFractionOf_Amount_Debt_LenderCountryBHS","[P1Y]","[]","1970"
"1","[]","[Percent]","Amount_Debt_GBP_LenderCountryNAM_AsAFractionOf_Amount_Debt_LenderCountryNAM","[P1Y]","[]","1970"
"8","[]","[Percent]","Amount_Debt_USD_LenderCountryBDI_AsAFractionOf_Amount_Debt_LenderCountryBDI","[P1Y]","[]","1970"
"62","[]","[Percent]","Amount_Debt_EUR_LenderIslamicDevBank_AsAFractionOf_Amount_Debt_LenderIslamicDevBank","[P1Y]","[]","2001"
"93","[]","[Percent]","Amount_Debt_WorldBankOtherCurrency_LenderWorldBankIBRD_AsAFractionOf_Amount_Debt_LenderWorldBankIBRD","[P1Y]","[]","1970"
"30","[]","[Percent]","Amount_Debt_FRF_LenderCountryTUR_AsAFractionOf_Amount_Debt_LenderCountryTUR","[P1Y]","[]","1970"
"2","[]","[Percent]","Amount_Debt_WorldBankMultipleCurrency_LenderWorldBankMIGA_AsAFractionOf_Amount_Debt_LenderWorldBankMIGA","[P1Y]","[]","1970"
