"MinDate","StatVar","NumPlaces","Units","MeasurementMethods","ScalingFactors","observationPeriods"
"1962","worldBank/BX_GSR_ROYL_CD","171","[USDollar]","[WorldBank_WDI_CSV]","[]","[P1Y]"
"1970","worldBank/NY_ADJ_DMIN_GN_ZS","213","[Percent]","[WorldBank_WDI_CSV]","[]","[P1Y]"
"1994","worldBank/UIS_EA_2T6_AG25T99_M","159","[]","[WorldBank_WDI_CSV]","[]","[P1Y]"
"1960","worldBank/NE_CON_PRVT_PC_KD","183","[]","[WorldBank_WDI_CSV]","[]","[P1Y]"
"1995","worldBank/BAR_TER_ICMP_75UP_ZS","144","[Percent]","[WorldBank_WDI_CSV]","[]","[P1Y]"
"1970","worldBank/GC_XPN_TRFT_CN","155","[]","[WorldBank_WDI_CSV]","[]","[P1Y]"
"2000","worldBank/BI_EMP_TOTL_PB_RU_ZS","129","[Percent]","[WorldBank_WDI_CSV]","[]","[P1Y]"
"1960","worldBank/NE_DAB_DEFL_ZS","173","[Percent]","[WorldBank_WDI_CSV]","[]","[P1Y]"
"1998","worldBank/UIS_SLE_4","149","[]","[WorldBank_WDI_CSV]","[]","[P1Y]"
"1994","worldBank/UIS_EA_2T6_AG25T99_F","159","[]","[WorldBank_WDI_CSV]","[]","[P1Y]"
"1994","worldBank/UIS_SLE_1","209","[]","[WorldBank_WDI_CSV]","[]","[P1Y]"
"1999","worldBank/per_si_allsi_cov_q2_tot","118","[]","[WorldBank_WDI_CSV]","[]","[P1Y]"
"2010","worldBank/PRJ_MYS_60UP_MA","167","[]","[WorldBank_WDI_CSV]","[]","[P1Y]"
"1960","worldBank/SP_POP_7074_FE","221","[]","[WorldBank_WDI_CSV]","[]","[P1Y]"
"1960","worldBank/NY_GDP_MKTP_CD","218","[USDollar]","[WorldBank_WDI_CSV]","[]","[P1Y]"
"1984","worldBank/HF_UHC_NOP1_CG","149","[]","[WorldBank_WDI_CSV]","[]","[P1Y]"
"2010","worldBank/PRJ_MYS_60UP_MF","167","[]","[WorldBank_WDI_CSV]","[]","[P1Y]"
"2011","worldBank/i_deposit_acc_A1_pop","130","[]","[WorldBank_WDI_CSV]","[]","[P1Y]"
"1960","worldBank/NY_GDP_MKTP_CN","214","[]","[WorldBank_WDI_CSV]","[]","[P1Y]"
"1984","worldBank/HF_UHC_NOP4_ZS","149","[Percent]","[WorldBank_WDI_CSV]","[]","[P1Y]"
"1960","worldBank/NY_GNP_MKTP_CD","213","[USDollar]","[WorldBank_WDI_CSV]","[]","[P1Y]"
"1990","worldBank/IT_NET_USER_ZS","216","[Percent]","[WorldBank_WDI_CSV]","[]","[P1Y]"
"2001","worldBank/FS_AST_DOMO_GD_ZS","63","[Percent]","[WorldBank_WDI_CSV]","[]","[P1Y]"
"1960","worldBank/SL_TLF_CACT_FE_NE_ZS","214","[Percent]","[WorldBank_WDI_CSV]","[]","[P1Y]"
"1961","worldBank/AG_LND_CREL_HA","186","[Hectare]","[WorldBank_WDI_CSV]","[]","[P1Y]"
"2000","worldBank/BI_EMP_TOTL_PB_TN_ZS","114","[Percent]","[WorldBank_WDI_CSV]","[]","[P1Y]"
"1994","worldBank/UIS_R_1_G6_F","153","[]","[WorldBank_WDI_CSV]","[]","[P1Y]"
"2005","worldBank/SG_GEN_MNST_ZS","197","[Percent]","[WorldBank_WDI_CSV]","[]","[P1Y]"
"2010","worldBank/PRJ_POP_2529_3_FE","167","[]","[WorldBank_WDI_CSV]","[]","[P1Y]"
"1960","worldBank/NE_DAB_TOTL_CD","188","[USDollar]","[WorldBank_WDI_CSV]","[]","[P1Y]"
"1991","worldBank/SL_EMP_WORK_FE_ZS","191","[Percent]","[WorldBank_WDI_CSV]","[]","[P1Y]"
"2000","worldBank/BI_EMP_TOTL_PB_ZS","139","[Percent]","[WorldBank_WDI_CSV]","[]","[P1Y]"
"1972","worldBank/GC_TAX_TOTL_GD_ZS","165","[Percent]","[WorldBank_WDI_CSV]","[]","[P1Y]"
"1991","worldBank/NV_IND_EMPL_KD","184","[]","[WorldBank_WDI_CSV]","[]","[P1Y]"
"2000","worldBank/SH_PRG_ANEM","196","[]","[WorldBank_WDI_CSV]","[]","[P1Y]"
"1970","worldBank/NY_ADJ_NNTY_KD","183","[]","[WorldBank_WDI_CSV]","[]","[P1Y]"
"1990","worldBank/TX_MNF_TECH_ZS_UN","153","[Percent]","[WorldBank_WDI_CSV]","[]","[P1Y]"
"1960","worldBank/NE_DAB_TOTL_CN","184","[]","[WorldBank_WDI_CSV]","[]","[P1Y]"
"1991","worldBank/SL_UEM_TOTL_MA_ZS","191","[Percent]","[WorldBank_WDI_CSV]","[]","[P1Y]"
"1969","worldBank/DT_NFL_UNTA_CD","181","[USDollar]","[WorldBank_WDI_CSV]","[]","[P1Y]"
"1995","worldBank/BAR_TER_ICMP_5559_ZS","144","[Percent]","[WorldBank_WDI_CSV]","[]","[P1Y]"
"1995","worldBank/BAR_SEC_ICMP_5559_ZS","144","[Percent]","[WorldBank_WDI_CSV]","[]","[P1Y]"
"1996","worldBank/CC_NO_SRC","205","[]","[WorldBank_WDI_CSV]","[]","[P1Y]"
"2002","worldBank/per_lm_alllm_cov_q3_tot","68","[]","[WorldBank_WDI_CSV]","[]","[P1Y]"
"1995","worldBank/BAR_TER_ICMP_25UP_ZS","144","[Percent]","[WorldBank_WDI_CSV]","[]","[P1Y]"
"1970","worldBank/SE_ENR_SECO_FM_ZS","209","[Percent]","[WorldBank_WDI_CSV]","[]","[P1Y]"
"2010","worldBank/PRJ_MYS_2529_MF","167","[]","[WorldBank_WDI_CSV]","[]","[P1Y]"
"2000","worldBank/BI_PWK_PRVS_TT_ZS","130","[Percent]","[WorldBank_WDI_CSV]","[]","[P1Y]"
"1994","worldBank/UIS_EA_4T6_AG25T99_F","161","[]","[WorldBank_WDI_CSV]","[]","[P1Y]"
"1991","worldBank/SL_EMP_1524_SP_ZS","191","[Percent]","[WorldBank_WDI_CSV]","[]","[P1Y]"
"1996","worldBank/VA_EST","205","[]","[WorldBank_WDI_CSV]","[]","[P1Y]"
"2010","worldBank/PRJ_MYS_2529_MA","167","[]","[WorldBank_WDI_CSV]","[]","[P1Y]"
"2000","worldBank/BI_WAG_TOTL_PB_ZS","190","[Percent]","[WorldBank_WDI_CSV]","[]","[P1Y]"
"2010","worldBank/PRJ_ATT_80UP_1_FE","167","[]","[WorldBank_WDI_CSV]","[]","[P1Y]"
"1994","worldBank/UIS_EA_4T6_AG25T99_M","161","[]","[WorldBank_WDI_CSV]","[]","[P1Y]"
"1998","worldBank/SE_PRM_NINT_FE_ZS","172","[Percent]","[WorldBank_WDI_CSV]","[]","[P1Y]"
"1990","worldBank/PA_NUS_PRVT_PP","209","[]","[WorldBank_WDI_CSV]","[]","[P1Y]"
"1970","worldBank/SE_PRM_NENR_FE","196","[]","[WorldBank_WDI_CSV]","[]","[P1Y]"
"1980","worldBank/SP_URB_TOTL_FE_ZS","197","[Percent]","[WorldBank_WDI_CSV]","[]","[P1Y]"
"1998","worldBank/SE_TER_CMPL_FE_ZS","154","[Percent]","[WorldBank_WDI_CSV]","[]","[P1Y]"
"1995","worldBank/UIS_XGDP_4_FSGOV","150","[]","[WorldBank_WDI_CSV]","[]","[P1Y]"
"1998","worldBank/UIS_SLE_4_GPI","147","[]","[WorldBank_WDI_CSV]","[]","[P1Y]"
"1970","worldBank/SE_TER_CUAT_ST_ZS","184","[Percent]","[WorldBank_WDI_CSV]","[]","[P1Y]"
"1976","worldBank/SL_TLF_PART_MA_ZS","174","[Percent]","[WorldBank_WDI_CSV]","[]","[P1Y]"
"2010","worldBank/PRJ_POP_1519_3_MF","167","[]","[WorldBank_WDI_CSV]","[]","[P1Y]"
"1994","worldBank/UIS_REPR_1_G2_M","184","[]","[WorldBank_WDI_CSV]","[]","[P1Y]"
"1970","worldBank/DT_NFL_DPNG_CD","100","[USDollar]","[WorldBank_WDI_CSV]","[]","[P1Y]"
"1995","worldBank/BAR_TER_SCHL_7074","144","[]","[WorldBank_WDI_CSV]","[]","[P1Y]"
"1972","worldBank/GC_TAX_OTHR_RV_ZS","161","[Percent]","[WorldBank_WDI_CSV]","[]","[P1Y]"
"1960","worldBank/SL_UEM_1524_FE_NE_ZS","206","[Percent]","[WorldBank_WDI_CSV]","[]","[P1Y]"
"1960","worldBank/SP_POP_0004_FE","221","[]","[WorldBank_WDI_CSV]","[]","[P1Y]"
"1960","worldBank/SP_POP_TOTL_FE_ZS","221","[Percent]","[WorldBank_WDI_CSV]","[]","[P1Y]"
"1994","worldBank/UIS_REPR_1_G2_F","184","[]","[WorldBank_WDI_CSV]","[]","[P1Y]"
"2010","worldBank/PRJ_ATT_60UP_2_MA","167","[]","[WorldBank_WDI_CSV]","[]","[P1Y]"
"1995","worldBank/BAR_PRM_CMPT_5054_FE_ZS","144","[Percent]","[WorldBank_WDI_CSV]","[]","[P1Y]"
"2010","worldBank/PRJ_ATT_60UP_2_MF","167","[]","[WorldBank_WDI_CSV]","[]","[P1Y]"
"2010","worldBank/HD_HCI_HLOS_MA","169","[]","[WorldBank_WDI_CSV]","[]","[P1Y]"
"2000","worldBank/SH_DTH_NCOM_60UP_FE_ZS","187","[Percent]","[WorldBank_WDI_CSV]","[]","[P1Y]"
"1960","worldBank/SP_DYN_CDRT_IN","221","[USDollar]","[WorldBank_WDI_CSV]","[]","[P1Y]"
"2010","worldBank/PRJ_POP_1519_3_MA","167","[]","[WorldBank_WDI_CSV]","[]","[P1Y]"
"1961","worldBank/AG_LND_ARBL_ZS","210","[Percent]","[WorldBank_WDI_CSV]","[]","[P1Y]"
"1995","worldBank/BAR_PRM_CMPT_2529_FE_ZS","144","[Percent]","[WorldBank_WDI_CSV]","[]","[P1Y]"
"1960","worldBank/BX_GSR_MRCH_CD","200","[USDollar]","[WorldBank_WDI_CSV]","[]","[P1Y]"
"1990","worldBank/EN_POP_EL5M_UR_ZS","219","[Percent]","[WorldBank_WDI_CSV]","[]","[P1Y]"
"2002","worldBank/FM_AST_DOMO_ZG_M3","150","[]","[WorldBank_WDI_CSV]","[]","[P1Y]"
"2003","worldBank/RESLV_ISV_CPI_04_XD_DB1519","213","[]","[WorldBank_WDI_CSV]","[]","[P1Y]"
"1961","worldBank/NV_AGR_TOTL_KD_ZG","199","[]","[WorldBank_WDI_CSV]","[]","[P1Y]"
"2000","worldBank/BI_EMP_TOTL_PB_FE_ZS","134","[Percent]","[WorldBank_WDI_CSV]","[]","[P1Y]"
"1995","worldBank/BAR_SEC_SCHL_1519","144","[]","[WorldBank_WDI_CSV]","[]","[P1Y]"
"2010","worldBank/PRJ_ATT_80UP_1_MA","167","[]","[WorldBank_WDI_CSV]","[]","[P1Y]"
"2012","worldBank/EN_CLC_CSTP_ZS","114","[]","[WorldBank_WDI_CSV]","[]","[P1Y]"
"2010","worldBank/PRJ_POP_2024_2_MF","167","[]","[WorldBank_WDI_CSV]","[]","[P1Y]"
"2010","worldBank/PRJ_POP_2024_2_MA","167","[]","[WorldBank_WDI_CSV]","[]","[P1Y]"
"2010","worldBank/PRJ_ATT_80UP_1_MF","167","[]","[WorldBank_WDI_CSV]","[]","[P1Y]"
"1994","worldBank/UIS_SAP_23_GPV_G1_M","209","[]","[WorldBank_WDI_CSV]","[]","[P1Y]"
"2000","worldBank/SH_DTH_COMM_0004_FE_ZS","187","[Percent]","[WorldBank_WDI_CSV]","[]","[P1Y]"
"2000","worldBank/SH_STA_ODFC_ZS","218","[Percent]","[WorldBank_WDI_CSV]","[]","[P1Y]"
"1995","worldBank/BAR_POP_5054_FE","144","[]","[WorldBank_WDI_CSV]","[]","[P1Y]"
"1960","worldBank/TX_VAL_MRCH_HI_ZS","209","[Percent]","[WorldBank_WDI_CSV]","[]","[P1Y]"
"1994","worldBank/SL_TLF_0714_ZS","100","[Percent]","[WorldBank_WDI_CSV]","[]","[P1Y]"
"1995","worldBank/BAR_PRM_SCHL_4044","144","[]","[WorldBank_WDI_CSV]","[]","[P1Y]"
"1994","worldBank/UIS_SAP_23_GPV_G1_F","209","[]","[WorldBank_WDI_CSV]","[]","[P1Y]"
"2003","worldBank/IC_REG_COST_PC_MA_ZS","194","[Percent]","[WorldBank_WDI_CSV]","[]","[P1Y]"
"1998","worldBank/SE_TER_GRAD_FE_SV_ZS","142","[Percent]","[WorldBank_WDI_CSV]","[]","[P1Y]"
"2000","worldBank/SH_DTH_COMM_60UP_ZS","187","[Percent]","[WorldBank_WDI_CSV]","[]","[P1Y]"
"2010","worldBank/PRJ_ATT_ALL_3_MF","167","[]","[WorldBank_WDI_CSV]","[]","[P1Y]"
"1990","worldBank/1_1_TOTAL_FINAL_ENERGY_CONSUM","233","[Terajoule]","[WorldBank_WDI_CSV]","[]","[P1Y]"
"1995","worldBank/BAR_TER_CMPT_6064_ZS","144","[Percent]","[WorldBank_WDI_CSV]","[]","[P1Y]"
"1980","worldBank/TT_PRI_MRCH_XD_WD","207","[]","[WorldBank_WDI_CSV]","[]","[P1Y]"
"1990","worldBank/SL_TLF_CACT_ZS","191","[Percent]","[WorldBank_WDI_CSV]","[]","[P1Y]"
"1989","worldBank/VC_BTL_DETH","111","[]","[WorldBank_WDI_CSV]","[]","[P1Y]"
"2010","worldBank/PRJ_ATT_2024_1_MA","167","[]","[WorldBank_WDI_CSV]","[]","[P1Y]"
"1990","worldBank/AG_LND_EL5M_RU_ZS","219","[Percent]","[WorldBank_WDI_CSV]","[]","[P1Y]"
"2014","worldBank/IC_IMP_CSDC_CD","194","[USDollar]","[WorldBank_WDI_CSV]","[]","[P1Y]"
"1963","worldBank/NV_MNF_MTRN_ZS_UN","155","[Percent]","[WorldBank_WDI_CSV]","[]","[P1Y]"
"1997","worldBank/UIS_GTVP_3_V","192","[]","[WorldBank_WDI_CSV]","[]","[P1Y]"
"2010","worldBank/PRJ_ATT_ALL_3_MA","167","[]","[WorldBank_WDI_CSV]","[]","[P1Y]"
"1970","worldBank/SE_ADT_1524_LT_FE_ZS","176","[Percent]","[WorldBank_WDI_CSV]","[]","[P1Y]"
"2000","worldBank/SH_DTH_INJR_0004_ZS","187","[Percent]","[WorldBank_WDI_CSV]","[]","[P1Y]"
"1984","worldBank/SP_UWT_TFRT","155","[]","[WorldBank_WDI_CSV]","[]","[P1Y]"
"1995","worldBank/UIS_XSPENDP_2_FDPUB_FNCAP","145","[]","[WorldBank_WDI_CSV]","[]","[P1Y]"
"1972","worldBank/GC_NFN_TOTL_GD_ZS","163","[Percent]","[WorldBank_WDI_CSV]","[]","[P1Y]"
"2010","worldBank/PRJ_ATT_60UP_NED_MF","167","[]","[WorldBank_WDI_CSV]","[]","[P1Y]"
"2010","worldBank/PRJ_ATT_2529_2_MA","167","[]","[WorldBank_WDI_CSV]","[]","[P1Y]"
"1960","worldBank/BN_GSR_MRCH_CD","200","[USDollar]","[WorldBank_WDI_CSV]","[]","[P1Y]"
"2010","worldBank/PRJ_ATT_2024_1_MF","167","[]","[WorldBank_WDI_CSV]","[]","[P1Y]"
"1995","worldBank/UIS_XSPENDP_0_FDPUB_FNCAP","154","[]","[WorldBank_WDI_CSV]","[]","[P1Y]"
"2010","worldBank/PRJ_ATT_2529_2_MF","167","[]","[WorldBank_WDI_CSV]","[]","[P1Y]"
"2010","worldBank/PRJ_ATT_60UP_NED_MA","167","[]","[WorldBank_WDI_CSV]","[]","[P1Y]"
"1990","worldBank/AG_LND_FRST_ZS","218","[Percent]","[WorldBank_WDI_CSV]","[]","[P1Y]"
"2010","worldBank/PRJ_POP_ALL_2_MA","167","[]","[WorldBank_WDI_CSV]","[]","[P1Y]"
"1990","worldBank/EN_ATM_PM25_MC_T1_ZS","194","[Percent]","[WorldBank_WDI_CSV]","[]","[P1Y]"
"1983","worldBank/SH_STA_OWGH_ZS","165","[Percent]","[WorldBank_WDI_CSV]","[]","[P1Y]"
"1960","worldBank/FI_RES_TOTL_MO","183","[]","[WorldBank_WDI_CSV]","[]","[P1Y]"
"1963","worldBank/NV_MNF_OTHR_ZS_UN","163","[Percent]","[WorldBank_WDI_CSV]","[]","[P1Y]"
"1960","worldBank/NY_GDP_PCAP_KN","214","[]","[WorldBank_WDI_CSV]","[]","[P1Y]"
"1960","worldBank/NY_GNP_PCAP_KD","207","[]","[WorldBank_WDI_CSV]","[]","[P1Y]"
"2010","worldBank/PRJ_POP_ALL_2_MF","167","[]","[WorldBank_WDI_CSV]","[]","[P1Y]"
"1960","worldBank/NY_GNP_PCAP_KN","171","[]","[WorldBank_WDI_CSV]","[]","[P1Y]"
"1994","worldBank/UIS_EA_6_AG25T99_F","162","[]","[WorldBank_WDI_CSV]","[]","[P1Y]"
"1960","worldBank/SP_DYN_TO65_FE_ZS","221","[Percent]","[WorldBank_WDI_CSV]","[]","[P1Y]"
"1995","worldBank/BAR_NOED_7074_ZS","144","[Percent]","[WorldBank_WDI_CSV]","[]","[P1Y]"
"2003","worldBank/RESLV_ISV_DURS_YR","190","[]","[WorldBank_WDI_CSV]","[]","[P1Y]"
"1994","worldBank/UIS_EA_6_AG25T99_M","162","[]","[WorldBank_WDI_CSV]","[]","[P1Y]"
"2000","worldBank/BI_PWK_PUBS_HS_ZS","36","[Percent]","[WorldBank_WDI_CSV]","[]","[P1Y]"
"2000","worldBank/BI_PWK_AGES_PV_SM","133","[]","[WorldBank_WDI_CSV]","[]","[P1Y]"
"1996","worldBank/DC_DAC_GRCL_CD","162","[USDollar]","[WorldBank_WDI_CSV]","[]","[P1Y]"
"1990","worldBank/EN_POP_EL5M_ZS","219","[Percent]","[WorldBank_WDI_CSV]","[]","[P1Y]"
"2000","worldBank/BI_PWK_PUBS_FE_Q2_ZS","114","[Percent]","[WorldBank_WDI_CSV]","[]","[P1Y]"
"1995","worldBank/BAR_PRM_ICMP_2024_FE_ZS","144","[Percent]","[WorldBank_WDI_CSV]","[]","[P1Y]"
"1970","worldBank/DT_TDS_DECT_CD","122","[USDollar]","[WorldBank_WDI_CSV]","[]","[P1Y]"
"1961","worldBank/NE_CON_PRVT_PC_KD_ZG","173","[]","[WorldBank_WDI_CSV]","[]","[P1Y]"
"1995","worldBank/BAR_POP_2024","144","[]","[WorldBank_WDI_CSV]","[]","[P1Y]"
"1994","worldBank/UIS_XGDP_56_FSGOV","184","[]","[WorldBank_WDI_CSV]","[]","[P1Y]"
"1990","worldBank/SL_TLF_ACTI_ZS","191","[Percent]","[WorldBank_WDI_CSV]","[]","[P1Y]"
"1961","worldBank/NY_GDP_DEFL_KD_ZG","217","[]","[WorldBank_WDI_CSV]","[]","[P1Y]"
"1960","worldBank/SP_POP_AG05_FE_IN","217","[]","[WorldBank_WDI_CSV]","[]","[P1Y]"
"1960","worldBank/SP_POP_7074_MA","221","[]","[WorldBank_WDI_CSV]","[]","[P1Y]"
"1995","worldBank/BAR_TER_CMPT_2529_ZS","144","[Percent]","[WorldBank_WDI_CSV]","[]","[P1Y]"
"1960","worldBank/NY_GDP_PCAP_KD","217","[]","[WorldBank_WDI_CSV]","[]","[P1Y]"
"2010","worldBank/PRJ_ATT_25UP_3_FE","167","[]","[WorldBank_WDI_CSV]","[]","[P1Y]"
"1995","worldBank/BAR_TER_ICMP_5559_FE_ZS","144","[Percent]","[WorldBank_WDI_CSV]","[]","[P1Y]"
"1995","worldBank/BAR_TER_SCHL_25UP","144","[]","[WorldBank_WDI_CSV]","[]","[P1Y]"
"1990","worldBank/1_3_ACCESS_ELECTRICITY_URBAN","217","[]","[WorldBank_WDI_CSV]","[]","[P1Y]"
"2010","worldBank/PRJ_ATT_2039_3_FE","167","[]","[WorldBank_WDI_CSV]","[]","[P1Y]"
"1970","worldBank/SE_PRM_NENR_MA","196","[]","[WorldBank_WDI_CSV]","[]","[P1Y]"
"1960","worldBank/NY_GNP_MKTP_KD","207","[]","[WorldBank_WDI_CSV]","[]","[P1Y]"
"1960","worldBank/SP_POP_0014_MA_IN","221","[]","[WorldBank_WDI_CSV]","[]","[P1Y]"
"1996","worldBank/SH_HIV_KNOW_FE_ZS","118","[Percent]","[WorldBank_WDI_CSV]","[]","[P1Y]"
"1986","worldBank/SH_STA_WAST_MA_ZS","160","[Percent]","[WorldBank_WDI_CSV]","[]","[P1Y]"
"1960","worldBank/NY_GNP_MKTP_KN","171","[]","[WorldBank_WDI_CSV]","[]","[P1Y]"
"2010","worldBank/PRJ_ATT_4064_1_MF","167","[]","[WorldBank_WDI_CSV]","[]","[P1Y]"
"2000","worldBank/BI_PWK_PUBS_TN_FE_ZS","98","[Percent]","[WorldBank_WDI_CSV]","[]","[P1Y]"
"1960","worldBank/NV_FSM_TOTL_CN","72","[]","[WorldBank_WDI_CSV]","[]","[P1Y]"
"2010","worldBank/PRJ_MYS_2529_FE","167","[]","[WorldBank_WDI_CSV]","[]","[P1Y]"
"1972","worldBank/GC_TAX_YPKG_RV_ZS","163","[Percent]","[WorldBank_WDI_CSV]","[]","[P1Y]"
"2002","worldBank/per_lm_alllm_cov_q1_tot","68","[]","[WorldBank_WDI_CSV]","[]","[P1Y]"
"2010","worldBank/PRJ_ATT_4064_1_MA","167","[]","[WorldBank_WDI_CSV]","[]","[P1Y]"
"2010","worldBank/PRJ_ATT_60UP_2_FE","167","[]","[WorldBank_WDI_CSV]","[]","[P1Y]"
"1974","worldBank/DC_DAC_IRLL_CD","156","[USDollar]","[WorldBank_WDI_CSV]","[]","[P1Y]"
"1995","worldBank/BAR_PRM_ICMP_7074_ZS","144","[Percent]","[WorldBank_WDI_CSV]","[]","[P1Y]"
"1995","worldBank/BAR_TER_CMPT_3539_ZS","144","[Percent]","[WorldBank_WDI_CSV]","[]","[P1Y]"
"1994","worldBank/UIS_REPR_2_GPV_G1_F","185","[]","[WorldBank_WDI_CSV]","[]","[P1Y]"
"1990","worldBank/SH_HIV_INCD_FE_P3","141","[]","[WorldBank_WDI_CSV]","[]","[P1Y]"
"1995","worldBank/BAR_POP_5559","144","[]","[WorldBank_WDI_CSV]","[]","[P1Y]"
"1991","worldBank/EN_ATM_NOXE_ZG","209","[]","[WorldBank_WDI_CSV]","[]","[P1Y]"
"1972","worldBank/GC_REV_SOCL_CN","121","[]","[WorldBank_WDI_CSV]","[]","[P1Y]"
"2000","worldBank/SH_ANM_NPRG_ZS","196","[Percent]","[WorldBank_WDI_CSV]","[]","[P1Y]"
"1996","worldBank/GE_PER_RNK_LOWER","205","[]","[WorldBank_WDI_CSV]","[]","[P1Y]"
"1995","worldBank/BAR_NOED_4549_ZS","144","[Percent]","[WorldBank_WDI_CSV]","[]","[P1Y]"
"2010","worldBank/HD_HCI_MORT_MA","174","[]","[WorldBank_WDI_CSV]","[]","[P1Y]"
"1994","worldBank/UIS_R_1_G2_F","193","[]","[WorldBank_WDI_CSV]","[]","[P1Y]"
"1960","worldBank/DC_DAC_CHEL_CD","169","[USDollar]","[WorldBank_WDI_CSV]","[]","[P1Y]"
"1998","worldBank/UIS_TRTP_2","114","[]","[WorldBank_WDI_CSV]","[]","[P1Y]"
"1998","worldBank/UIS_TRTP_3","107","[]","[WorldBank_WDI_CSV]","[]","[P1Y]"
"1995","worldBank/BAR_NOED_3539_ZS","144","[Percent]","[WorldBank_WDI_CSV]","[]","[P1Y]"
"1995","worldBank/BAR_POP_1519_FE","144","[]","[WorldBank_WDI_CSV]","[]","[P1Y]"
"1991","worldBank/SL_UEM_1524_ZS","191","[Percent]","[WorldBank_WDI_CSV]","[]","[P1Y]"
"2010","worldBank/PRJ_MYS_15UP_GPI","167","[]","[WorldBank_WDI_CSV]","[]","[P1Y]"
"1970","worldBank/IS_AIR_DPRT","189","[]","[WorldBank_WDI_CSV]","[]","[P1Y]"
"2010","worldBank/PRJ_POP_2529_3_MF","167","[]","[WorldBank_WDI_CSV]","[]","[P1Y]"
"1998","worldBank/SE_TER_CMPL_ZS","159","[Percent]","[WorldBank_WDI_CSV]","[]","[P1Y]"
"1990","worldBank/NY_GDP_DEFL_ZS_AD","213","[Percent]","[WorldBank_WDI_CSV]","[]","[P1Y]"
"2011","worldBank/FX_OWN_TOTL_60_ZS","161","[Percent]","[WorldBank_WDI_CSV]","[]","[P1Y]"
"1970","worldBank/SL_UEM_NEET_MA_ZS","182","[Percent]","[WorldBank_WDI_CSV]","[]","[P1Y]"
"1970","worldBank/DT_NFL_BLAT_CD","123","[USDollar]","[WorldBank_WDI_CSV]","[]","[P1Y]"
"2010","worldBank/PRJ_POP_2529_3_MA","167","[]","[WorldBank_WDI_CSV]","[]","[P1Y]"
"1995","worldBank/BAR_TER_SCHL_3539","144","[]","[WorldBank_WDI_CSV]","[]","[P1Y]"
"1960","worldBank/FP_WPI_TOTL","55","[]","[WorldBank_WDI_CSV]","[]","[P1Y]"
"1995","worldBank/BAR_SEC_ICMP_3539_FE_ZS","144","[Percent]","[WorldBank_WDI_CSV]","[]","[P1Y]"
"1994","worldBank/UIS_NERT_1_M","200","[]","[WorldBank_WDI_CSV]","[]","[P1Y]"
"1970","worldBank/SE_SEC_CUAT_PO_ZS","181","[Percent]","[WorldBank_WDI_CSV]","[]","[P1Y]"
"2014","worldBank/mobileaccount_t_d","98","[]","[WorldBank_WDI_CSV]","[]","[P1Y]"
"1994","worldBank/UIS_NERT_1_F","200","[]","[WorldBank_WDI_CSV]","[]","[P1Y]"
"1995","worldBank/BAR_PRM_CMPT_5054_ZS","144","[Percent]","[WorldBank_WDI_CSV]","[]","[P1Y]"
"1960","worldBank/TX_VAL_MRCH_R4_ZS","209","[Percent]","[WorldBank_WDI_CSV]","[]","[P1Y]"
"1994","worldBank/UIS_REPR_2_GPV_G1_M","184","[]","[WorldBank_WDI_CSV]","[]","[P1Y]"
"2010","worldBank/HD_HCI_OVRL_UB_MA","163","[]","[WorldBank_WDI_CSV]","[]","[P1Y]"
"1997","worldBank/UIS_OE_56_40510","214","[]","[WorldBank_WDI_CSV]","[]","[P1Y]"
"2010","worldBank/PRJ_ATT_60UP_NED_FE","167","[]","[WorldBank_WDI_CSV]","[]","[P1Y]"
"2010","worldBank/PRJ_ATT_15UP_1_MA","167","[]","[WorldBank_WDI_CSV]","[]","[P1Y]"
"2000","worldBank/SH_DTH_COMM_1559_MA_ZS","187","[Percent]","[WorldBank_WDI_CSV]","[]","[P1Y]"
"1995","worldBank/BAR_POP_15UP_FE","144","[]","[WorldBank_WDI_CSV]","[]","[P1Y]"
"1995","worldBank/BAR_PRM_CMPT_75UP_FE_ZS","144","[Percent]","[WorldBank_WDI_CSV]","[]","[P1Y]"
"1995","worldBank/BAR_SCHL_3034_FE","144","[]","[WorldBank_WDI_CSV]","[]","[P1Y]"
"2011","worldBank/GFDD_OI_20a","145","[]","[WorldBank_WDI_CSV]","[]","[P1Y]"
"2011","worldBank/FX_OWN_TOTL_40_ZS","161","[Percent]","[WorldBank_WDI_CSV]","[]","[P1Y]"
"2010","worldBank/PRJ_ATT_15UP_1_MF","167","[]","[WorldBank_WDI_CSV]","[]","[P1Y]"
"1995","worldBank/BAR_TER_CMPT_3034_FE_ZS","144","[Percent]","[WorldBank_WDI_CSV]","[]","[P1Y]"
"2010","worldBank/PRJ_ATT_ALL_S1_FE","167","[]","[WorldBank_WDI_CSV]","[]","[P1Y]"
"1995","worldBank/BAR_NOED_2024_FE_ZS","144","[Percent]","[WorldBank_WDI_CSV]","[]","[P1Y]"
"1972","worldBank/GC_XPN_TOTL_CN","161","[]","[WorldBank_WDI_CSV]","[]","[P1Y]"
"1960","worldBank/SP_RUR_TOTL_ZS","221","[Percent]","[WorldBank_WDI_CSV]","[]","[P1Y]"
"2010","worldBank/PRJ_POP_1519_3_FE","167","[]","[WorldBank_WDI_CSV]","[]","[P1Y]"
"1996","worldBank/VA_PER_RNK","205","[]","[WorldBank_WDI_CSV]","[]","[P1Y]"
"1970","worldBank/DT_DOD_DPPG_CD","123","[USDollar]","[WorldBank_WDI_CSV]","[]","[P1Y]"
"1960","worldBank/FI_RES_XGLD_CD","182","[USDollar]","[WorldBank_WDI_CSV]","[]","[P1Y]"
"1995","worldBank/BAR_SEC_SCHL_3539_FE","144","[]","[WorldBank_WDI_CSV]","[]","[P1Y]"
"1995","worldBank/BAR_PRM_CMPT_4044_ZS","144","[Percent]","[WorldBank_WDI_CSV]","[]","[P1Y]"
"2004","worldBank/FB_CBK_BRWR_P3","118","[]","[WorldBank_WDI_CSV]","[]","[P1Y]"
"1960","worldBank/BM_GSR_TOTL_CD","204","[USDollar]","[WorldBank_WDI_CSV]","[]","[P1Y]"
"1970","worldBank/BX_KLT_DINV_WD_GD_ZS","206","[Percent]","[WorldBank_WDI_CSV]","[]","[P1Y]"
"2010","worldBank/PRJ_ATT_2024_1_FE","167","[]","[WorldBank_WDI_CSV]","[]","[P1Y]"
"2011","worldBank/account_t_d","164","[]","[WorldBank_WDI_CSV]","[]","[P1Y]"
"1984","worldBank/SH_STA_ANV4_ZS","155","[Percent]","[WorldBank_WDI_CSV]","[]","[P1Y]"
"2010","worldBank/HD_HCI_HLOS_FE","169","[]","[WorldBank_WDI_CSV]","[]","[P1Y]"
"1960","worldBank/NY_GNP_MKTP_CN","209","[]","[WorldBank_WDI_CSV]","[]","[P1Y]"
"1986","worldBank/SH_STA_WAST_FE_ZS","160","[Percent]","[WorldBank_WDI_CSV]","[]","[P1Y]"
"2000","worldBank/SH_DTH_NCOM_0514_ZS","187","[Percent]","[WorldBank_WDI_CSV]","[]","[P1Y]"
"2000","worldBank/BI_PWK_PRVS_CT_ZS","88","[Percent]","[WorldBank_WDI_CSV]","[]","[P1Y]"
"1970","worldBank/SL_TLF_INTM_MA_ZS","187","[Percent]","[WorldBank_WDI_CSV]","[]","[P1Y]"
"1994","worldBank/UIS_SLE_23_F","203","[]","[WorldBank_WDI_CSV]","[]","[P1Y]"
"2000","worldBank/BI_WAG_PREM_PB","90","[]","[WorldBank_WDI_CSV]","[]","[P1Y]"
"2000","worldBank/IS_SHP_GOOD_TU","172","[]","[WorldBank_WDI_CSV]","[]","[P1Y]"
"1970","worldBank/SL_UEM_INTM_MA_ZS","189","[Percent]","[WorldBank_WDI_CSV]","[]","[P1Y]"
"1960","worldBank/SP_POP_80UP_FE","221","[]","[WorldBank_WDI_CSV]","[]","[P1Y]"
"2000","worldBank/FB_BNK_CAPA_ZS","148","[Percent]","[WorldBank_WDI_CSV]","[]","[P1Y]"
"1994","worldBank/UIS_GER_2_GPI","207","[]","[WorldBank_WDI_CSV]","[]","[P1Y]"
"1960","worldBank/SL_UEM_1524_NE_ZS","206","[Percent]","[WorldBank_WDI_CSV]","[]","[P1Y]"
"2010","worldBank/PRJ_ATT_2064_NED_MA","167","[]","[WorldBank_WDI_CSV]","[]","[P1Y]"
"1995","worldBank/BAR_PRM_SCHL_5054_FE","144","[]","[WorldBank_WDI_CSV]","[]","[P1Y]"
"1984","worldBank/IE_PPN_TRAN_CD","92","[USDollar]","[WorldBank_WDI_CSV]","[]","[P1Y]"
"1960","worldBank/PA_NUS_ATLS","214","[]","[WorldBank_WDI_CSV]","[]","[P1Y]"
"2010","worldBank/PRJ_POP_ALL_S1_MA","167","[]","[WorldBank_WDI_CSV]","[]","[P1Y]"
"1972","worldBank/DT_ODA_ODAT_XP_ZS","125","[Percent]","[WorldBank_WDI_CSV]","[]","[P1Y]"
"2010","worldBank/PRJ_POP_ALL_S1_MF","167","[]","[WorldBank_WDI_CSV]","[]","[P1Y]"
"1995","worldBank/BAR_SEC_CMPT_2529_ZS","144","[Percent]","[WorldBank_WDI_CSV]","[]","[P1Y]"
"2010","worldBank/PRJ_ATT_2064_NED_MF","167","[]","[WorldBank_WDI_CSV]","[]","[P1Y]"
"1960","worldBank/NY_GDP_PCAP_CN","214","[]","[WorldBank_WDI_CSV]","[]","[P1Y]"
"1986","worldBank/SH_STA_STNT_MA_ZS","159","[Percent]","[WorldBank_WDI_CSV]","[]","[P1Y]"
"2000","worldBank/BI_PWK_PRVS_SG_ZS","129","[Percent]","[WorldBank_WDI_CSV]","[]","[P1Y]"
"1995","worldBank/BAR_SEC_ICMP_7074_FE_ZS","144","[Percent]","[WorldBank_WDI_CSV]","[]","[P1Y]"
"1960","worldBank/IT_NET_USER_P2","217","[]","[WorldBank_WDI_CSV]","[]","[P1Y]"
"1960","worldBank/EN_URB_LCTY_UR_ZS","157","[Percent]","[WorldBank_WDI_CSV]","[]","[P1Y]"
"1972","worldBank/GC_REV_GOTR_ZS","163","[Percent]","[WorldBank_WDI_CSV]","[]","[P1Y]"
"1970","worldBank/SE_TER_CUAT_BA_ZS","187","[Percent]","[WorldBank_WDI_CSV]","[]","[P1Y]"
"2010","worldBank/PRJ_POP_2024_2_FE","167","[]","[WorldBank_WDI_CSV]","[]","[P1Y]"
"2010","worldBank/PRJ_ATT_2529_2_FE","167","[]","[WorldBank_WDI_CSV]","[]","[P1Y]"
"1970","worldBank/SE_PRE_ENRR_MA","207","[]","[WorldBank_WDI_CSV]","[]","[P1Y]"
"1970","worldBank/SL_TLF_INTM_ZS","187","[Percent]","[WorldBank_WDI_CSV]","[]","[P1Y]"
"1997","worldBank/UIS_GTVP_3_V_M","190","[]","[WorldBank_WDI_CSV]","[]","[P1Y]"
"1970","worldBank/SE_SEC_ENRL_FE_VO_ZS","209","[Percent]","[WorldBank_WDI_CSV]","[]","[P1Y]"
"1994","worldBank/UIS_SLE_23_M","203","[]","[WorldBank_WDI_CSV]","[]","[P1Y]"
"1995","worldBank/BAR_SCHL_1519","144","[]","[WorldBank_WDI_CSV]","[]","[P1Y]"
"1991","worldBank/SL_EMP_WORK_ZS","191","[Percent]","[WorldBank_WDI_CSV]","[]","[P1Y]"
"1995","worldBank/BAR_TER_SCHL_3539_FE","144","[]","[WorldBank_WDI_CSV]","[]","[P1Y]"
"1960","worldBank/FR_INR_DPST","152","[Percent]","[WorldBank_WDI_CSV]","[]","[P1Y]"
"1965","worldBank/NV_FSM_TOTL_KN","49","[]","[WorldBank_WDI_CSV]","[]","[P1Y]"
"2010","worldBank/PRJ_ATT_15UP_2_FE","167","[]","[WorldBank_WDI_CSV]","[]","[P1Y]"
"1997","worldBank/UIS_GTVP_3_V_F","190","[]","[WorldBank_WDI_CSV]","[]","[P1Y]"
"2010","worldBank/PRJ_ATT_2064_2_MA","167","[]","[WorldBank_WDI_CSV]","[]","[P1Y]"
"1960","worldBank/BX_GSR_TRVL_ZS","202","[Percent]","[WorldBank_WDI_CSV]","[]","[P1Y]"
"1970","worldBank/DT_DOD_MIBR_CD","95","[USDollar]","[WorldBank_WDI_CSV]","[]","[P1Y]"
"2005","worldBank/DC_DAC_HUNL_CD","131","[USDollar]","[WorldBank_WDI_CSV]","[]","[P1Y]"
"2000","worldBank/BI_EMP_PWRK_PB_ZS","142","[Percent]","[WorldBank_WDI_CSV]","[]","[P1Y]"
"2010","worldBank/PRJ_MYS_4064_MA","167","[]","[WorldBank_WDI_CSV]","[]","[P1Y]"
"2010","worldBank/PRJ_ATT_2039_3_MF","167","[]","[WorldBank_WDI_CSV]","[]","[P1Y]"
"1995","worldBank/BAR_SEC_ICMP_25UP_FE_ZS","144","[Percent]","[WorldBank_WDI_CSV]","[]","[P1Y]"
"2010","worldBank/PRJ_ATT_80UP_S1_FE","167","[]","[WorldBank_WDI_CSV]","[]","[P1Y]"
"2010","worldBank/PRJ_ATT_2064_2_MF","167","[]","[WorldBank_WDI_CSV]","[]","[P1Y]"
"2010","worldBank/PRJ_MYS_4064_MF","167","[]","[WorldBank_WDI_CSV]","[]","[P1Y]"
"1960","worldBank/NY_GDP_PCAP_CD","218","[USDollar]","[WorldBank_WDI_CSV]","[]","[P1Y]"
"1986","worldBank/SH_STA_STNT_FE_ZS","159","[Percent]","[WorldBank_WDI_CSV]","[]","[P1Y]"
"2010","worldBank/PRJ_ATT_2039_3_MA","167","[]","[WorldBank_WDI_CSV]","[]","[P1Y]"
"1960","worldBank/DC_DAC_DNKL_CD","153","[USDollar]","[WorldBank_WDI_CSV]","[]","[P1Y]"
"1995","worldBank/UIS_XSPENDP_0_FDPUB_FNCUR","151","[]","[WorldBank_WDI_CSV]","[]","[P1Y]"
"1995","worldBank/BAR_PRM_ICMP_3539_ZS","144","[Percent]","[WorldBank_WDI_CSV]","[]","[P1Y]"
"2009","worldBank/DT_NFL_WHOL_CD","143","[USDollar]","[WorldBank_WDI_CSV]","[]","[P1Y]"
"1998","worldBank/UIS_PTRHC_1_TRAINED","146","[]","[WorldBank_WDI_CSV]","[]","[P1Y]"
"1960","worldBank/BN_KAC_EOMS_CD","199","[USDollar]","[WorldBank_WDI_CSV]","[]","[P1Y]"
"1990","worldBank/NY_GDP_PCAP_PP_KD","203","[]","[WorldBank_WDI_CSV]","[]","[P1Y]"
"1995","worldBank/UIS_XUNIT_GDPCAP_2_FSGOV","153","[]","[WorldBank_WDI_CSV]","[]","[P1Y]"
"2005","worldBank/DC_DAC_CZEL_CD","132","[USDollar]","[WorldBank_WDI_CSV]","[]","[P1Y]"
"1995","worldBank/BAR_NOED_6064_ZS","144","[Percent]","[WorldBank_WDI_CSV]","[]","[P1Y]"
"1990","worldBank/SH_DYN_AIDS_FE_ZS","175","[Percent]","[WorldBank_WDI_CSV]","[]","[P1Y]"
"2000","worldBank/SH_DTH_COMM_0514_MA_ZS","187","[Percent]","[WorldBank_WDI_CSV]","[]","[P1Y]"
"2000","worldBank/BI_PWK_PUBS_CT_ZS","73","[Percent]","[WorldBank_WDI_CSV]","[]","[P1Y]"
"2010","worldBank/PRJ_MYS_15UP_FE","167","[]","[WorldBank_WDI_CSV]","[]","[P1Y]"
"1995","worldBank/BAR_TER_SCHL_4549_FE","144","[]","[WorldBank_WDI_CSV]","[]","[P1Y]"
"2000","worldBank/BI_PWK_AGES_PV_MD","132","[]","[WorldBank_WDI_CSV]","[]","[P1Y]"
"2010","worldBank/PRJ_ATT_ALL_S1_MA","167","[]","[WorldBank_WDI_CSV]","[]","[P1Y]"
"1995","worldBank/BAR_PRM_CMPT_3539_FE_ZS","144","[Percent]","[WorldBank_WDI_CSV]","[]","[P1Y]"
"2010","worldBank/PRJ_ATT_ALL_S1_MF","167","[]","[WorldBank_WDI_CSV]","[]","[P1Y]"
"2010","worldBank/PRJ_ATT_4064_1_FE","167","[]","[WorldBank_WDI_CSV]","[]","[P1Y]"
"1995","worldBank/BAR_PRM_ICMP_6569_FE_ZS","144","[Percent]","[WorldBank_WDI_CSV]","[]","[P1Y]"
"2010","worldBank/PRJ_ATT_1519_2_FE","167","[]","[WorldBank_WDI_CSV]","[]","[P1Y]"
"1970","worldBank/SE_XPD_TOTL_GD_ZS","207","[Percent]","[WorldBank_WDI_CSV]","[]","[P1Y]"
"1994","worldBank/SE_SCH_LIFE_FE","199","[]","[WorldBank_WDI_CSV]","[]","[P1Y]"
"1960","worldBank/SP_DYN_AMRT_FE","221","[]","[WorldBank_WDI_CSV]","[]","[P1Y]"
"1990","worldBank/SL_TLF_TOTL_FE_ZS","191","[Percent]","[WorldBank_WDI_CSV]","[]","[P1Y]"
"1999","worldBank/OECD_TSAL_1_E0","54","[]","[WorldBank_WDI_CSV]","[]","[P1Y]"
"1995","worldBank/BAR_SEC_CMPT_3539_ZS","144","[Percent]","[WorldBank_WDI_CSV]","[]","[P1Y]"
"1995","worldBank/BAR_SEC_SCHL_2024","144","[]","[WorldBank_WDI_CSV]","[]","[P1Y]"
"1995","worldBank/UIS_XUNIT_PPPCONST_1_FSGOV","158","[]","[WorldBank_WDI_CSV]","[]","[P1Y]"
"1994","worldBank/UIS_GER_123","207","[]","[WorldBank_WDI_CSV]","[]","[P1Y]"
"1960","worldBank/BN_FIN_TOTL_CD","199","[USDollar]","[WorldBank_WDI_CSV]","[]","[P1Y]"
"1970","worldBank/SE_PRM_TCHR_FE_ZS","211","[Percent]","[WorldBank_WDI_CSV]","[]","[P1Y]"
"1970","worldBank/SE_PRM_CUAT_FE_ZS","198","[Percent]","[WorldBank_WDI_CSV]","[]","[P1Y]"
"1995","worldBank/BAR_PRM_SCHL_4549","144","[]","[WorldBank_WDI_CSV]","[]","[P1Y]"
"2003","worldBank/RESLV_ISV_DFRN_RCOV_RT","213","[]","[WorldBank_WDI_CSV]","[]","[P1Y]"
"1985","worldBank/SH_MMR_RISK_ZS","198","[Percent]","[WorldBank_WDI_CSV]","[]","[P1Y]"
"2010","worldBank/PRJ_MYS_65UP_FE","167","[]","[WorldBank_WDI_CSV]","[]","[P1Y]"
"2000","worldBank/per_sa_allsa_adq_pop_tot","107","[]","[WorldBank_WDI_CSV]","[]","[P1Y]"
"2000","worldBank/BI_PWK_PUBS_RU_ZS","130","[Percent]","[WorldBank_WDI_CSV]","[]","[P1Y]"
"2005","worldBank/IC_TAX_TOTL_CP_ZS","193","[Percent]","[WorldBank_WDI_CSV]","[]","[P1Y]"
"2010","worldBank/PRJ_MYS_65UP_MF","167","[]","[WorldBank_WDI_CSV]","[]","[P1Y]"
"2000","worldBank/per_sa_allsa_ben_q1_tot","107","[]","[WorldBank_WDI_CSV]","[]","[P1Y]"
"1960","worldBank/SP_POP_TOTL_FE_IN","221","[]","[WorldBank_WDI_CSV]","[]","[P1Y]"
"2010","worldBank/PRJ_MYS_65UP_MA","167","[]","[WorldBank_WDI_CSV]","[]","[P1Y]"
"1994","worldBank/UIS_T_2","189","[]","[WorldBank_WDI_CSV]","[]","[P1Y]"
"1994","worldBank/UIS_T_3","189","[]","[WorldBank_WDI_CSV]","[]","[P1Y]"
"1995","worldBank/BAR_SEC_SCHL_2529_FE","144","[]","[WorldBank_WDI_CSV]","[]","[P1Y]"
"1998","worldBank/UIS_T_4","127","[]","[WorldBank_WDI_CSV]","[]","[P1Y]"
"1990","worldBank/EN_ATM_PM25_MC_ZS","198","[Percent]","[WorldBank_WDI_CSV]","[]","[P1Y]"
"1970","worldBank/SL_UEM_INTM_ZS","192","[Percent]","[WorldBank_WDI_CSV]","[]","[P1Y]"
"1970","worldBank/NY_ADJ_DRES_GN_ZS","189","[Percent]","[WorldBank_WDI_CSV]","[]","[P1Y]"
"1995","worldBank/BAR_PRM_SCHL_1519_FE","144","[]","[WorldBank_WDI_CSV]","[]","[P1Y]"
"1970","worldBank/DT_NFL_OFFT_CD","123","[USDollar]","[WorldBank_WDI_CSV]","[]","[P1Y]"
"1970","worldBank/SE_PRE_ENRR","211","[]","[WorldBank_WDI_CSV]","[]","[P1Y]"
"2003","worldBank/ENF_CONT_COEN_COST_ZS","213","[Percent]","[WorldBank_WDI_CSV]","[]","[P1Y]"
"2000","worldBank/BI_PWK_PRVS_HS_ZS","47","[Percent]","[WorldBank_WDI_CSV]","[]","[P1Y]"
"1960","worldBank/NY_GSR_NFCY_CN","207","[]","[WorldBank_WDI_CSV]","[]","[P1Y]"
"1995","worldBank/BAR_SEC_CMPT_2024_FE_ZS","144","[Percent]","[WorldBank_WDI_CSV]","[]","[P1Y]"
"2011","worldBank/fin2_t_d","163","[]","[WorldBank_WDI_CSV]","[]","[P1Y]"
"1995","worldBank/BAR_SEC_SCHL_5559","144","[]","[WorldBank_WDI_CSV]","[]","[P1Y]"
"1960","worldBank/BM_GSR_TRAN_ZS","203","[Percent]","[WorldBank_WDI_CSV]","[]","[P1Y]"
"1970","worldBank/SE_SEC_ENRL_VO_FE_ZS","208","[Percent]","[WorldBank_WDI_CSV]","[]","[P1Y]"
"1960","worldBank/SL_TLF_CACT_FM_NE_ZS","214","[Percent]","[WorldBank_WDI_CSV]","[]","[P1Y]"
"2004","worldBank/FB_CBK_BRCH_P5","191","[]","[WorldBank_WDI_CSV]","[]","[P1Y]"
"1984","worldBank/HF_UHC_NOPX_ZS","149","[Percent]","[WorldBank_WDI_CSV]","[]","[P1Y]"
"1960","worldBank/SL_EMP_TOTL_SP_FE_NE_ZS","206","[Percent]","[WorldBank_WDI_CSV]","[]","[P1Y]"
"1998","worldBank/UIS_GER_4_F","149","[]","[WorldBank_WDI_CSV]","[]","[P1Y]"
"1994","worldBank/UIS_NERT_2_M","187","[]","[WorldBank_WDI_CSV]","[]","[P1Y]"
"1996","worldBank/VA_NO_SRC","205","[]","[WorldBank_WDI_CSV]","[]","[P1Y]"
"1989","worldBank/GC_DOD_TOTL_GD_ZS","110","[Percent]","[WorldBank_WDI_CSV]","[]","[P1Y]"
"1960","worldBank/DC_DAC_CECL_CD","181","[USDollar]","[WorldBank_WDI_CSV]","[]","[P1Y]"
"1998","worldBank/UIS_GER_4_M","149","[]","[WorldBank_WDI_CSV]","[]","[P1Y]"
"1960","worldBank/NY_GSR_NFCY_CD","207","[USDollar]","[WorldBank_WDI_CSV]","[]","[P1Y]"
"2010","worldBank/PRJ_ATT_2064_NED_FE","167","[]","[WorldBank_WDI_CSV]","[]","[P1Y]"
"1970","worldBank/SE_SEC_CUAT_LO_ZS","203","[Percent]","[WorldBank_WDI_CSV]","[]","[P1Y]"
"1994","worldBank/UIS_NERT_2_F","187","[]","[WorldBank_WDI_CSV]","[]","[P1Y]"
"1975","worldBank/CM_MKT_TRAD_CD","110","[USDollar]","[WorldBank_WDI_CSV]","[]","[P1Y]"
"1995","worldBank/BAR_TER_ICMP_2024_ZS","144","[Percent]","[WorldBank_WDI_CSV]","[]","[P1Y]"
"1990","worldBank/NY_GDP_MKTP_CN_AD","213","[]","[WorldBank_WDI_CSV]","[]","[P1Y]"
"1995","worldBank/BAR_SEC_ICMP_75UP_FE_ZS","144","[Percent]","[WorldBank_WDI_CSV]","[]","[P1Y]"
"1970","worldBank/DT_NFL_BOND_CD","92","[USDollar]","[WorldBank_WDI_CSV]","[]","[P1Y]"
"1995","worldBank/BAR_SEC_ICMP_15UP_FE_ZS","144","[Percent]","[WorldBank_WDI_CSV]","[]","[P1Y]"
"1998","worldBank/UIS_SLE_4_F","147","[]","[WorldBank_WDI_CSV]","[]","[P1Y]"
"1995","worldBank/BAR_PRM_CMPT_25UP_FE_ZS","144","[Percent]","[WorldBank_WDI_CSV]","[]","[P1Y]"
"1994","worldBank/UIS_ILLPOPF_AG25T64","164","[]","[WorldBank_WDI_CSV]","[]","[P1Y]"
"1998","worldBank/UIS_SLE_4_M","147","[]","[WorldBank_WDI_CSV]","[]","[P1Y]"
"2015","worldBank/ENF_CONT_COEN_CSMG","213","[]","[WorldBank_WDI_CSV]","[]","[P1Y]"
"1970","worldBank/SE_SEC_ENRL_VO","211","[]","[WorldBank_WDI_CSV]","[]","[P1Y]"
"1995","worldBank/IS_RRS_GOOD_MT_K6","117","[]","[WorldBank_WDI_CSV]","[]","[P1Y]"
"2000","worldBank/SG_TIM_UWRK_MA","90","[]","[WorldBank_WDI_CSV]","[]","[P1Y]"
"1995","worldBank/BAR_POP_15UP","144","[]","[WorldBank_WDI_CSV]","[]","[P1Y]"
"1999","worldBank/per_si_allsi_cov_pop_tot","118","[]","[WorldBank_WDI_CSV]","[]","[P1Y]"
"1990","worldBank/AG_LND_EL5M_RU_K2","219","[]","[WorldBank_WDI_CSV]","[]","[P1Y]"
"2010","worldBank/HD_HCI_OVRL_UB_FE","163","[]","[WorldBank_WDI_CSV]","[]","[P1Y]"
"1990","worldBank/SL_TLF_ACTI_1524_FE_ZS","191","[Percent]","[WorldBank_WDI_CSV]","[]","[P1Y]"
"1960","worldBank/EN_URB_MCTY","121","[]","[WorldBank_WDI_CSV]","[]","[P1Y]"
"1960","worldBank/SP_POP_6064_FE","221","[]","[WorldBank_WDI_CSV]","[]","[P1Y]"
"1995","worldBank/BAR_TER_ICMP_6569_ZS","144","[Percent]","[WorldBank_WDI_CSV]","[]","[P1Y]"
"1960","worldBank/FD_AST_PRVT_GD_ZS","190","[Percent]","[WorldBank_WDI_CSV]","[]","[P1Y]"
"1995","worldBank/BAR_POP_2529","144","[]","[WorldBank_WDI_CSV]","[]","[P1Y]"
"1970","worldBank/DT_NFL_MIBR_CD","117","[USDollar]","[WorldBank_WDI_CSV]","[]","[P1Y]"
"1960","worldBank/SP_POP_AG03_FE_IN","217","[]","[WorldBank_WDI_CSV]","[]","[P1Y]"
"1994","worldBank/UIS_SR_1_G4_GPI","185","[]","[WorldBank_WDI_CSV]","[]","[P1Y]"
"2010","worldBank/PRJ_POP_ALL_S1_FE","167","[]","[WorldBank_WDI_CSV]","[]","[P1Y]"
"1998","worldBank/UIS_GER_4_GPI","144","[]","[WorldBank_WDI_CSV]","[]","[P1Y]"
"1985","worldBank/SH_MMR_DTHS","198","[]","[WorldBank_WDI_CSV]","[]","[P1Y]"
"1960","worldBank/SP_POP_80UP_MA","221","[]","[WorldBank_WDI_CSV]","[]","[P1Y]"
"1995","worldBank/BAR_TER_SCHL_4044","144","[]","[WorldBank_WDI_CSV]","[]","[P1Y]"
"1991","worldBank/SL_IND_EMPL_FE_ZS","191","[Percent]","[WorldBank_WDI_CSV]","[]","[P1Y]"
"1960","worldBank/IT_CEL_SETS","218","[]","[WorldBank_WDI_CSV]","[]","[P1Y]"
"1995","worldBank/BAR_POP_6064","144","[]","[WorldBank_WDI_CSV]","[]","[P1Y]"
"1960","worldBank/SP_DYN_LE00_MA_IN","221","[]","[WorldBank_WDI_CSV]","[]","[P1Y]"
"2003","worldBank/RESLV_ISV_OTCM","213","[]","[WorldBank_WDI_CSV]","[]","[P1Y]"
"1990","worldBank/NY_AGR_SUBS_GD_ZS","23","[Percent]","[WorldBank_WDI_CSV]","[]","[P1Y]"
"1995","worldBank/BAR_SCHL_2024","144","[]","[WorldBank_WDI_CSV]","[]","[P1Y]"
"1990","worldBank/NY_GDP_PCAP_PP_CD","207","[USDollar]","[WorldBank_WDI_CSV]","[]","[P1Y]"
"1962","worldBank/TX_VAL_AGRI_ZS_UN","202","[Percent]","[WorldBank_WDI_CSV]","[]","[P1Y]"
"2010","worldBank/PRJ_ATT_1519_2_MA","167","[]","[WorldBank_WDI_CSV]","[]","[P1Y]"
"2010","worldBank/PRJ_POP_ALL_2_FE","167","[]","[WorldBank_WDI_CSV]","[]","[P1Y]"
"1995","worldBank/BAR_PRM_CMPT_15UP_ZS","144","[Percent]","[WorldBank_WDI_CSV]","[]","[P1Y]"
"1970","worldBank/SE_TER_TCHR_FE_ZS","202","[Percent]","[WorldBank_WDI_CSV]","[]","[P1Y]"
"1995","worldBank/BAR_TER_SCHL_6064_FE","144","[]","[WorldBank_WDI_CSV]","[]","[P1Y]"
"1970","worldBank/SL_UEM_NEET_ZS","183","[Percent]","[WorldBank_WDI_CSV]","[]","[P1Y]"
"1971","worldBank/NY_ADJ_NNTY_PC_KD_ZG","162","[]","[WorldBank_WDI_CSV]","[]","[P1Y]"
"1994","worldBank/UIS_EA_6_AG25T99","163","[]","[WorldBank_WDI_CSV]","[]","[P1Y]"
"1991","worldBank/EN_ATM_GHGO_ZG","192","[]","[WorldBank_WDI_CSV]","[]","[P1Y]"
"1970","worldBank/SE_PRM_ENRR_FE","212","[]","[WorldBank_WDI_CSV]","[]","[P1Y]"
"1990","worldBank/3_1_RE_CONSUMPTION","233","[Terajoule]","[WorldBank_WDI_CSV]","[]","[P1Y]"
"1995","worldBank/BAR_SEC_CMPT_6064_ZS","144","[Percent]","[WorldBank_WDI_CSV]","[]","[P1Y]"
"1994","worldBank/UIS_SR_1_G4","189","[]","[WorldBank_WDI_CSV]","[]","[P1Y]"
"1995","worldBank/BAR_PRM_ICMP_3034_FE_ZS","144","[Percent]","[WorldBank_WDI_CSV]","[]","[P1Y]"
"1995","worldBank/IS_RRS_TOTL_KM","116","[]","[WorldBank_WDI_CSV]","[]","[P1Y]"
"2010","worldBank/PRJ_MYS_4064_FE","167","[]","[WorldBank_WDI_CSV]","[]","[P1Y]"
"1995","worldBank/BAR_SEC_ICMP_4549_FE_ZS","144","[Percent]","[WorldBank_WDI_CSV]","[]","[P1Y]"
"1995","worldBank/UIS_XUNIT_PPPCONST_3_FSGOV","143","[]","[WorldBank_WDI_CSV]","[]","[P1Y]"
"1960","worldBank/DC_ODA_TLDC_GN_ZS","32","[Percent]","[WorldBank_WDI_CSV]","[]","[P1Y]"
"1970","worldBank/BX_KLT_DINV_CD_WD","208","[USDollar]","[WorldBank_WDI_CSV]","[]","[P1Y]"
"2011","worldBank/FX_OWN_TOTL_SO_ZS","162","[Percent]","[WorldBank_WDI_CSV]","[]","[P1Y]"
"2010","worldBank/PRJ_ATT_2064_2_FE","167","[]","[WorldBank_WDI_CSV]","[]","[P1Y]"
"1995","worldBank/BAR_PRM_SCHL_3539_FE","144","[]","[WorldBank_WDI_CSV]","[]","[P1Y]"
"1984","worldBank/IE_PPI_ENGY_CD","117","[USDollar]","[WorldBank_WDI_CSV]","[]","[P1Y]"
"1960","worldBank/SP_DYN_CBRT_IN","221","[]","[WorldBank_WDI_CSV]","[]","[P1Y]"
"2010","worldBank/HD_HCI_EYRS_MA","171","[]","[WorldBank_WDI_CSV]","[]","[P1Y]"
"2004","worldBank/IC_FRM_FEMO_ZS","177","[Percent]","[WorldBank_WDI_CSV]","[]","[P1Y]"
"1960","worldBank/NE_IMP_GNFS_CN","192","[]","[WorldBank_WDI_CSV]","[]","[P1Y]"
"2010","worldBank/PRJ_ATT_ALL_4_FE","167","[]","[WorldBank_WDI_CSV]","[]","[P1Y]"
"1995","worldBank/BAR_TER_SCHL_7074_FE","144","[]","[WorldBank_WDI_CSV]","[]","[P1Y]"
"1970","worldBank/NY_ADJ_NNTY_CD","189","[USDollar]","[WorldBank_WDI_CSV]","[]","[P1Y]"
"1996","worldBank/CC_PER_RNK_LOWER","205","[]","[WorldBank_WDI_CSV]","[]","[P1Y]"
"2000","worldBank/SH_STA_TRAF_MA_P5","187","[]","[WorldBank_WDI_CSV]","[]","[P1Y]"
"1960","worldBank/NE_IMP_GNFS_CD","196","[USDollar]","[WorldBank_WDI_CSV]","[]","[P1Y]"
"1995","worldBank/BAR_SCHL_1519_FE","144","[]","[WorldBank_WDI_CSV]","[]","[P1Y]"
"1995","worldBank/BAR_TER_ICMP_6569_FE_ZS","144","[Percent]","[WorldBank_WDI_CSV]","[]","[P1Y]"
"2010","worldBank/PRJ_MYS_15UP_MA","167","[]","[WorldBank_WDI_CSV]","[]","[P1Y]"
"1998","worldBank/per_allsp_adq_pop_tot","123","[]","[WorldBank_WDI_CSV]","[]","[P1Y]"
"1984","worldBank/SH_STA_ANVC_ZS","173","[Percent]","[WorldBank_WDI_CSV]","[]","[P1Y]"
"2010","worldBank/PRJ_MYS_15UP_MF","167","[]","[WorldBank_WDI_CSV]","[]","[P1Y]"
"2000","worldBank/EG_CFT_ACCS_RU_ZS","193","[Percent]","[WorldBank_WDI_CSV]","[]","[P1Y]"
"1960","worldBank/SP_POP_AG00_FE_IN","217","[]","[WorldBank_WDI_CSV]","[]","[P1Y]"
"2000","worldBank/BI_WAG_CPRS_PB_ZS","111","[Percent]","[WorldBank_WDI_CSV]","[]","[P1Y]"
"1961","worldBank/NE_CON_PRVT_KD_ZG","181","[]","[WorldBank_WDI_CSV]","[]","[P1Y]"
"1996","worldBank/VA_STD_ERR","205","[]","[WorldBank_WDI_CSV]","[]","[P1Y]"
"1970","worldBank/SE_SEC_CUAT_PO_MA_ZS","179","[Percent]","[WorldBank_WDI_CSV]","[]","[P1Y]"
"1995","worldBank/BAR_SEC_CMPT_5054_ZS","144","[Percent]","[WorldBank_WDI_CSV]","[]","[P1Y]"
"1970","worldBank/DT_DOD_DLXF_CD","122","[USDollar]","[WorldBank_WDI_CSV]","[]","[P1Y]"
"1995","worldBank/BAR_PRM_CMPT_4044_FE_ZS","144","[Percent]","[WorldBank_WDI_CSV]","[]","[P1Y]"
"2010","worldBank/PRJ_ATT_1519_2_MF","167","[]","[WorldBank_WDI_CSV]","[]","[P1Y]"
"2000","worldBank/ER_FST_DFST_ZG","72","[]","[WorldBank_WDI_CSV]","[]","[P1Y]"
"1995","worldBank/BAR_PRM_SCHL_2529_FE","144","[]","[WorldBank_WDI_CSV]","[]","[P1Y]"
"1994","worldBank/SE_SCH_LIFE_MA","199","[]","[WorldBank_WDI_CSV]","[]","[P1Y]"
"1990","worldBank/AG_LND_TOTL_UR_K2","219","[]","[WorldBank_WDI_CSV]","[]","[P1Y]"
"2002","worldBank/per_lm_alllm_cov_q5_tot","68","[]","[WorldBank_WDI_CSV]","[]","[P1Y]"
"1995","worldBank/BAR_TER_CMPT_4044_FE_ZS","144","[Percent]","[WorldBank_WDI_CSV]","[]","[P1Y]"
"1970","worldBank/SE_ADT_1524_LT_MA_ZS","176","[Percent]","[WorldBank_WDI_CSV]","[]","[P1Y]"
"1991","worldBank/SL_AGR_EMPL_FE_ZS","191","[Percent]","[WorldBank_WDI_CSV]","[]","[P1Y]"
"2010","worldBank/PRJ_ATT_2529_NED_MF","167","[]","[WorldBank_WDI_CSV]","[]","[P1Y]"
"2000","worldBank/BI_PWK_PRVS_FE_Q3_ZS","113","[Percent]","[WorldBank_WDI_CSV]","[]","[P1Y]"
"2000","worldBank/SH_DTH_STLB","200","[]","[WorldBank_WDI_CSV]","[]","[P1Y]"
"1995","worldBank/BAR_SEC_CMPT_4044_ZS","144","[Percent]","[WorldBank_WDI_CSV]","[]","[P1Y]"
"1980","worldBank/SP_URB_TOTL_MA_ZS","197","[Percent]","[WorldBank_WDI_CSV]","[]","[P1Y]"
"1995","worldBank/DC_ODA_COMM_SA_CD","32","[USDollar]","[WorldBank_WDI_CSV]","[]","[P1Y]"
"1997","worldBank/UIS_GTVP_2_GPV","213","[]","[WorldBank_WDI_CSV]","[]","[P1Y]"
"1994","worldBank/UIS_REPR_1_G6_M","135","[]","[WorldBank_WDI_CSV]","[]","[P1Y]"
"2011","worldBank/ENF_CONT_COEN_CTFE_PR","213","[]","[WorldBank_WDI_CSV]","[]","[P1Y]"
"2010","worldBank/PRJ_ATT_2529_NED_MA","167","[]","[WorldBank_WDI_CSV]","[]","[P1Y]"
"1994","worldBank/UIS_REPR_1_G6_F","137","[]","[WorldBank_WDI_CSV]","[]","[P1Y]"
"2000","worldBank/SH_DTH_COMM_1559_ZS","187","[Percent]","[WorldBank_WDI_CSV]","[]","[P1Y]"
"1960","worldBank/EN_ATM_CO2E_GF_KT","211","[]","[WorldBank_WDI_CSV]","[]","[P1Y]"
"1972","worldBank/GC_XPN_INTP_RV_ZS","163","[Percent]","[WorldBank_WDI_CSV]","[]","[P1Y]"
"1960","worldBank/SL_UEM_TOTL_MA_NE_ZS","211","[Percent]","[WorldBank_WDI_CSV]","[]","[P1Y]"
"1994","worldBank/UIS_R_1_F","199","[]","[WorldBank_WDI_CSV]","[]","[P1Y]"
"1990","worldBank/EG_ELC_ACCS_UR_ZS","218","[Percent]","[WorldBank_WDI_CSV]","[]","[P1Y]"
"1995","worldBank/BAR_PRM_ICMP_5559_ZS","144","[Percent]","[WorldBank_WDI_CSV]","[]","[P1Y]"
"1995","worldBank/BAR_SEC_CMPT_5559_FE_ZS","144","[Percent]","[WorldBank_WDI_CSV]","[]","[P1Y]"
"1991","worldBank/SL_EMP_TOTL_SP_FE_ZS","191","[Percent]","[WorldBank_WDI_CSV]","[]","[P1Y]"
"2010","worldBank/PRJ_ATT_2024_4_MF","167","[]","[WorldBank_WDI_CSV]","[]","[P1Y]"
"1990","worldBank/1_2_ACCESS_ELECTRICITY_RURAL","207","[]","[WorldBank_WDI_CSV]","[]","[P1Y]"
"1975","worldBank/GFDD_OM_01","105","[]","[WorldBank_WDI_CSV]","[]","[P1Y]"
"1994","worldBank/UIS_SAP_1_G1_M","214","[]","[WorldBank_WDI_CSV]","[]","[P1Y]"
"1984","worldBank/GFDD_OM_02","87","[]","[WorldBank_WDI_CSV]","[]","[P1Y]"
"2010","worldBank/PRJ_ATT_2024_4_MA","167","[]","[WorldBank_WDI_CSV]","[]","[P1Y]"
"1990","worldBank/SL_ISV_IFRM_MA_ZS","88","[Percent]","[WorldBank_WDI_CSV]","[]","[P1Y]"
"1994","worldBank/SE_TER_CUAT_DO_FE_ZS","130","[Percent]","[WorldBank_WDI_CSV]","[]","[P1Y]"
"1976","worldBank/SL_TLF_PART_ZS","174","[Percent]","[WorldBank_WDI_CSV]","[]","[P1Y]"
"1970","worldBank/SL_UEM_ADVN_MA_ZS","185","[Percent]","[WorldBank_WDI_CSV]","[]","[P1Y]"
"2000","worldBank/SH_DTH_COMM_0004_ZS","187","[Percent]","[WorldBank_WDI_CSV]","[]","[P1Y]"
"1960","worldBank/SP_DYN_LE60_FE_IN","216","[]","[WorldBank_WDI_CSV]","[]","[P1Y]"
"1960","worldBank/NY_GSR_NFCY_KN","27","[]","[WorldBank_WDI_CSV]","[]","[P1Y]"
"1994","worldBank/UIS_SLE_123","207","[]","[WorldBank_WDI_CSV]","[]","[P1Y]"
"1970","worldBank/SE_PRM_PRS5_MA_ZS","179","[Percent]","[WorldBank_WDI_CSV]","[]","[P1Y]"
"2010","worldBank/PRJ_ATT_80UP_S1_MA","167","[]","[WorldBank_WDI_CSV]","[]","[P1Y]"
"1990","worldBank/SE_TER_CUAT_MS_ZS","169","[Percent]","[WorldBank_WDI_CSV]","[]","[P1Y]"
"1995","worldBank/BAR_PRM_ICMP_4549_ZS","144","[Percent]","[WorldBank_WDI_CSV]","[]","[P1Y]"
"1960","worldBank/DC_ODA_TLDC_CD","32","[USDollar]","[WorldBank_WDI_CSV]","[]","[P1Y]"
"1970","worldBank/SE_TER_CUAT_BA_MA_ZS","187","[Percent]","[WorldBank_WDI_CSV]","[]","[P1Y]"
"1960","worldBank/SL_UEM_1524_FM_NE_ZS","206","[Percent]","[WorldBank_WDI_CSV]","[]","[P1Y]"
"1998","worldBank/SE_TER_GRAD_FE_SC_ZS","144","[Percent]","[WorldBank_WDI_CSV]","[]","[P1Y]"
"1994","worldBank/UIS_SAP_1_G1_F","214","[]","[WorldBank_WDI_CSV]","[]","[P1Y]"
"2000","worldBank/SH_DTH_INJR_60UP_MA_ZS","187","[Percent]","[WorldBank_WDI_CSV]","[]","[P1Y]"
"1960","worldBank/SP_DYN_IMRT_MA_IN","200","[]","[WorldBank_WDI_CSV]","[]","[P1Y]"
"2000","worldBank/SG_TIM_UWRK_FE","90","[]","[WorldBank_WDI_CSV]","[]","[P1Y]"
"1995","worldBank/BAR_TER_SCHL_5054_FE","144","[]","[WorldBank_WDI_CSV]","[]","[P1Y]"
"1960","worldBank/NE_GDI_FTOT_CN","179","[]","[WorldBank_WDI_CSV]","[]","[P1Y]"
"1960","worldBank/NE_GDI_FTOT_CD","183","[USDollar]","[WorldBank_WDI_CSV]","[]","[P1Y]"
"1970","worldBank/SE_ADT_1524_LT_FM_ZS","176","[Percent]","[WorldBank_WDI_CSV]","[]","[P1Y]"
"1970","worldBank/NY_ADJ_DCO2_GN_ZS","208","[Percent]","[WorldBank_WDI_CSV]","[]","[P1Y]"
"2010","worldBank/PRJ_POP_2529_NED_MA","167","[]","[WorldBank_WDI_CSV]","[]","[P1Y]"
"1984","worldBank/IE_PPN_ENGY_CD","114","[USDollar]","[WorldBank_WDI_CSV]","[]","[P1Y]"
"1962","worldBank/NY_GNP_PCAP_CD","211","[USDollar]","[WorldBank_WDI_CSV]","[]","[P1Y]"
"1984","worldBank/HF_UHC_CONS_ZS","149","[Percent]","[WorldBank_WDI_CSV]","[]","[P1Y]"
"1970","worldBank/EN_ATM_METH_AG_ZS","213","[Percent]","[WorldBank_WDI_CSV]","[]","[P1Y]"
"1999","worldBank/per_si_allsi_cov_q4_tot","118","[]","[WorldBank_WDI_CSV]","[]","[P1Y]"
"1970","worldBank/SL_UEM_BASC_FE_ZS","189","[Percent]","[WorldBank_WDI_CSV]","[]","[P1Y]"
"1960","worldBank/NY_GNP_PCAP_CN","209","[]","[WorldBank_WDI_CSV]","[]","[P1Y]"
"2010","worldBank/PRJ_ATT_80UP_S1_MF","167","[]","[WorldBank_WDI_CSV]","[]","[P1Y]"
"1995","worldBank/BAR_SCHL_5559","144","[]","[WorldBank_WDI_CSV]","[]","[P1Y]"
"2010","worldBank/PRJ_POP_2529_NED_MF","167","[]","[WorldBank_WDI_CSV]","[]","[P1Y]"
"1994","worldBank/UIS_R_2_GPV_G3_F","176","[]","[WorldBank_WDI_CSV]","[]","[P1Y]"
"2011","worldBank/FX_OWN_TOTL_OL_ZS","162","[Percent]","[WorldBank_WDI_CSV]","[]","[P1Y]"
"1995","worldBank/BAR_PRM_ICMP_5559_FE_ZS","144","[Percent]","[WorldBank_WDI_CSV]","[]","[P1Y]"
"1990","worldBank/4_1_SHARE_RE_IN_ELECTRICITY","233","[Percent]","[WorldBank_WDI_CSV]","[]","[P1Y]"
"1980","worldBank/DC_DAC_ESPL_CD","166","[USDollar]","[WorldBank_WDI_CSV]","[]","[P1Y]"
"1999","worldBank/OECD_TSAL_3_ETOP","52","[]","[WorldBank_WDI_CSV]","[]","[P1Y]"
"1995","worldBank/BAR_POP_3034_FE","144","[]","[WorldBank_WDI_CSV]","[]","[P1Y]"
"1995","worldBank/BAR_TER_ICMP_2024_FE_ZS","144","[Percent]","[WorldBank_WDI_CSV]","[]","[P1Y]"
"1960","worldBank/FS_AST_CGOV_GD_ZS","190","[Percent]","[WorldBank_WDI_CSV]","[]","[P1Y]"
"1960","worldBank/SH_DTH_IMRT_FE","200","[]","[WorldBank_WDI_CSV]","[]","[P1Y]"
"2000","worldBank/TX_VAL_ICTG_ZS_UN","193","[Percent]","[WorldBank_WDI_CSV]","[]","[P1Y]"
"2010","worldBank/PRJ_ATT_1519_NED_FE","167","[]","[WorldBank_WDI_CSV]","[]","[P1Y]"
"1995","worldBank/BAR_PRM_CMPT_3539_ZS","144","[Percent]","[WorldBank_WDI_CSV]","[]","[P1Y]"
"2000","worldBank/EN_POP_SLUM_UR_ZS","200","[Percent]","[WorldBank_WDI_CSV]","[]","[P1Y]"
"2010","worldBank/PRJ_ATT_1519_S1_FE","167","[]","[WorldBank_WDI_CSV]","[]","[P1Y]"
"1970","worldBank/NY_ADJ_DFOR_CD","188","[USDollar]","[WorldBank_WDI_CSV]","[]","[P1Y]"
"2000","worldBank/SH_DTH_INJR_60UP_ZS","187","[Percent]","[WorldBank_WDI_CSV]","[]","[P1Y]"
"1960","worldBank/FM_LBL_BMNY_GD_ZS","169","[Percent]","[WorldBank_WDI_CSV]","[]","[P1Y]"
"2000","worldBank/BI_EMP_PUBS_FE_TN_ZS","111","[Percent]","[WorldBank_WDI_CSV]","[]","[P1Y]"
"1994","worldBank/UIS_REPR_2_GPV_G3","170","[]","[WorldBank_WDI_CSV]","[]","[P1Y]"
"1994","worldBank/UIS_REPR_2_GPV_G4","82","[]","[WorldBank_WDI_CSV]","[]","[P1Y]"
"2010","worldBank/HD_HCI_AMRT_FE","174","[]","[WorldBank_WDI_CSV]","[]","[P1Y]"
"1970","worldBank/EN_ATM_GHGO_KT_CE","208","[]","[WorldBank_WDI_CSV]","[]","[P1Y]"
"1994","worldBank/UIS_REPR_2_GPV_G1","187","[]","[WorldBank_WDI_CSV]","[]","[P1Y]"
"2010","worldBank/PRJ_MYS_2039_FE","167","[]","[WorldBank_WDI_CSV]","[]","[P1Y]"
"1994","worldBank/UIS_REPR_2_GPV_G2","184","[]","[WorldBank_WDI_CSV]","[]","[P1Y]"
"1960","worldBank/SP_DYN_IMRT_FE_IN","200","[]","[WorldBank_WDI_CSV]","[]","[P1Y]"
"1970","worldBank/SL_TLF_INTM_FE_ZS","187","[Percent]","[WorldBank_WDI_CSV]","[]","[P1Y]"
"1995","worldBank/BAR_SEC_CMPT_4549_ZS","144","[Percent]","[WorldBank_WDI_CSV]","[]","[P1Y]"
"1994","worldBank/UIS_OFST_3_F_CP","190","[]","[WorldBank_WDI_CSV]","[]","[P1Y]"
"1995","worldBank/BAR_PRM_SCHL_5054","144","[]","[WorldBank_WDI_CSV]","[]","[P1Y]"
"1970","worldBank/DT_DOD_DSTC_IR_ZS","114","[Percent]","[WorldBank_WDI_CSV]","[]","[P1Y]"
"1960","worldBank/BM_GSR_INSF_ZS","203","[Percent]","[WorldBank_WDI_CSV]","[]","[P1Y]"
"2000","worldBank/SH_ANM_ALLW_ZS","196","[Percent]","[WorldBank_WDI_CSV]","[]","[P1Y]"
"1990","worldBank/EN_ATM_PM25_MC_T2_ZS","194","[Percent]","[WorldBank_WDI_CSV]","[]","[P1Y]"
"1975","worldBank/SH_STA_OWAD_FE_ZS","200","[Percent]","[WorldBank_WDI_CSV]","[]","[P1Y]"
"1960","worldBank/NE_IMP_GNFS_KN","178","[]","[WorldBank_WDI_CSV]","[]","[P1Y]"
"1995","worldBank/BAR_SCHL_15UP","144","[]","[WorldBank_WDI_CSV]","[]","[P1Y]"
"1985","worldBank/SH_STA_MMRT","198","[]","[WorldBank_WDI_CSV]","[]","[P1Y]"
"1969","worldBank/DT_NFL_UNCR_CD","143","[USDollar]","[WorldBank_WDI_CSV]","[]","[P1Y]"
"1995","worldBank/BAR_SEC_ICMP_3034_ZS","144","[Percent]","[WorldBank_WDI_CSV]","[]","[P1Y]"
"2010","worldBank/PRJ_POP_2024_1_MA","167","[]","[WorldBank_WDI_CSV]","[]","[P1Y]"
"1960","worldBank/NE_IMP_GNFS_KD","188","[]","[WorldBank_WDI_CSV]","[]","[P1Y]"
"1979","worldBank/DT_NFL_IFAD_CD","130","[USDollar]","[WorldBank_WDI_CSV]","[]","[P1Y]"
"1990","worldBank/MS_MIL_TOTL_TF_ZS","176","[Percent]","[WorldBank_WDI_CSV]","[]","[P1Y]"
"2011","worldBank/ENF_CONT_COEN_ATFE_PR","213","[]","[WorldBank_WDI_CSV]","[]","[P1Y]"
"1970","worldBank/SL_UEM_BASC_MA_ZS","189","[Percent]","[WorldBank_WDI_CSV]","[]","[P1Y]"
"2000","worldBank/SH_PRV_SMOK","168","[]","[WorldBank_WDI_CSV]","[]","[P1Y]"
"1995","worldBank/BAR_PRM_ICMP_2529_ZS","144","[Percent]","[WorldBank_WDI_CSV]","[]","[P1Y]"
"1960","worldBank/BN_RES_INCL_CD","196","[USDollar]","[WorldBank_WDI_CSV]","[]","[P1Y]"
"1960","worldBank/SP_POP_2529_MA","221","[]","[WorldBank_WDI_CSV]","[]","[P1Y]"
"2010","worldBank/PRJ_POP_ALL_NED_MF","167","[]","[WorldBank_WDI_CSV]","[]","[P1Y]"
"1995","worldBank/BAR_TER_CMPT_4044_ZS","144","[Percent]","[WorldBank_WDI_CSV]","[]","[P1Y]"
"2000","worldBank/BI_PWK_PRVS_FE_Q4_ZS","114","[Percent]","[WorldBank_WDI_CSV]","[]","[P1Y]"
"2010","worldBank/PRJ_POP_ALL_NED_MA","167","[]","[WorldBank_WDI_CSV]","[]","[P1Y]"
"1995","worldBank/BAR_PRM_SCHL_7074_FE","144","[]","[WorldBank_WDI_CSV]","[]","[P1Y]"
"1960","worldBank/SP_POP_6569_MA","221","[]","[WorldBank_WDI_CSV]","[]","[P1Y]"
"1995","worldBank/BAR_TER_SCHL_1519_FE","144","[]","[WorldBank_WDI_CSV]","[]","[P1Y]"
"1995","worldBank/BAR_TER_ICMP_3034_ZS","144","[Percent]","[WorldBank_WDI_CSV]","[]","[P1Y]"
"2010","worldBank/PRJ_POP_2024_1_MF","167","[]","[WorldBank_WDI_CSV]","[]","[P1Y]"
"1960","worldBank/BX_GRT_TECH_CD_WD","180","[USDollar]","[WorldBank_WDI_CSV]","[]","[P1Y]"
"2010","worldBank/PRJ_ATT_60UP_3_MA","167","[]","[WorldBank_WDI_CSV]","[]","[P1Y]"
"1962","worldBank/NY_GNP_ATLS_CD","211","[USDollar]","[WorldBank_WDI_CSV]","[]","[P1Y]"
"1995","worldBank/BAR_NOED_4044_FE_ZS","144","[Percent]","[WorldBank_WDI_CSV]","[]","[P1Y]"
"1995","worldBank/BAR_SCHL_5559_FE","144","[]","[WorldBank_WDI_CSV]","[]","[P1Y]"
"1962","worldBank/ER_H2O_FWTL_K3","185","[]","[WorldBank_WDI_CSV]","[]","[P1Y]"
"2010","worldBank/PRJ_ATT_60UP_3_MF","167","[]","[WorldBank_WDI_CSV]","[]","[P1Y]"
"1995","worldBank/BAR_SEC_SCHL_6064","144","[]","[WorldBank_WDI_CSV]","[]","[P1Y]"
"2010","worldBank/PRJ_ATT_2529_1_MA","167","[]","[WorldBank_WDI_CSV]","[]","[P1Y]"
"2010","worldBank/PRJ_ATT_2529_1_MF","167","[]","[WorldBank_WDI_CSV]","[]","[P1Y]"
"1961","worldBank/AG_PRD_CREL_MT","186","[MetricTon]","[WorldBank_WDI_CSV]","[]","[P1Y]"
"2010","worldBank/PRJ_MYS_2064_FE","167","[]","[WorldBank_WDI_CSV]","[]","[P1Y]"
"2013","worldBank/DT_NFL_FAOG_CD","142","[USDollar]","[WorldBank_WDI_CSV]","[]","[P1Y]"
"1995","worldBank/BAR_SCHL_2529","144","[]","[WorldBank_WDI_CSV]","[]","[P1Y]"
"2010","worldBank/PRJ_POP_ALL_1_MA","167","[]","[WorldBank_WDI_CSV]","[]","[P1Y]"
"1990","worldBank/CM_MKT_INDX_ZG","84","[]","[WorldBank_WDI_CSV]","[]","[P1Y]"
"1961","worldBank/AG_LND_AGRI_K2","214","[]","[WorldBank_WDI_CSV]","[]","[P1Y]"
"1995","worldBank/BAR_TER_SCHL_5559_FE","144","[]","[WorldBank_WDI_CSV]","[]","[P1Y]"
"2000","worldBank/SH_STA_SUIC_P5","189","[]","[WorldBank_WDI_CSV]","[]","[P1Y]"
"1998","worldBank/UIS_GTVP_4_V","142","[]","[WorldBank_WDI_CSV]","[]","[P1Y]"
"1960","worldBank/DC_DAC_NLDL_CD","173","[USDollar]","[WorldBank_WDI_CSV]","[]","[P1Y]"
"1970","worldBank/NY_ADJ_DCO2_CD","209","[USDollar]","[WorldBank_WDI_CSV]","[]","[P1Y]"
"1990","worldBank/EN_ATM_HFCG_KT_CE","142","[]","[WorldBank_WDI_CSV]","[]","[P1Y]"
"1972","worldBank/GC_TAX_GSRV_VA_ZS","157","[Percent]","[WorldBank_WDI_CSV]","[]","[P1Y]"
"2010","worldBank/PRJ_POP_ALL_1_MF","167","[]","[WorldBank_WDI_CSV]","[]","[P1Y]"
"1995","worldBank/BAR_SEC_CMPT_3034_FE_ZS","144","[Percent]","[WorldBank_WDI_CSV]","[]","[P1Y]"
"1960","worldBank/NE_GDI_TOTL_CN","185","[]","[WorldBank_WDI_CSV]","[]","[P1Y]"
"1960","worldBank/BN_CAB_XOKA_GD_ZS","200","[Percent]","[WorldBank_WDI_CSV]","[]","[P1Y]"
"1995","worldBank/BAR_POP_3034","144","[]","[WorldBank_WDI_CSV]","[]","[P1Y]"
"1960","worldBank/NE_GDI_TOTL_CD","189","[USDollar]","[WorldBank_WDI_CSV]","[]","[P1Y]"
"1994","worldBank/UIS_R_1_G3_F","193","[]","[WorldBank_WDI_CSV]","[]","[P1Y]"
"1996","worldBank/CC_STD_ERR","205","[]","[WorldBank_WDI_CSV]","[]","[P1Y]"
"2010","worldBank/PRJ_ATT_4064_2_MF","167","[]","[WorldBank_WDI_CSV]","[]","[P1Y]"
"1970","worldBank/SL_UEM_INTM_FE_ZS","190","[Percent]","[WorldBank_WDI_CSV]","[]","[P1Y]"
"2010","worldBank/PRJ_ATT_2024_4_FE","167","[]","[WorldBank_WDI_CSV]","[]","[P1Y]"
"2010","worldBank/PRJ_ATT_4064_2_MA","167","[]","[WorldBank_WDI_CSV]","[]","[P1Y]"
"1960","worldBank/SP_POP_5054_FE","221","[]","[WorldBank_WDI_CSV]","[]","[P1Y]"
"1967","worldBank/FR_INR_LNDP","142","[]","[WorldBank_WDI_CSV]","[]","[P1Y]"
"2010","worldBank/PRJ_ATT_ALL_2_MF","167","[]","[WorldBank_WDI_CSV]","[]","[P1Y]"
"2010","worldBank/PRJ_POP_2529_2_FE","167","[]","[WorldBank_WDI_CSV]","[]","[P1Y]"
"1994","worldBank/UIS_EA_2T6_AG25T99","160","[]","[WorldBank_WDI_CSV]","[]","[P1Y]"
"1994","worldBank/UIS_SLE_23_GPI","203","[]","[WorldBank_WDI_CSV]","[]","[P1Y]"
"1960","worldBank/BM_GSR_GNFS_CD","200","[USDollar]","[WorldBank_WDI_CSV]","[]","[P1Y]"
"2010","worldBank/PRJ_ATT_ALL_2_MA","167","[]","[WorldBank_WDI_CSV]","[]","[P1Y]"
"1970","worldBank/NY_ADJ_NNAT_CD","177","[USDollar]","[WorldBank_WDI_CSV]","[]","[P1Y]"
"1996","worldBank/SH_HIV_KNOW_MA_ZS","88","[Percent]","[WorldBank_WDI_CSV]","[]","[P1Y]"
"1960","worldBank/BX_PEF_TOTL_CD_WD","190","[USDollar]","[WorldBank_WDI_CSV]","[]","[P1Y]"
"1994","worldBank/UIS_SLE_123_M","206","[]","[WorldBank_WDI_CSV]","[]","[P1Y]"
"1995","worldBank/BAR_PRM_SCHL_3034_FE","144","[]","[WorldBank_WDI_CSV]","[]","[P1Y]"
"2010","worldBank/HD_HCI_LAYS","174","[]","[WorldBank_WDI_CSV]","[]","[P1Y]"
"2010","worldBank/PRJ_ATT_15UP_4_MA","167","[]","[WorldBank_WDI_CSV]","[]","[P1Y]"
"1994","worldBank/UIS_SLE_123_F","206","[]","[WorldBank_WDI_CSV]","[]","[P1Y]"
"1995","worldBank/BAR_PRM_SCHL_75UP","144","[]","[WorldBank_WDI_CSV]","[]","[P1Y]"
"2010","worldBank/PRJ_ATT_15UP_4_MF","167","[]","[WorldBank_WDI_CSV]","[]","[P1Y]"
"1990","worldBank/GFDD_DI_09","164","[]","[WorldBank_WDI_CSV]","[]","[P1Y]"
"1960","worldBank/DC_DAC_FRAL_CD","180","[USDollar]","[WorldBank_WDI_CSV]","[]","[P1Y]"
"1960","worldBank/GFDD_DI_05","185","[]","[WorldBank_WDI_CSV]","[]","[P1Y]"
"1994","worldBank/UIS_NERT_1_GPI","200","[]","[WorldBank_WDI_CSV]","[]","[P1Y]"
"1961","worldBank/EN_POP_DNST","220","[]","[WorldBank_WDI_CSV]","[]","[P1Y]"
"2010","worldBank/HD_HCI_AMRT_MA","174","[]","[WorldBank_WDI_CSV]","[]","[P1Y]"
"1960","worldBank/GFDD_DI_06","182","[]","[WorldBank_WDI_CSV]","[]","[P1Y]"
"1993","worldBank/GFDD_DI_07","81","[]","[WorldBank_WDI_CSV]","[]","[P1Y]"
"1960","worldBank/GFDD_DI_08","184","[]","[WorldBank_WDI_CSV]","[]","[P1Y]"
"1970","worldBank/NY_ADJ_DFOR_GN_ZS","190","[Percent]","[WorldBank_WDI_CSV]","[]","[P1Y]"
"1995","worldBank/BAR_SEC_SCHL_1519_FE","144","[]","[WorldBank_WDI_CSV]","[]","[P1Y]"
"1995","worldBank/BAR_POP_6569","144","[]","[WorldBank_WDI_CSV]","[]","[P1Y]"
"1961","worldBank/NY_GNP_MKTP_KD_ZG","170","[]","[WorldBank_WDI_CSV]","[]","[P1Y]"
"1994","worldBank/UIS_REPR_1_G1_F","188","[]","[WorldBank_WDI_CSV]","[]","[P1Y]"
"1994","worldBank/UIS_SLE_12","207","[]","[WorldBank_WDI_CSV]","[]","[P1Y]"
"1994","worldBank/UIS_R_2_GPV","199","[]","[WorldBank_WDI_CSV]","[]","[P1Y]"
"1960","worldBank/SP_POP_AG02_FE_IN","217","[]","[WorldBank_WDI_CSV]","[]","[P1Y]"
"1994","worldBank/UIS_REPR_1_G1_M","188","[]","[WorldBank_WDI_CSV]","[]","[P1Y]"
"1960","worldBank/GFDD_DI_12","186","[]","[WorldBank_WDI_CSV]","[]","[P1Y]"
"1990","worldBank/GFDD_DI_13","95","[]","[WorldBank_WDI_CSV]","[]","[P1Y]"
"1960","worldBank/GFDD_DI_14","186","[]","[WorldBank_WDI_CSV]","[]","[P1Y]"
"1984","worldBank/HF_UHC_NOP3_ZS","149","[Percent]","[WorldBank_WDI_CSV]","[]","[P1Y]"
"1960","worldBank/SH_DTH_IMRT_MA","200","[]","[WorldBank_WDI_CSV]","[]","[P1Y]"
"1990","worldBank/GFDD_DI_10","167","[]","[WorldBank_WDI_CSV]","[]","[P1Y]"
"1980","worldBank/GFDD_DI_11","145","[]","[WorldBank_WDI_CSV]","[]","[P1Y]"
"1961","worldBank/ER_H2O_INTR_PC","187","[]","[WorldBank_WDI_CSV]","[]","[P1Y]"
"2010","worldBank/PRJ_ATT_1519_NED_MA","167","[]","[WorldBank_WDI_CSV]","[]","[P1Y]"
"2010","worldBank/PRJ_POP_1519_NED_MF","167","[]","[WorldBank_WDI_CSV]","[]","[P1Y]"
"2010","worldBank/PRJ_POP_1519_NED_MA","167","[]","[WorldBank_WDI_CSV]","[]","[P1Y]"
"2010","worldBank/PRJ_ATT_1519_NED_MF","167","[]","[WorldBank_WDI_CSV]","[]","[P1Y]"
"1960","worldBank/NE_GDI_FTOT_KN","168","[]","[WorldBank_WDI_CSV]","[]","[P1Y]"
"1990","worldBank/EG_FEC_RNEW_ZS","216","[Percent]","[WorldBank_WDI_CSV]","[]","[P1Y]"
"2000","worldBank/SH_DTH_COMM_FE_ZS","187","[Percent]","[WorldBank_WDI_CSV]","[]","[P1Y]"
"1960","worldBank/TX_VAL_MRCH_OR_ZS","209","[Percent]","[WorldBank_WDI_CSV]","[]","[P1Y]"
"1960","worldBank/NE_GDI_FTOT_KD","176","[]","[WorldBank_WDI_CSV]","[]","[P1Y]"
"1995","worldBank/BAR_PRM_CMPT_7074_FE_ZS","144","[Percent]","[WorldBank_WDI_CSV]","[]","[P1Y]"
"1995","worldBank/BAR_PRM_ICMP_2024_ZS","144","[Percent]","[WorldBank_WDI_CSV]","[]","[P1Y]"
"2000","worldBank/BI_PWK_PUBS_FE_Q5_ZS","113","[Percent]","[WorldBank_WDI_CSV]","[]","[P1Y]"
"1961","worldBank/NY_GDP_MKTP_KD_ZG","218","[]","[WorldBank_WDI_CSV]","[]","[P1Y]"
"1960","worldBank/GFDD_DI_01","186","[]","[WorldBank_WDI_CSV]","[]","[P1Y]"
"1960","worldBank/GFDD_DI_02","186","[]","[WorldBank_WDI_CSV]","[]","[P1Y]"
"1960","worldBank/GFDD_DI_03","83","[]","[WorldBank_WDI_CSV]","[]","[P1Y]"
"1960","worldBank/GFDD_DI_04","182","[]","[WorldBank_WDI_CSV]","[]","[P1Y]"
"1995","worldBank/BAR_SEC_ICMP_6569_FE_ZS","144","[Percent]","[WorldBank_WDI_CSV]","[]","[P1Y]"
"1972","worldBank/GC_XPN_COMP_ZS","161","[Percent]","[WorldBank_WDI_CSV]","[]","[P1Y]"
"1960","worldBank/FR_INR_LEND","148","[Percent]","[WorldBank_WDI_CSV]","[]","[P1Y]"
"2000","worldBank/per_sa_allsa_cov_q4_tot","121","[]","[WorldBank_WDI_CSV]","[]","[P1Y]"
"2010","worldBank/PRJ_ATT_80UP_4_FE","167","[]","[WorldBank_WDI_CSV]","[]","[P1Y]"
"2011","worldBank/FX_OWN_TOTL_MA_ZS","162","[Percent]","[WorldBank_WDI_CSV]","[]","[P1Y]"
"1995","worldBank/BAR_SCHL_6064","144","[]","[WorldBank_WDI_CSV]","[]","[P1Y]"
"1995","worldBank/BAR_NOED_2529_ZS","144","[Percent]","[WorldBank_WDI_CSV]","[]","[P1Y]"
"2010","worldBank/PRJ_ATT_80UP_NED_MA","167","[]","[WorldBank_WDI_CSV]","[]","[P1Y]"
"2010","worldBank/PRJ_ATT_2039_S1_FE","167","[]","[WorldBank_WDI_CSV]","[]","[P1Y]"
"2010","worldBank/PRJ_ATT_2529_1_FE","167","[]","[WorldBank_WDI_CSV]","[]","[P1Y]"
"1960","worldBank/TX_VAL_MRCH_R3_ZS","209","[Percent]","[WorldBank_WDI_CSV]","[]","[P1Y]"
"1970","worldBank/DT_TDS_DPPG_CD","123","[USDollar]","[WorldBank_WDI_CSV]","[]","[P1Y]"
"2010","worldBank/PRJ_ATT_60UP_3_FE","167","[]","[WorldBank_WDI_CSV]","[]","[P1Y]"
"2010","worldBank/PRJ_POP_1519_2_MF","167","[]","[WorldBank_WDI_CSV]","[]","[P1Y]"
"1960","worldBank/BX_GSR_CCIS_CD","194","[USDollar]","[WorldBank_WDI_CSV]","[]","[P1Y]"
"2000","worldBank/EG_CFT_ACCS_ZS","193","[Percent]","[WorldBank_WDI_CSV]","[]","[P1Y]"
"1960","worldBank/NE_DAB_TOTL_ZS","184","[Percent]","[WorldBank_WDI_CSV]","[]","[P1Y]"
"1972","worldBank/GC_XPN_TRFT_ZS","158","[Percent]","[WorldBank_WDI_CSV]","[]","[P1Y]"
"1995","worldBank/BAR_SEC_SCHL_5559_FE","144","[]","[WorldBank_WDI_CSV]","[]","[P1Y]"
"2000","worldBank/BI_WAG_PUBS_TN","98","[]","[WorldBank_WDI_CSV]","[]","[P1Y]"
"1995","worldBank/BAR_SEC_SCHL_2529","144","[]","[WorldBank_WDI_CSV]","[]","[P1Y]"
"1995","worldBank/BAR_PRM_ICMP_6064_ZS","144","[Percent]","[WorldBank_WDI_CSV]","[]","[P1Y]"
"1970","worldBank/SE_SEC_ENRR","212","[]","[WorldBank_WDI_CSV]","[]","[P1Y]"
"1976","worldBank/SL_TLF_PART_FE_ZS","174","[Percent]","[WorldBank_WDI_CSV]","[]","[P1Y]"
"2000","worldBank/EN_LND_LTMP_DC","192","[Celsius]","[WorldBank_WDI_CSV]","[]","[P1Y]"
"1991","worldBank/SL_UEM_TOTL_FE_ZS","191","[Percent]","[WorldBank_WDI_CSV]","[]","[P1Y]"
"1970","worldBank/SE_PRM_NENR","201","[]","[WorldBank_WDI_CSV]","[]","[P1Y]"
"1996","worldBank/GE_PER_RNK","205","[]","[WorldBank_WDI_CSV]","[]","[P1Y]"
"1995","worldBank/BAR_PRM_CMPT_6064_ZS","144","[Percent]","[WorldBank_WDI_CSV]","[]","[P1Y]"
"1960","worldBank/FP_CPI_TOTL_ZG","197","[]","[WorldBank_WDI_CSV]","[]","[P1Y]"
"2000","worldBank/SH_DYN_NCOM_FE_ZS","189","[Percent]","[WorldBank_WDI_CSV]","[]","[P1Y]"
"2010","worldBank/PRJ_POP_1519_2_MA","167","[]","[WorldBank_WDI_CSV]","[]","[P1Y]"
"1985","worldBank/SP_M15_2024_FE_ZS","138","[Percent]","[WorldBank_WDI_CSV]","[]","[P1Y]"
"1995","worldBank/BAR_SEC_SCHL_15UP","144","[]","[WorldBank_WDI_CSV]","[]","[P1Y]"
"1991","worldBank/SL_EMP_WORK_MA_ZS","191","[Percent]","[WorldBank_WDI_CSV]","[]","[P1Y]"
"1960","worldBank/BM_TRF_PRVT_CD","200","[USDollar]","[WorldBank_WDI_CSV]","[]","[P1Y]"
"1960","worldBank/EN_URB_MCTY_TL_ZS","125","[Percent]","[WorldBank_WDI_CSV]","[]","[P1Y]"
"1960","worldBank/SP_POP_6569_FE","221","[]","[WorldBank_WDI_CSV]","[]","[P1Y]"
"2010","worldBank/PRJ_ATT_15UP_4_FE","167","[]","[WorldBank_WDI_CSV]","[]","[P1Y]"
"1960","worldBank/SP_POP_65UP_TO_ZS","221","[Percent]","[WorldBank_WDI_CSV]","[]","[P1Y]"
"1994","worldBank/UIS_ROFST_3_F_CP","190","[]","[WorldBank_WDI_CSV]","[]","[P1Y]"
"2010","worldBank/PRJ_ATT_2039_2_FE","167","[]","[WorldBank_WDI_CSV]","[]","[P1Y]"
"1995","worldBank/BAR_TER_CMPT_5054_FE_ZS","144","[Percent]","[WorldBank_WDI_CSV]","[]","[P1Y]"
"1970","worldBank/DT_DOD_DECT_CD","122","[USDollar]","[WorldBank_WDI_CSV]","[]","[P1Y]"
"1995","worldBank/BAR_TER_CMPT_2529_FE_ZS","144","[Percent]","[WorldBank_WDI_CSV]","[]","[P1Y]"
"1994","worldBank/UIS_SAP_CE","198","[]","[WorldBank_WDI_CSV]","[]","[P1Y]"
"1970","worldBank/DT_NFL_MOTH_CD","122","[USDollar]","[WorldBank_WDI_CSV]","[]","[P1Y]"
"1984","worldBank/HF_UHC_NOP4_CG","149","[]","[WorldBank_WDI_CSV]","[]","[P1Y]"
"2001","worldBank/FD_RES_LIQU_AS_ZS","154","[Percent]","[WorldBank_WDI_CSV]","[]","[P1Y]"
"2000","worldBank/SH_DTH_NCOM_0514_MA_ZS","187","[Percent]","[WorldBank_WDI_CSV]","[]","[P1Y]"
"1960","worldBank/TX_VAL_MRCH_WL_CD","209","[USDollar]","[WorldBank_WDI_CSV]","[]","[P1Y]"
"1986","worldBank/SH_STA_MALN_FE_ZS","159","[Percent]","[WorldBank_WDI_CSV]","[]","[P1Y]"
"1990","worldBank/SG_POP_MIGR_FE_ZS","219","[Percent]","[WorldBank_WDI_CSV]","[]","[P1Y]"
"2004","worldBank/IP_TMK_NRCT","161","[]","[WorldBank_WDI_CSV]","[]","[P1Y]"
"1961","worldBank/AG_LND_ARBL_HA","206","[]","[WorldBank_WDI_CSV]","[]","[P1Y]"
"2011","worldBank/account_t_d_1","162","[]","[WorldBank_WDI_CSV]","[]","[P1Y]"
"2011","worldBank/account_t_d_2","162","[]","[WorldBank_WDI_CSV]","[]","[P1Y]"
"2011","worldBank/account_t_d_3","162","[]","[WorldBank_WDI_CSV]","[]","[P1Y]"
"2010","worldBank/PRJ_ATT_15UP_S1_MF","167","[]","[WorldBank_WDI_CSV]","[]","[P1Y]"
"2011","worldBank/account_t_d_4","162","[]","[WorldBank_WDI_CSV]","[]","[P1Y]"
"2011","worldBank/account_t_d_5","162","[]","[WorldBank_WDI_CSV]","[]","[P1Y]"
"1995","worldBank/UIS_XSPENDP_FDPUB_FNCAP","171","[]","[WorldBank_WDI_CSV]","[]","[P1Y]"
"2011","worldBank/account_t_d_6","162","[]","[WorldBank_WDI_CSV]","[]","[P1Y]"
"2011","worldBank/account_t_d_7","161","[]","[WorldBank_WDI_CSV]","[]","[P1Y]"
"1961","worldBank/AG_YLD_CREL_KG","185","[]","[WorldBank_WDI_CSV]","[]","[P1Y]"
"2011","worldBank/account_t_d_8","161","[]","[WorldBank_WDI_CSV]","[]","[P1Y]"
"1995","worldBank/EF_EFM_OVRL_XD","149","[]","[WorldBank_WDI_CSV]","[]","[P1Y]"
"1985","worldBank/SH_STA_MMRT_NE","111","[]","[WorldBank_WDI_CSV]","[]","[P1Y]"
"1970","worldBank/DT_NFL_RDBC_CD","98","[USDollar]","[WorldBank_WDI_CSV]","[]","[P1Y]"
"2010","worldBank/PRJ_ATT_80UP_NED_MF","167","[]","[WorldBank_WDI_CSV]","[]","[P1Y]"
"1970","worldBank/DT_DOD_MWBG_CD","123","[USDollar]","[WorldBank_WDI_CSV]","[]","[P1Y]"
"1960","worldBank/EN_ATM_CO2E_SF_KT","211","[]","[WorldBank_WDI_CSV]","[]","[P1Y]"
"2000","worldBank/BI_PWK_PUBS_FE_Q1_ZS","114","[Percent]","[WorldBank_WDI_CSV]","[]","[P1Y]"
"1960","worldBank/SP_POP_1014_FE","221","[]","[WorldBank_WDI_CSV]","[]","[P1Y]"
"1960","worldBank/SP_DYN_TO65_MA_ZS","221","[Percent]","[WorldBank_WDI_CSV]","[]","[P1Y]"
"1994","worldBank/UIS_ROFST_3_CP","194","[]","[WorldBank_WDI_CSV]","[]","[P1Y]"
"2010","worldBank/PRJ_ATT_15UP_S1_MA","167","[]","[WorldBank_WDI_CSV]","[]","[P1Y]"
"1998","worldBank/UIS_GTVP_4_V_F","135","[]","[WorldBank_WDI_CSV]","[]","[P1Y]"
"1990","worldBank/EN_ATM_PM25_MC_M3","204","[]","[WorldBank_WDI_CSV]","[]","[P1Y]"
"2010","worldBank/PRJ_ATT_25UP_4_FE","167","[]","[WorldBank_WDI_CSV]","[]","[P1Y]"
"1960","worldBank/NE_GDI_TOTL_KD","180","[]","[WorldBank_WDI_CSV]","[]","[P1Y]"
"1998","worldBank/UIS_GTVP_4_V_M","136","[]","[WorldBank_WDI_CSV]","[]","[P1Y]"
"1968","worldBank/DT_NFL_UNDP_CD","184","[USDollar]","[WorldBank_WDI_CSV]","[]","[P1Y]"
"2000","worldBank/SH_DTH_NCOM_0004_MA_ZS","187","[Percent]","[WorldBank_WDI_CSV]","[]","[P1Y]"
"2010","worldBank/PRJ_POP_2024_1_FE","167","[]","[WorldBank_WDI_CSV]","[]","[P1Y]"
"1960","worldBank/SP_POP_0014_TO_ZS","221","[Percent]","[WorldBank_WDI_CSV]","[]","[P1Y]"
"1970","worldBank/DT_DOD_DECT_GN_ZS","122","[Percent]","[WorldBank_WDI_CSV]","[]","[P1Y]"
"1960","worldBank/DC_ODA_TOTL_GN_ZS","32","[Percent]","[WorldBank_WDI_CSV]","[]","[P1Y]"
"1991","worldBank/EN_ATM_METH_ZG","208","[]","[WorldBank_WDI_CSV]","[]","[P1Y]"
"2010","worldBank/HD_HCI_OVRL_LB_MA","163","[]","[WorldBank_WDI_CSV]","[]","[P1Y]"
"1995","worldBank/BAR_TER_ICMP_4549_ZS","144","[Percent]","[WorldBank_WDI_CSV]","[]","[P1Y]"
"1960","worldBank/NV_IND_MANF_CD","207","[USDollar]","[WorldBank_WDI_CSV]","[]","[P1Y]"
"2000","worldBank/SH_DTH_INJR_1559_MA_ZS","187","[Percent]","[WorldBank_WDI_CSV]","[]","[P1Y]"
"1984","worldBank/GFDD_SM_01","87","[]","[WorldBank_WDI_CSV]","[]","[P1Y]"
"1960","worldBank/NE_GDI_TOTL_KN","173","[]","[WorldBank_WDI_CSV]","[]","[P1Y]"
"1960","worldBank/SP_POP_5054_MA","221","[]","[WorldBank_WDI_CSV]","[]","[P1Y]"
"2011","worldBank/FX_OWN_TOTL_FE_ZS","162","[Percent]","[WorldBank_WDI_CSV]","[]","[P1Y]"
"2000","worldBank/BI_PWK_PUBS_UM_ZS","25","[Percent]","[WorldBank_WDI_CSV]","[]","[P1Y]"
"2000","worldBank/SH_STA_SUIC_FE_P5","189","[]","[WorldBank_WDI_CSV]","[]","[P1Y]"
"1994","worldBank/UIS_E_2_F","213","[]","[WorldBank_WDI_CSV]","[]","[P1Y]"
"1995","worldBank/UIS_EA_5T8_AG25T99_F","159","[]","[WorldBank_WDI_CSV]","[]","[P1Y]"
"1995","worldBank/BAR_SEC_ICMP_1519_FE_ZS","144","[Percent]","[WorldBank_WDI_CSV]","[]","[P1Y]"
"1990","worldBank/NY_ADJ_SVNG_GN_ZS","164","[Percent]","[WorldBank_WDI_CSV]","[]","[P1Y]"
"1991","worldBank/NV_AGR_EMPL_KD","183","[]","[WorldBank_WDI_CSV]","[]","[P1Y]"
"1995","worldBank/BAR_NOED_5559_FE_ZS","144","[Percent]","[WorldBank_WDI_CSV]","[]","[P1Y]"
"1990","worldBank/NY_GNP_MKTP_PC_CD","211","[USDollar]","[WorldBank_WDI_CSV]","[]","[P1Y]"
"1970","worldBank/GFDD_OI_19","214","[]","[WorldBank_WDI_CSV]","[]","[P1Y]"
"1994","worldBank/SE_SEC_ENRL_VO_ZS","207","[Percent]","[WorldBank_WDI_CSV]","[]","[P1Y]"
"2007","worldBank/GFDD_OI_18","82","[]","[WorldBank_WDI_CSV]","[]","[P1Y]"
"2004","worldBank/GFDD_OI_17","78","[]","[WorldBank_WDI_CSV]","[]","[P1Y]"
"2005","worldBank/GFDD_OI_16","136","[]","[WorldBank_WDI_CSV]","[]","[P1Y]"
"1995","worldBank/GFDD_OI_15","137","[]","[WorldBank_WDI_CSV]","[]","[P1Y]"
"2010","worldBank/PRJ_ATT_4064_2_FE","167","[]","[WorldBank_WDI_CSV]","[]","[P1Y]"
"1983","worldBank/GFDD_OI_14","182","[]","[WorldBank_WDI_CSV]","[]","[P1Y]"
"1970","worldBank/GFDD_OI_13","197","[]","[WorldBank_WDI_CSV]","[]","[P1Y]"
"1995","worldBank/GFDD_OI_12","181","[]","[WorldBank_WDI_CSV]","[]","[P1Y]"
"1970","worldBank/EN_ATM_METH_EG_ZS","213","[Percent]","[WorldBank_WDI_CSV]","[]","[P1Y]"
"2000","worldBank/SH_STA_ODFC_UR_ZS","186","[Percent]","[WorldBank_WDI_CSV]","[]","[P1Y]"
"1995","worldBank/GFDD_OI_11","181","[]","[WorldBank_WDI_CSV]","[]","[P1Y]"
"1984","worldBank/IE_PPI_TRAN_CD","95","[USDollar]","[WorldBank_WDI_CSV]","[]","[P1Y]"
"1995","worldBank/GFDD_OI_10","181","[]","[WorldBank_WDI_CSV]","[]","[P1Y]"
"1991","worldBank/SL_EMP_MPYR_MA_ZS","191","[Percent]","[WorldBank_WDI_CSV]","[]","[P1Y]"
"1991","worldBank/SL_EMP_1524_SP_MA_ZS","191","[Percent]","[WorldBank_WDI_CSV]","[]","[P1Y]"
"1995","worldBank/UIS_EA_5T8_AG25T99_M","159","[]","[WorldBank_WDI_CSV]","[]","[P1Y]"
"1998","worldBank/UIS_FEP_4_V","135","[]","[WorldBank_WDI_CSV]","[]","[P1Y]"
"1996","worldBank/CC_PER_RNK","205","[]","[WorldBank_WDI_CSV]","[]","[P1Y]"
"1998","worldBank/UIS_TRTP_2_M","111","[]","[WorldBank_WDI_CSV]","[]","[P1Y]"
"1995","worldBank/BAR_TER_ICMP_3539_FE_ZS","144","[Percent]","[WorldBank_WDI_CSV]","[]","[P1Y]"
"2010","worldBank/PRJ_POP_2529_2_MF","167","[]","[WorldBank_WDI_CSV]","[]","[P1Y]"
"2010","worldBank/PRJ_POP_1519_2_FE","167","[]","[WorldBank_WDI_CSV]","[]","[P1Y]"
"1991","worldBank/EN_ATM_GHGT_ZG","207","[]","[WorldBank_WDI_CSV]","[]","[P1Y]"
"2000","worldBank/SH_DTH_COMM_0514_FE_ZS","186","[Percent]","[WorldBank_WDI_CSV]","[]","[P1Y]"
"2010","worldBank/PRJ_POP_2529_2_MA","167","[]","[WorldBank_WDI_CSV]","[]","[P1Y]"
"1998","worldBank/UIS_TRTP_2_F","111","[]","[WorldBank_WDI_CSV]","[]","[P1Y]"
"1972","worldBank/GC_TAX_INTT_RV_ZS","163","[Percent]","[WorldBank_WDI_CSV]","[]","[P1Y]"
"1962","worldBank/GFDD_OI_09","146","[]","[WorldBank_WDI_CSV]","[]","[P1Y]"
"1962","worldBank/GFDD_OI_08","128","[]","[WorldBank_WDI_CSV]","[]","[P1Y]"
"1960","worldBank/GFDD_OI_07","187","[]","[WorldBank_WDI_CSV]","[]","[P1Y]"
"1990","worldBank/EN_CLC_GHGR_MT_CE","162","[]","[WorldBank_WDI_CSV]","[]","[P1Y]"
"2000","worldBank/GFDD_OI_06","160","[]","[WorldBank_WDI_CSV]","[]","[P1Y]"
"2010","worldBank/IT_NET_SECR_P6","219","[]","[WorldBank_WDI_CSV]","[]","[P1Y]"
"1960","worldBank/GFDD_OI_02","184","[]","[WorldBank_WDI_CSV]","[]","[P1Y]"
"1995","worldBank/BAR_POP_7074_FE","144","[]","[WorldBank_WDI_CSV]","[]","[P1Y]"
"2000","worldBank/GFDD_OI_01","177","[]","[WorldBank_WDI_CSV]","[]","[P1Y]"
"1990","worldBank/SH_FPL_SATI_ZS","78","[Percent]","[WorldBank_WDI_CSV]","[]","[P1Y]"
"2000","worldBank/SH_DTH_COMM_ZS","187","[Percent]","[WorldBank_WDI_CSV]","[]","[P1Y]"
"2011","worldBank/i_ATMs_pop","185","[]","[WorldBank_WDI_CSV]","[]","[P1Y]"
"1995","worldBank/BAR_SCHL_2024_FE","144","[]","[WorldBank_WDI_CSV]","[]","[P1Y]"
"1980","worldBank/SP_RUR_TOTL_FE_ZS","197","[Percent]","[WorldBank_WDI_CSV]","[]","[P1Y]"
"1995","worldBank/BAR_TER_CMPT_1519_ZS","144","[Percent]","[WorldBank_WDI_CSV]","[]","[P1Y]"
"1961","worldBank/NE_CON_GOVT_KD_ZG","178","[]","[WorldBank_WDI_CSV]","[]","[P1Y]"
"2000","worldBank/SH_DTH_NCOM_60UP_MA_ZS","187","[Percent]","[WorldBank_WDI_CSV]","[]","[P1Y]"
"1994","worldBank/UIS_OFST_2","191","[]","[WorldBank_WDI_CSV]","[]","[P1Y]"
"1994","worldBank/UIS_EA_2_AG25T99","160","[]","[WorldBank_WDI_CSV]","[]","[P1Y]"
"1960","worldBank/BX_GSR_CMCP_ZS","202","[Percent]","[WorldBank_WDI_CSV]","[]","[P1Y]"
"1995","worldBank/BAR_TER_SCHL_4549","144","[]","[WorldBank_WDI_CSV]","[]","[P1Y]"
"1960","worldBank/SL_EMP_1524_SP_FE_NE_ZS","199","[Percent]","[WorldBank_WDI_CSV]","[]","[P1Y]"
"2010","worldBank/PRJ_ATT_25UP_3_MF","167","[]","[WorldBank_WDI_CSV]","[]","[P1Y]"
"1961","worldBank/NY_GNP_PCAP_KD_ZG","172","[]","[WorldBank_WDI_CSV]","[]","[P1Y]"
"1971","worldBank/NY_ADJ_NNTY_KD_ZG","162","[]","[WorldBank_WDI_CSV]","[]","[P1Y]"
"1975","worldBank/SH_STA_OWAD_ZS","200","[Percent]","[WorldBank_WDI_CSV]","[]","[P1Y]"
"1969","worldBank/DT_NFL_WFPG_CD","148","[USDollar]","[WorldBank_WDI_CSV]","[]","[P1Y]"
"2003","worldBank/RESLV_ISV_DB1519_DFRN","213","[]","[WorldBank_WDI_CSV]","[]","[P1Y]"
"1994","worldBank/UIS_ILLPOP_AG25T64_F","164","[]","[WorldBank_WDI_CSV]","[]","[P1Y]"
"2000","worldBank/EG_EGY_PRIM_PP_KD","205","[]","[WorldBank_WDI_CSV]","[]","[P1Y]"
"2000","worldBank/BI_EMP_PUBS_FE_PN_ZS","113","[Percent]","[WorldBank_WDI_CSV]","[]","[P1Y]"
"1991","worldBank/SL_EMP_MPYR_ZS","191","[Percent]","[WorldBank_WDI_CSV]","[]","[P1Y]"
"1995","worldBank/UIS_XSPENDP_4_FDPUB_FNCUR","109","[]","[WorldBank_WDI_CSV]","[]","[P1Y]"
"1990","worldBank/DC_DAC_LUXL_CD","147","[USDollar]","[WorldBank_WDI_CSV]","[]","[P1Y]"
"1970","worldBank/DT_NFL_PRVT_CD","120","[USDollar]","[WorldBank_WDI_CSV]","[]","[P1Y]"
"2000","worldBank/BI_EMP_PWRK_PB_UR_ZS","133","[Percent]","[WorldBank_WDI_CSV]","[]","[P1Y]"
"1995","worldBank/BAR_SEC_ICMP_4549_ZS","144","[Percent]","[WorldBank_WDI_CSV]","[]","[P1Y]"
"1991","worldBank/SL_EMP_MPYR_FE_ZS","191","[Percent]","[WorldBank_WDI_CSV]","[]","[P1Y]"
"1961","worldBank/NV_IND_TOTL_KD_ZG","202","[]","[WorldBank_WDI_CSV]","[]","[P1Y]"
"2010","worldBank/PRJ_ATT_25UP_3_MA","167","[]","[WorldBank_WDI_CSV]","[]","[P1Y]"
"1961","worldBank/AG_LND_PRCP_MM","182","[]","[WorldBank_WDI_CSV]","[]","[P1Y]"
"1960","worldBank/FI_RES_TOTL_CD","182","[USDollar]","[WorldBank_WDI_CSV]","[]","[P1Y]"
"2010","worldBank/PRJ_ATT_1519_1_FE","167","[]","[WorldBank_WDI_CSV]","[]","[P1Y]"
"2000","worldBank/SH_DTH_NCOM_MA_ZS","187","[Percent]","[WorldBank_WDI_CSV]","[]","[P1Y]"
"1995","worldBank/BAR_NOED_2529_FE_ZS","144","[Percent]","[WorldBank_WDI_CSV]","[]","[P1Y]"
"1960","worldBank/DC_DAC_GBRL_CD","180","[USDollar]","[WorldBank_WDI_CSV]","[]","[P1Y]"
"2000","worldBank/BI_PWK_PRVS_RU_ZS","130","[Percent]","[WorldBank_WDI_CSV]","[]","[P1Y]"
"1999","worldBank/OECD_TSAL_1_E15","54","[]","[WorldBank_WDI_CSV]","[]","[P1Y]"
"1970","worldBank/SL_UEM_ADVN_FE_ZS","190","[Percent]","[WorldBank_WDI_CSV]","[]","[P1Y]"
"1972","worldBank/GC_TAX_INTT_CN","159","[]","[WorldBank_WDI_CSV]","[]","[P1Y]"
"1961","worldBank/NV_IND_MANF_KD_ZG","192","[]","[WorldBank_WDI_CSV]","[]","[P1Y]"
"1972","worldBank/GC_XPN_COMP_CN","159","[]","[WorldBank_WDI_CSV]","[]","[P1Y]"
"1995","worldBank/BAR_TER_CMPT_2024_FE_ZS","144","[Percent]","[WorldBank_WDI_CSV]","[]","[P1Y]"
"2000","worldBank/per_sa_allsa_cov_q2_tot","121","[]","[WorldBank_WDI_CSV]","[]","[P1Y]"
"1998","worldBank/SE_TER_GRAD_FE_OT_ZS","121","[Percent]","[WorldBank_WDI_CSV]","[]","[P1Y]"
"1961","worldBank/NE_GDI_FTOT_KD_ZG","170","[]","[WorldBank_WDI_CSV]","[]","[P1Y]"
"1998","worldBank/SE_TER_GRAD_FE_ED_ZS","154","[Percent]","[WorldBank_WDI_CSV]","[]","[P1Y]"
"2000","worldBank/BI_WAG_TOTL_GD_ZS","190","[Percent]","[WorldBank_WDI_CSV]","[]","[P1Y]"
"1994","worldBank/UIS_ILLPOP_AG25T64_M","164","[]","[WorldBank_WDI_CSV]","[]","[P1Y]"
"1995","worldBank/BAR_POP_25UP","144","[]","[WorldBank_WDI_CSV]","[]","[P1Y]"
"1970","worldBank/NY_GDP_TOTL_RT_ZS","218","[Percent]","[WorldBank_WDI_CSV]","[]","[P1Y]"
"1990","worldBank/SL_TLF_TOTL_MA_IN","53","[]","[WorldBank_WDI_CSV]","[]","[P1Y]"
"2000","worldBank/BI_PWK_PUBS_PR_ZS","131","[Percent]","[WorldBank_WDI_CSV]","[]","[P1Y]"
"1995","worldBank/BAR_PRM_CMPT_5559_FE_ZS","144","[Percent]","[WorldBank_WDI_CSV]","[]","[P1Y]"
"1972","worldBank/GC_REV_GOTR_CN","160","[]","[WorldBank_WDI_CSV]","[]","[P1Y]"
"1995","worldBank/BAR_SCHL_6064_FE","144","[]","[WorldBank_WDI_CSV]","[]","[P1Y]"
"2010","worldBank/HD_HCI_OVRL_UB","174","[]","[WorldBank_WDI_CSV]","[]","[P1Y]"
"2000","worldBank/SH_DTH_INJR_0514_FE_ZS","187","[Percent]","[WorldBank_WDI_CSV]","[]","[P1Y]"
"2011","worldBank/fin2_t_d_4","144","[]","[WorldBank_WDI_CSV]","[]","[P1Y]"
"2011","worldBank/fin2_t_d_3","144","[]","[WorldBank_WDI_CSV]","[]","[P1Y]"
"2011","worldBank/fin2_t_d_2","144","[]","[WorldBank_WDI_CSV]","[]","[P1Y]"
"2000","worldBank/SH_DTH_INJR_0004_MA_ZS","187","[Percent]","[WorldBank_WDI_CSV]","[]","[P1Y]"
"1960","worldBank/DC_DAC_AUTL_CD","167","[USDollar]","[WorldBank_WDI_CSV]","[]","[P1Y]"
"2011","worldBank/fin2_t_d_1","144","[]","[WorldBank_WDI_CSV]","[]","[P1Y]"
"1995","worldBank/BAR_SCHL_4044_FE","144","[]","[WorldBank_WDI_CSV]","[]","[P1Y]"
"2011","worldBank/fin2_t_d_8","144","[]","[WorldBank_WDI_CSV]","[]","[P1Y]"
"2003","worldBank/RESLV_ISV_RCOV_RT_016_DB1519_DFRN","213","[]","[WorldBank_WDI_CSV]","[]","[P1Y]"
"2011","worldBank/fin2_t_d_7","144","[]","[WorldBank_WDI_CSV]","[]","[P1Y]"
"2000","worldBank/SP_REG_BRTH_ZS","184","[Percent]","[WorldBank_WDI_CSV]","[]","[P1Y]"
"1960","worldBank/EN_URB_LCTY","153","[]","[WorldBank_WDI_CSV]","[]","[P1Y]"
"2011","worldBank/fin2_t_d_6","144","[]","[WorldBank_WDI_CSV]","[]","[P1Y]"
"2000","worldBank/BI_EMP_PWRK_PB_SN_ZS","113","[Percent]","[WorldBank_WDI_CSV]","[]","[P1Y]"
"2011","worldBank/fin2_t_d_5","144","[]","[WorldBank_WDI_CSV]","[]","[P1Y]"
"2010","worldBank/PRJ_ATT_80UP_4_MF","167","[]","[WorldBank_WDI_CSV]","[]","[P1Y]"
"1970","worldBank/SE_PRM_UNER","205","[]","[WorldBank_WDI_CSV]","[]","[P1Y]"
"1994","worldBank/SH_CON_AIDS_FE_ZS","64","[Percent]","[WorldBank_WDI_CSV]","[]","[P1Y]"
"1970","worldBank/SL_TLF_BASC_ZS","186","[Percent]","[WorldBank_WDI_CSV]","[]","[P1Y]"
"1960","worldBank/SP_POP_1014_MA","221","[]","[WorldBank_WDI_CSV]","[]","[P1Y]"
"1995","worldBank/BAR_PRM_CMPT_2024_ZS","144","[Percent]","[WorldBank_WDI_CSV]","[]","[P1Y]"
"1995","worldBank/UIS_XSPENDP_23_FDPUB_FNCAP","165","[]","[WorldBank_WDI_CSV]","[]","[P1Y]"
"2010","worldBank/PRJ_ATT_80UP_4_MA","167","[]","[WorldBank_WDI_CSV]","[]","[P1Y]"
"1995","worldBank/BAR_SEC_CMPT_6569_FE_ZS","144","[Percent]","[WorldBank_WDI_CSV]","[]","[P1Y]"
"1960","worldBank/NV_IND_MANF_CN","203","[]","[WorldBank_WDI_CSV]","[]","[P1Y]"
"1996","worldBank/VA_PER_RNK_LOWER","205","[]","[WorldBank_WDI_CSV]","[]","[P1Y]"
"2010","worldBank/PRJ_ATT_2064_3_MA","167","[]","[WorldBank_WDI_CSV]","[]","[P1Y]"
"1995","worldBank/BAR_POP_3539","144","[]","[WorldBank_WDI_CSV]","[]","[P1Y]"
"2023","worldBank/NYGDPMKTPKDZ","154","[]","[WorldBank_WDI_CSV]","[]","[P1Y]"
"2010","worldBank/PRJ_ATT_2064_3_MF","167","[]","[WorldBank_WDI_CSV]","[]","[P1Y]"
"1990","worldBank/SL_TLF_TOTL_IN","191","[]","[WorldBank_WDI_CSV]","[]","[P1Y]"
"1960","worldBank/NE_IMP_GNFS_ZS","196","[Percent]","[WorldBank_WDI_CSV]","[]","[P1Y]"
"1980","worldBank/SP_RUR_TOTL_MA_ZS","197","[Percent]","[WorldBank_WDI_CSV]","[]","[P1Y]"
"1995","worldBank/BAR_PRM_SCHL_15UP_FE","144","[]","[WorldBank_WDI_CSV]","[]","[P1Y]"
"1995","worldBank/BAR_SCHL_6569","144","[]","[WorldBank_WDI_CSV]","[]","[P1Y]"
"2010","worldBank/PRJ_ATT_ALL_NED_MA","167","[]","[WorldBank_WDI_CSV]","[]","[P1Y]"
"1960","worldBank/SL_TLF_ACTI_1524_NE_ZS","214","[Percent]","[WorldBank_WDI_CSV]","[]","[P1Y]"
"1998","worldBank/per_allsp_cov_pop_tot","132","[]","[WorldBank_WDI_CSV]","[]","[P1Y]"
"1995","worldBank/BAR_POP_4549_FE","144","[]","[WorldBank_WDI_CSV]","[]","[P1Y]"
"2010","worldBank/PRJ_ATT_2039_S1_MF","167","[]","[WorldBank_WDI_CSV]","[]","[P1Y]"
"1960","worldBank/DC_DAC_USAL_CD","177","[USDollar]","[WorldBank_WDI_CSV]","[]","[P1Y]"
"2010","worldBank/PRJ_ATT_ALL_NED_MF","167","[]","[WorldBank_WDI_CSV]","[]","[P1Y]"
"2010","worldBank/PRJ_ATT_2039_S1_MA","167","[]","[WorldBank_WDI_CSV]","[]","[P1Y]"
"1960","worldBank/SP_URB_TOTL_IN_ZS","221","[Percent]","[WorldBank_WDI_CSV]","[]","[P1Y]"
"1999","worldBank/OECD_TSAL_2_E0","54","[]","[WorldBank_WDI_CSV]","[]","[P1Y]"
"1995","worldBank/BAR_POP_7074","144","[]","[WorldBank_WDI_CSV]","[]","[P1Y]"
"1970","worldBank/SE_SEC_CUAT_UP_FE_ZS","199","[Percent]","[WorldBank_WDI_CSV]","[]","[P1Y]"
"2000","worldBank/SH_DTH_NCOM_0514_FE_ZS","187","[Percent]","[WorldBank_WDI_CSV]","[]","[P1Y]"
"1995","worldBank/UIS_XSPENDP_1_FDPUB_FNS","163","[]","[WorldBank_WDI_CSV]","[]","[P1Y]"
"1970","worldBank/BM_TRF_PWKR_CD_DT","203","[USDollar]","[WorldBank_WDI_CSV]","[]","[P1Y]"
"1995","worldBank/BAR_SEC_ICMP_6569_ZS","144","[Percent]","[WorldBank_WDI_CSV]","[]","[P1Y]"
"1970","worldBank/DT_DOD_DPNG_CD","101","[USDollar]","[WorldBank_WDI_CSV]","[]","[P1Y]"
"1960","worldBank/SP_DYN_TFRT_IN","221","[]","[WorldBank_WDI_CSV]","[]","[P1Y]"
"1995","worldBank/UIS_XSPENDP_56_FDPUB_FNS","144","[]","[WorldBank_WDI_CSV]","[]","[P1Y]"
"1961","worldBank/AG_LND_AGRI_ZS","214","[Percent]","[WorldBank_WDI_CSV]","[]","[P1Y]"
"1960","worldBank/PA_NUS_FCRF","214","[]","[WorldBank_WDI_CSV]","[]","[P1Y]"
"1995","worldBank/BAR_TER_ICMP_5054_FE_ZS","144","[Percent]","[WorldBank_WDI_CSV]","[]","[P1Y]"
"2000","worldBank/SH_DTH_COMM_0514_ZS","187","[Percent]","[WorldBank_WDI_CSV]","[]","[P1Y]"
"1995","worldBank/BAR_SEC_ICMP_3034_FE_ZS","144","[Percent]","[WorldBank_WDI_CSV]","[]","[P1Y]"
"1991","worldBank/SL_EMP_SELF_MA_ZS","191","[Percent]","[WorldBank_WDI_CSV]","[]","[P1Y]"
"1960","worldBank/SP_POP_BRTH_MF","221","[]","[WorldBank_WDI_CSV]","[]","[P1Y]"
"1995","worldBank/BAR_PRM_ICMP_5054_FE_ZS","144","[Percent]","[WorldBank_WDI_CSV]","[]","[P1Y]"
"1960","worldBank/NV_IND_MANF_KD","197","[]","[WorldBank_WDI_CSV]","[]","[P1Y]"
"1961","worldBank/AG_SRF_TOTL_K2","220","[]","[WorldBank_WDI_CSV]","[]","[P1Y]"
"1970","worldBank/SE_ENR_PRIM_FM_ZS","210","[Percent]","[WorldBank_WDI_CSV]","[]","[P1Y]"
"1998","worldBank/UIS_FGP_5T8_FNON500600700","149","[]","[WorldBank_WDI_CSV]","[]","[P1Y]"
"2010","worldBank/HD_HCI_OVRL_LB_FE","163","[]","[WorldBank_WDI_CSV]","[]","[P1Y]"
"1960","worldBank/DC_DAC_BELL_CD","171","[USDollar]","[WorldBank_WDI_CSV]","[]","[P1Y]"
"2010","worldBank/PRJ_ATT_ALL_NED_FE","167","[]","[WorldBank_WDI_CSV]","[]","[P1Y]"
"1970","worldBank/DT_NFL_RDBN_CD","103","[USDollar]","[WorldBank_WDI_CSV]","[]","[P1Y]"
"1994","worldBank/UIS_REPR_1_G6","138","[]","[WorldBank_WDI_CSV]","[]","[P1Y]"
"1994","worldBank/UIS_REPR_1_G5","163","[]","[WorldBank_WDI_CSV]","[]","[P1Y]"
"1994","worldBank/UIS_EA_3_AG25T99","162","[]","[WorldBank_WDI_CSV]","[]","[P1Y]"
"1994","worldBank/UIS_REPR_1_G4","184","[]","[WorldBank_WDI_CSV]","[]","[P1Y]"
"1970","worldBank/SE_TER_CUAT_BA_FE_ZS","187","[Percent]","[WorldBank_WDI_CSV]","[]","[P1Y]"
"1994","worldBank/UIS_REPR_1_G3","185","[]","[WorldBank_WDI_CSV]","[]","[P1Y]"
"1994","worldBank/UIS_REPR_1_G2","186","[]","[WorldBank_WDI_CSV]","[]","[P1Y]"
"1970","worldBank/SH_MMR_LEVE","189","[]","[WorldBank_WDI_CSV]","[]","[P1Y]"
"1994","worldBank/UIS_REPR_1_G1","190","[]","[WorldBank_WDI_CSV]","[]","[P1Y]"
"2000","worldBank/BI_WAG_PUBS_PN","99","[]","[WorldBank_WDI_CSV]","[]","[P1Y]"
"2010","worldBank/PRJ_ATT_2039_2_MF","167","[]","[WorldBank_WDI_CSV]","[]","[P1Y]"
"1961","worldBank/EA_PRD_AGRI_KD","198","[]","[WorldBank_WDI_CSV]","[]","[P1Y]"
"1994","worldBank/UIS_ROFST_3_M_CP","190","[]","[WorldBank_WDI_CSV]","[]","[P1Y]"
"1960","worldBank/SP_POP_AG05_MA_IN","217","[]","[WorldBank_WDI_CSV]","[]","[P1Y]"
"2010","worldBank/PRJ_ATT_15UP_1_FE","167","[]","[WorldBank_WDI_CSV]","[]","[P1Y]"
"1995","worldBank/BAR_TER_CMPT_5559_ZS","144","[Percent]","[WorldBank_WDI_CSV]","[]","[P1Y]"
"2010","worldBank/PRJ_ATT_2039_2_MA","167","[]","[WorldBank_WDI_CSV]","[]","[P1Y]"
"1997","worldBank/UIS_MS_56_T","176","[]","[WorldBank_WDI_CSV]","[]","[P1Y]"
"2000","worldBank/BI_EMP_TOTL_NO","144","[]","[WorldBank_WDI_CSV]","[]","[P1Y]"
"1960","worldBank/SP_POP_3034_MA","221","[]","[WorldBank_WDI_CSV]","[]","[P1Y]"
"2003","worldBank/ENF_CONT_COEN_DB0415_DFRN","211","[]","[WorldBank_WDI_CSV]","[]","[P1Y]"
"1965","worldBank/ER_H2O_FWAG_ZS","184","[Percent]","[WorldBank_WDI_CSV]","[]","[P1Y]"
"2000","worldBank/BI_WAG_PUBS_SN","100","[]","[WorldBank_WDI_CSV]","[]","[P1Y]"
"2010","worldBank/PRJ_ATT_1519_1_MF","167","[]","[WorldBank_WDI_CSV]","[]","[P1Y]"
"1998","worldBank/UIS_MS_56_F","158","[]","[WorldBank_WDI_CSV]","[]","[P1Y]"
"1998","worldBank/UIS_MENF_56","179","[]","[WorldBank_WDI_CSV]","[]","[P1Y]"
"1960","worldBank/NE_GDI_FTOT_ZS","183","[Percent]","[WorldBank_WDI_CSV]","[]","[P1Y]"
"1970","worldBank/NY_ADJ_NNAT_GN_ZS","181","[Percent]","[WorldBank_WDI_CSV]","[]","[P1Y]"
"1990","worldBank/SL_ISV_IFRM_FE_ZS","88","[Percent]","[WorldBank_WDI_CSV]","[]","[P1Y]"
"1992","worldBank/SH_HIV_1524_KW_FE_ZS","132","[Percent]","[WorldBank_WDI_CSV]","[]","[P1Y]"
"1970","worldBank/NY_ADJ_DNGY_CD","207","[USDollar]","[WorldBank_WDI_CSV]","[]","[P1Y]"
"1986","worldBank/SH_STA_OWGH_MA_ZS","160","[Percent]","[WorldBank_WDI_CSV]","[]","[P1Y]"
"1960","worldBank/DT_ODA_ODAT_GN_ZS","166","[Percent]","[WorldBank_WDI_CSV]","[]","[P1Y]"
"1990","worldBank/SL_TLF_ACTI_FE_ZS","191","[Percent]","[WorldBank_WDI_CSV]","[]","[P1Y]"
"1995","worldBank/UIS_XSPENDP_1_FDPUB_FNNONS","160","[]","[WorldBank_WDI_CSV]","[]","[P1Y]"
"1995","worldBank/BAR_POP_2529_FE","144","[]","[WorldBank_WDI_CSV]","[]","[P1Y]"
"2010","worldBank/PRJ_POP_1519_S1_MA","167","[]","[WorldBank_WDI_CSV]","[]","[P1Y]"
"2010","worldBank/PRJ_POP_1519_S1_MF","167","[]","[WorldBank_WDI_CSV]","[]","[P1Y]"
"2019","worldBank/SH_STA_AIRP_P5","187","[]","[WorldBank_WDI_CSV]","[]","[P1Y]"
"2010","worldBank/PRJ_ATT_1519_1_MA","167","[]","[WorldBank_WDI_CSV]","[]","[P1Y]"
"1998","worldBank/SE_PRM_NINT_MA_ZS","172","[Percent]","[WorldBank_WDI_CSV]","[]","[P1Y]"
"1960","worldBank/TX_VAL_MRCH_AL_ZS","209","[Percent]","[WorldBank_WDI_CSV]","[]","[P1Y]"
"1970","worldBank/SE_PRM_ENRL_FE_ZS","214","[Percent]","[WorldBank_WDI_CSV]","[]","[P1Y]"
"1995","worldBank/BAR_SEC_SCHL_2024_FE","144","[]","[WorldBank_WDI_CSV]","[]","[P1Y]"
"2000","worldBank/BI_PWK_PRVS_FE_ZS","129","[Percent]","[WorldBank_WDI_CSV]","[]","[P1Y]"
"1970","worldBank/SE_PRM_CUAT_MA_ZS","198","[Percent]","[WorldBank_WDI_CSV]","[]","[P1Y]"
"2000","worldBank/BI_PWK_PUBS_NO","144","[]","[WorldBank_WDI_CSV]","[]","[P1Y]"
"1995","worldBank/BAR_SEC_SCHL_3034","144","[]","[WorldBank_WDI_CSV]","[]","[P1Y]"
"1995","worldBank/BAR_NOED_7074_FE_ZS","144","[Percent]","[WorldBank_WDI_CSV]","[]","[P1Y]"
"1991","worldBank/NV_SRV_EMPL_KD","184","[]","[WorldBank_WDI_CSV]","[]","[P1Y]"
"2015","worldBank/GPFI4","189","[]","[WorldBank_WDI_CSV]","[]","[P1Y]"
"2010","worldBank/PRJ_ATT_2024_3_MF","167","[]","[WorldBank_WDI_CSV]","[]","[P1Y]"
"2010","worldBank/PRJ_ATT_2024_3_MA","167","[]","[WorldBank_WDI_CSV]","[]","[P1Y]"
"1995","worldBank/BAR_TER_SCHL_75UP","144","[]","[WorldBank_WDI_CSV]","[]","[P1Y]"
"1960","worldBank/SL_EMP_TOTL_SP_NE_ZS","210","[Percent]","[WorldBank_WDI_CSV]","[]","[P1Y]"
"1998","worldBank/GFDD_SI_07","143","[]","[WorldBank_WDI_CSV]","[]","[P1Y]"
"1994","worldBank/UIS_GTVP_23_GPV","214","[]","[WorldBank_WDI_CSV]","[]","[P1Y]"
"1998","worldBank/GFDD_SI_06","178","[]","[WorldBank_WDI_CSV]","[]","[P1Y]"
"1998","worldBank/UIS_FGP_5T8_F400","150","[]","[WorldBank_WDI_CSV]","[]","[P1Y]"
"1968","worldBank/BX_TRF_PWKR_CD","178","[USDollar]","[WorldBank_WDI_CSV]","[]","[P1Y]"
"1995","worldBank/BAR_SEC_ICMP_6064_FE_ZS","144","[Percent]","[WorldBank_WDI_CSV]","[]","[P1Y]"
"1998","worldBank/UIS_PTRHC_2T3_TRAINED","126","[]","[WorldBank_WDI_CSV]","[]","[P1Y]"
"1960","worldBank/SP_DYN_LE60_MA_IN","216","[]","[WorldBank_WDI_CSV]","[]","[P1Y]"
"1995","worldBank/BAR_PRM_CMPT_2024_FE_ZS","144","[Percent]","[WorldBank_WDI_CSV]","[]","[P1Y]"
"1990","worldBank/2_1_SHARE_TOTAL_RE_IN_TFEC","228","[Percent]","[WorldBank_WDI_CSV]","[]","[P1Y]"
"2010","worldBank/PRJ_ATT_2529_4_MF","167","[]","[WorldBank_WDI_CSV]","[]","[P1Y]"
"1970","worldBank/SL_TLF_ADVN_MA_ZS","187","[Percent]","[WorldBank_WDI_CSV]","[]","[P1Y]"
"1998","worldBank/GFDD_SI_05","145","[]","[WorldBank_WDI_CSV]","[]","[P1Y]"
"1960","worldBank/GFDD_SI_04","185","[]","[WorldBank_WDI_CSV]","[]","[P1Y]"
"1998","worldBank/GFDD_SI_03","142","[]","[WorldBank_WDI_CSV]","[]","[P1Y]"
"1998","worldBank/GFDD_SI_02","144","[]","[WorldBank_WDI_CSV]","[]","[P1Y]"
"1994","worldBank/UIS_XGDP_23_FSGOV","180","[]","[WorldBank_WDI_CSV]","[]","[P1Y]"
"2000","worldBank/GFDD_SI_01","172","[]","[WorldBank_WDI_CSV]","[]","[P1Y]"
"1961","worldBank/NE_EXP_GNFS_KD_ZG","181","[]","[WorldBank_WDI_CSV]","[]","[P1Y]"
"1960","worldBank/NY_GDP_MKTP_KN","214","[]","[WorldBank_WDI_CSV]","[]","[P1Y]"
"1994","worldBank/UIS_LR_AG25T64","164","[]","[WorldBank_WDI_CSV]","[]","[P1Y]"
"1995","worldBank/BAR_SEC_SCHL_6569","144","[]","[WorldBank_WDI_CSV]","[]","[P1Y]"
"1994","worldBank/UIS_T_2_F","187","[]","[WorldBank_WDI_CSV]","[]","[P1Y]"
"1961","worldBank/FM_AST_CGOV_ZG_M3","166","[]","[WorldBank_WDI_CSV]","[]","[P1Y]"
"2010","worldBank/PRJ_ATT_ALL_3_FE","167","[]","[WorldBank_WDI_CSV]","[]","[P1Y]"
"2010","worldBank/HD_HCI_OVRL_LB","174","[]","[WorldBank_WDI_CSV]","[]","[P1Y]"
"1960","worldBank/ER_FSH_CAPT_MT","220","[]","[WorldBank_WDI_CSV]","[]","[P1Y]"
"1960","worldBank/SP_POP_4549_FE","221","[]","[WorldBank_WDI_CSV]","[]","[P1Y]"
"1994","worldBank/UIS_LR_AG25T64_M","164","[]","[WorldBank_WDI_CSV]","[]","[P1Y]"
"1994","worldBank/UIS_SLE_23","204","[]","[WorldBank_WDI_CSV]","[]","[P1Y]"
"1999","worldBank/OECD_TSAL_3_E15","54","[]","[WorldBank_WDI_CSV]","[]","[P1Y]"
"2000","worldBank/BI_EMP_TOTL_PB_SN_ZS","113","[Percent]","[WorldBank_WDI_CSV]","[]","[P1Y]"
"1994","worldBank/UIS_LR_AG25T64_F","164","[]","[WorldBank_WDI_CSV]","[]","[P1Y]"
"2010","worldBank/HD_HCI_OVRL_MA","163","[]","[WorldBank_WDI_CSV]","[]","[P1Y]"
"1961","worldBank/ER_H2O_INTR_K3","187","[]","[WorldBank_WDI_CSV]","[]","[P1Y]"
"1960","worldBank/SP_POP_TOTL_MA_IN","221","[]","[WorldBank_WDI_CSV]","[]","[P1Y]"
"1995","worldBank/UIS_XSPENDP_3_FDPUB_FNS","150","[]","[WorldBank_WDI_CSV]","[]","[P1Y]"
"1994","worldBank/UIS_R_2_GPV_F","197","[]","[WorldBank_WDI_CSV]","[]","[P1Y]"
"1960","worldBank/NE_DAB_TOTL_KD","179","[]","[WorldBank_WDI_CSV]","[]","[P1Y]"
"1999","worldBank/GFDD_DM_09","141","[]","[WorldBank_WDI_CSV]","[]","[P1Y]"
"1996","worldBank/GE_STD_ERR","205","[]","[WorldBank_WDI_CSV]","[]","[P1Y]"
"2005","worldBank/OTHR_TAX_PAID_ZS","212","[Percent]","[WorldBank_WDI_CSV]","[]","[P1Y]"
"1996","worldBank/VA_PER_RNK_UPPER","205","[]","[WorldBank_WDI_CSV]","[]","[P1Y]"
"2017","worldBank/EN_FSH_THRD_NO","219","[]","[WorldBank_WDI_CSV]","[]","[P1Y]"
"2000","worldBank/SH_DTH_INJR_60UP_FE_ZS","187","[Percent]","[WorldBank_WDI_CSV]","[]","[P1Y]"
"1960","worldBank/NE_DAB_TOTL_KN","173","[]","[WorldBank_WDI_CSV]","[]","[P1Y]"
"1994","worldBank/UIS_SAP_1_G1","214","[]","[WorldBank_WDI_CSV]","[]","[P1Y]"
"1999","worldBank/GFDD_DM_10","135","[]","[WorldBank_WDI_CSV]","[]","[P1Y]"
"1994","worldBank/UIS_SLE_56","197","[]","[WorldBank_WDI_CSV]","[]","[P1Y]"
"1999","worldBank/GFDD_DM_11","136","[]","[WorldBank_WDI_CSV]","[]","[P1Y]"
"1995","worldBank/BAR_SEC_ICMP_75UP_ZS","144","[Percent]","[WorldBank_WDI_CSV]","[]","[P1Y]"
"1990","worldBank/SH_FPL_SATM_ZS","79","[Percent]","[WorldBank_WDI_CSV]","[]","[P1Y]"
"1994","worldBank/UIS_R_1_G1","197","[]","[WorldBank_WDI_CSV]","[]","[P1Y]"
"1960","worldBank/SL_TLF_CACT_NE_ZS","216","[Percent]","[WorldBank_WDI_CSV]","[]","[P1Y]"
"1994","worldBank/UIS_R_1_G2","194","[]","[WorldBank_WDI_CSV]","[]","[P1Y]"
"1991","worldBank/SL_AGR_EMPL_MA_ZS","191","[Percent]","[WorldBank_WDI_CSV]","[]","[P1Y]"
"1990","worldBank/NY_GNP_MKTP_CN_AD","206","[]","[WorldBank_WDI_CSV]","[]","[P1Y]"
"1960","worldBank/NY_GDP_MKTP_KD","217","[]","[WorldBank_WDI_CSV]","[]","[P1Y]"
"1994","worldBank/UIS_R_1_G5","176","[]","[WorldBank_WDI_CSV]","[]","[P1Y]"
"1994","worldBank/UIS_R_1_G6","152","[]","[WorldBank_WDI_CSV]","[]","[P1Y]"
"2010","worldBank/PRJ_POP_ALL_NED_FE","167","[]","[WorldBank_WDI_CSV]","[]","[P1Y]"
"2013","worldBank/GFDD_DM_16","99","[]","[WorldBank_WDI_CSV]","[]","[P1Y]"
"1994","worldBank/UIS_R_1_G3","194","[]","[WorldBank_WDI_CSV]","[]","[P1Y]"
"1994","worldBank/UIS_R_1_G4","194","[]","[WorldBank_WDI_CSV]","[]","[P1Y]"
"2000","worldBank/GFDD_DM_14","101","[]","[WorldBank_WDI_CSV]","[]","[P1Y]"
"1970","worldBank/DT_TDS_DPPF_XP_ZS","121","[Percent]","[WorldBank_WDI_CSV]","[]","[P1Y]"
"2000","worldBank/GFDD_DM_15","111","[]","[WorldBank_WDI_CSV]","[]","[P1Y]"
"1960","worldBank/SP_POP_AG04_MA_IN","217","[]","[WorldBank_WDI_CSV]","[]","[P1Y]"
"2000","worldBank/GFDD_DM_12","178","[]","[WorldBank_WDI_CSV]","[]","[P1Y]"
"2000","worldBank/GFDD_DM_13","111","[]","[WorldBank_WDI_CSV]","[]","[P1Y]"
"1995","worldBank/UIS_XSPENDP_23_FDPUB_FNNONS","164","[]","[WorldBank_WDI_CSV]","[]","[P1Y]"
"1991","worldBank/SL_EMP_VULN_ZS","191","[Percent]","[WorldBank_WDI_CSV]","[]","[P1Y]"
"2015","worldBank/ENF_CONT_COEN_CTAU","213","[]","[WorldBank_WDI_CSV]","[]","[P1Y]"
"2010","worldBank/PRJ_ATT_2529_4_MA","167","[]","[WorldBank_WDI_CSV]","[]","[P1Y]"
"2010","worldBank/PRJ_POP_2024_4_MA","167","[]","[WorldBank_WDI_CSV]","[]","[P1Y]"
"1960","worldBank/NV_IND_MANF_KN","191","[]","[WorldBank_WDI_CSV]","[]","[P1Y]"
"2005","worldBank/DC_DAC_SVNL_CD","105","[USDollar]","[WorldBank_WDI_CSV]","[]","[P1Y]"
"2010","worldBank/PRJ_POP_2024_4_MF","167","[]","[WorldBank_WDI_CSV]","[]","[P1Y]"
"1996","worldBank/CC_EST","205","[]","[WorldBank_WDI_CSV]","[]","[P1Y]"
"1994","worldBank/UIS_SR_1_G4_M","185","[]","[WorldBank_WDI_CSV]","[]","[P1Y]"
"1995","worldBank/BAR_SEC_SCHL_4044_FE","144","[]","[WorldBank_WDI_CSV]","[]","[P1Y]"
"1995","worldBank/BAR_SEC_ICMP_7074_ZS","144","[Percent]","[WorldBank_WDI_CSV]","[]","[P1Y]"
"1975","worldBank/SH_STA_OB18_MA_ZS","189","[Percent]","[WorldBank_WDI_CSV]","[]","[P1Y]"
"1995","worldBank/BAR_SEC_ICMP_15UP_ZS","144","[Percent]","[WorldBank_WDI_CSV]","[]","[P1Y]"
"1980","worldBank/GFDD_DM_07","124","[]","[WorldBank_WDI_CSV]","[]","[P1Y]"
"1960","worldBank/SP_POP_AG03_MA_IN","217","[]","[WorldBank_WDI_CSV]","[]","[P1Y]"
"1998","worldBank/per_allsp_ben_q1_tot","123","[]","[WorldBank_WDI_CSV]","[]","[P1Y]"
"1999","worldBank/GFDD_DM_08","128","[]","[WorldBank_WDI_CSV]","[]","[P1Y]"
"1980","worldBank/GFDD_DM_05","100","[]","[WorldBank_WDI_CSV]","[]","[P1Y]"
"1994","worldBank/UIS_SR_1_G4_F","185","[]","[WorldBank_WDI_CSV]","[]","[P1Y]"
"1980","worldBank/GFDD_DM_06","124","[]","[WorldBank_WDI_CSV]","[]","[P1Y]"
"1987","worldBank/GFDD_DM_03","26","[]","[WorldBank_WDI_CSV]","[]","[P1Y]"
"1980","worldBank/GFDD_DM_04","32","[]","[WorldBank_WDI_CSV]","[]","[P1Y]"
"1975","worldBank/GFDD_DM_01","101","[]","[WorldBank_WDI_CSV]","[]","[P1Y]"
"1960","worldBank/BM_GSR_NFSV_CD","200","[USDollar]","[WorldBank_WDI_CSV]","[]","[P1Y]"
"1975","worldBank/GFDD_DM_02","103","[]","[WorldBank_WDI_CSV]","[]","[P1Y]"
"1960","worldBank/SP_POP_AG02_MA_IN","217","[]","[WorldBank_WDI_CSV]","[]","[P1Y]"
"1995","worldBank/BAR_TER_SCHL_5054","144","[]","[WorldBank_WDI_CSV]","[]","[P1Y]"
"1995","worldBank/BAR_SCHL_3034","144","[]","[WorldBank_WDI_CSV]","[]","[P1Y]"
"1970","worldBank/DT_NFL_NIFC_CD","139","[USDollar]","[WorldBank_WDI_CSV]","[]","[P1Y]"
"1995","worldBank/BAR_SEC_ICMP_25UP_ZS","144","[Percent]","[WorldBank_WDI_CSV]","[]","[P1Y]"
"2010","worldBank/PRJ_ATT_2064_3_FE","167","[]","[WorldBank_WDI_CSV]","[]","[P1Y]"
"1995","worldBank/BAR_TER_CMPT_2024_ZS","144","[Percent]","[WorldBank_WDI_CSV]","[]","[P1Y]"
"1960","worldBank/EN_ATM_CO2E_SF_ZS","213","[Percent]","[WorldBank_WDI_CSV]","[]","[P1Y]"
"1960","worldBank/NE_GDI_TOTL_ZS","189","[Percent]","[WorldBank_WDI_CSV]","[]","[P1Y]"
"1970","worldBank/SE_SEC_CMPT_LO_ZS","201","[Percent]","[WorldBank_WDI_CSV]","[]","[P1Y]"
"1962","worldBank/ER_H2O_FWST_ZS","178","[Percent]","[WorldBank_WDI_CSV]","[]","[P1Y]"
"1990","worldBank/NY_GDP_DEFL_KD_ZG_AD","213","[]","[WorldBank_WDI_CSV]","[]","[P1Y]"
"2000","worldBank/SH_DTH_INJR_MA_ZS","187","[Percent]","[WorldBank_WDI_CSV]","[]","[P1Y]"
"1970","worldBank/NY_ADJ_DKAP_GN_ZS","209","[Percent]","[WorldBank_WDI_CSV]","[]","[P1Y]"
"1998","worldBank/UIS_MENFR_56","166","[]","[WorldBank_WDI_CSV]","[]","[P1Y]"
"1991","worldBank/SL_EMP_UNDR_FE_ZS","162","[Percent]","[WorldBank_WDI_CSV]","[]","[P1Y]"
"1998","worldBank/SE_TER_GRAD_FE_HU_ZS","156","[Percent]","[WorldBank_WDI_CSV]","[]","[P1Y]"
"2010","worldBank/PRJ_POP_ALL_1_FE","167","[]","[WorldBank_WDI_CSV]","[]","[P1Y]"
"2000","worldBank/SL_EMP_SMGT_FE_ZS","152","[Percent]","[WorldBank_WDI_CSV]","[]","[P1Y]"
"1961","worldBank/SP_DYN_CONM_ZS","186","[Percent]","[WorldBank_WDI_CSV]","[]","[P1Y]"
"1960","worldBank/SP_DYN_LE00_FE_IN","221","[]","[WorldBank_WDI_CSV]","[]","[P1Y]"
"1970","worldBank/DT_TDS_DPPG_XP_ZS","121","[Percent]","[WorldBank_WDI_CSV]","[]","[P1Y]"
"1960","worldBank/BN_KLT_PTXL_CD","191","[USDollar]","[WorldBank_WDI_CSV]","[]","[P1Y]"
"1960","worldBank/SP_POP_2529_FE","221","[]","[WorldBank_WDI_CSV]","[]","[P1Y]"
"1972","worldBank/GC_REV_XGRT_GD_ZS","166","[Percent]","[WorldBank_WDI_CSV]","[]","[P1Y]"
"1990","worldBank/SH_HIV_1524_FE_ZS","147","[Percent]","[WorldBank_WDI_CSV]","[]","[P1Y]"
"1994","worldBank/SE_TER_CUAT_DO_MA_ZS","138","[Percent]","[WorldBank_WDI_CSV]","[]","[P1Y]"
"2010","worldBank/PRJ_ATT_1519_S1_MA","167","[]","[WorldBank_WDI_CSV]","[]","[P1Y]"
"1994","worldBank/UIS_R_2_GPV_G2_F","193","[]","[WorldBank_WDI_CSV]","[]","[P1Y]"
"1961","worldBank/AG_PRD_LVSK_XD","198","[]","[WorldBank_WDI_CSV]","[]","[P1Y]"
"1995","worldBank/BAR_TER_CMPT_5559_FE_ZS","144","[Percent]","[WorldBank_WDI_CSV]","[]","[P1Y]"
"1994","worldBank/SE_SCH_LIFE","201","[]","[WorldBank_WDI_CSV]","[]","[P1Y]"
"2010","worldBank/PRJ_ATT_1519_S1_MF","167","[]","[WorldBank_WDI_CSV]","[]","[P1Y]"
"2010","worldBank/PRJ_POP_1519_NED_FE","167","[]","[WorldBank_WDI_CSV]","[]","[P1Y]"
"1994","worldBank/UIS_SAP_CE_F","198","[]","[WorldBank_WDI_CSV]","[]","[P1Y]"
"1970","worldBank/SE_SEC_CMPT_LO_FE_ZS","199","[Percent]","[WorldBank_WDI_CSV]","[]","[P1Y]"
"1994","worldBank/UIS_REPR_1_G5_M","160","[]","[WorldBank_WDI_CSV]","[]","[P1Y]"
"1994","worldBank/UIS_SAP_CE_M","198","[]","[WorldBank_WDI_CSV]","[]","[P1Y]"
"1995","worldBank/BAR_SEC_ICMP_5054_ZS","144","[Percent]","[WorldBank_WDI_CSV]","[]","[P1Y]"
"1972","worldBank/GC_XPN_TOTL_GD_ZS","165","[Percent]","[WorldBank_WDI_CSV]","[]","[P1Y]"
"1994","worldBank/UIS_REPR_1_G5_F","160","[]","[WorldBank_WDI_CSV]","[]","[P1Y]"
"1995","worldBank/BAR_PRM_CMPT_1519_ZS","144","[Percent]","[WorldBank_WDI_CSV]","[]","[P1Y]"
"1965","worldBank/ER_H2O_FWDM_ZS","184","[Percent]","[WorldBank_WDI_CSV]","[]","[P1Y]"
"1960","worldBank/SP_POP_0014_TO","221","[]","[WorldBank_WDI_CSV]","[]","[P1Y]"
"2000","worldBank/SH_DTH_COMM_0004_MA_ZS","187","[Percent]","[WorldBank_WDI_CSV]","[]","[P1Y]"
"1995","worldBank/BAR_SEC_SCHL_6064_FE","144","[]","[WorldBank_WDI_CSV]","[]","[P1Y]"
"1995","worldBank/UIS_XSPENDP_1_FDPUB_FNCAP","162","[]","[WorldBank_WDI_CSV]","[]","[P1Y]"
"1960","worldBank/FM_AST_PRVT_GD_ZS","190","[Percent]","[WorldBank_WDI_CSV]","[]","[P1Y]"
"1999","worldBank/per_si_allsi_adq_pop_tot","113","[]","[WorldBank_WDI_CSV]","[]","[P1Y]"
"1995","worldBank/BAR_PRM_SCHL_1519","144","[]","[WorldBank_WDI_CSV]","[]","[P1Y]"
"1995","worldBank/BAR_SEC_CMPT_3539_FE_ZS","144","[Percent]","[WorldBank_WDI_CSV]","[]","[P1Y]"
"2005","worldBank/IC_TAX_PRFT_CP_ZS","193","[Percent]","[WorldBank_WDI_CSV]","[]","[P1Y]"
"1960","worldBank/SP_POP_1564_TO_ZS","221","[Percent]","[WorldBank_WDI_CSV]","[]","[P1Y]"
"1995","worldBank/BAR_POP_6569_FE","144","[]","[WorldBank_WDI_CSV]","[]","[P1Y]"
"1980","worldBank/TX_UVI_MRCH_XD_WD","208","[]","[WorldBank_WDI_CSV]","[]","[P1Y]"
"1998","worldBank/UIS_PTRHC_2_TRAINED","113","[]","[WorldBank_WDI_CSV]","[]","[P1Y]"
"1960","worldBank/SP_POP_AG00_MA_IN","217","[]","[WorldBank_WDI_CSV]","[]","[P1Y]"
"1960","worldBank/SP_POP_4549_MA","221","[]","[WorldBank_WDI_CSV]","[]","[P1Y]"
"1987","worldBank/IE_PPI_WATR_CD","53","[USDollar]","[WorldBank_WDI_CSV]","[]","[P1Y]"
"1995","worldBank/BAR_POP_5559_FE","144","[]","[WorldBank_WDI_CSV]","[]","[P1Y]"
"2000","worldBank/BI_WAG_PREM_PB_TT","89","[]","[WorldBank_WDI_CSV]","[]","[P1Y]"
"1972","worldBank/GC_NLD_TOTL_GD_ZS","162","[Percent]","[WorldBank_WDI_CSV]","[]","[P1Y]"
"2010","worldBank/PRJ_ATT_2039_NED_MA","167","[]","[WorldBank_WDI_CSV]","[]","[P1Y]"
"1961","worldBank/FM_LBL_BMNY_ZG","166","[]","[WorldBank_WDI_CSV]","[]","[P1Y]"
"1970","worldBank/NY_ADJ_NNTY_PC_CD","189","[USDollar]","[WorldBank_WDI_CSV]","[]","[P1Y]"
"1960","worldBank/SP_POP_0509_FE","221","[]","[WorldBank_WDI_CSV]","[]","[P1Y]"
"1960","worldBank/DC_ODA_TOTL_KD","32","[]","[WorldBank_WDI_CSV]","[]","[P1Y]"
"2010","worldBank/PRJ_ATT_25UP_NED_MA","167","[]","[WorldBank_WDI_CSV]","[]","[P1Y]"
"2010","worldBank/PRJ_ATT_2039_NED_MF","167","[]","[WorldBank_WDI_CSV]","[]","[P1Y]"
"1995","worldBank/BAR_TER_ICMP_5054_ZS","144","[Percent]","[WorldBank_WDI_CSV]","[]","[P1Y]"
"1990","worldBank/AG_LND_EL5M_UR_K2","219","[]","[WorldBank_WDI_CSV]","[]","[P1Y]"
"1995","worldBank/UIS_EA_1T6_AG25T99_M","153","[]","[WorldBank_WDI_CSV]","[]","[P1Y]"
"2000","worldBank/SH_HIV_ARTC_MA_ZS","142","[Percent]","[WorldBank_WDI_CSV]","[]","[P1Y]"
"1994","worldBank/UIS_EA_3T6_AG25T99_M","159","[]","[WorldBank_WDI_CSV]","[]","[P1Y]"
"1960","worldBank/NE_CON_TOTL_KD","182","[]","[WorldBank_WDI_CSV]","[]","[P1Y]"
"1998","worldBank/SE_TER_GRAD_FE_SI_ZS","158","[Percent]","[WorldBank_WDI_CSV]","[]","[P1Y]"
"2010","worldBank/PRJ_ATT_25UP_NED_MF","167","[]","[WorldBank_WDI_CSV]","[]","[P1Y]"
"1995","worldBank/BAR_POP_4044","144","[]","[WorldBank_WDI_CSV]","[]","[P1Y]"
"1994","worldBank/UIS_EA_3T6_AG25T99_F","159","[]","[WorldBank_WDI_CSV]","[]","[P1Y]"
"1960","worldBank/BX_GSR_CCIS_ZS","194","[Percent]","[WorldBank_WDI_CSV]","[]","[P1Y]"
"2000","worldBank/BI_WAG_PREM_PB_TN","82","[]","[WorldBank_WDI_CSV]","[]","[P1Y]"
"1972","worldBank/GC_TAX_EXPT_CN","100","[]","[WorldBank_WDI_CSV]","[]","[P1Y]"
"1995","worldBank/UIS_EA_1T6_AG25T99_F","153","[]","[WorldBank_WDI_CSV]","[]","[P1Y]"
"1995","worldBank/BAR_SEC_CMPT_2024_ZS","144","[Percent]","[WorldBank_WDI_CSV]","[]","[P1Y]"
"1960","worldBank/NE_CON_TOTL_KN","178","[]","[WorldBank_WDI_CSV]","[]","[P1Y]"
"1960","worldBank/FM_LBL_BMNY_IR_ZS","158","[Percent]","[WorldBank_WDI_CSV]","[]","[P1Y]"
"2000","worldBank/SH_DYN_NCOM_MA_ZS","189","[Percent]","[WorldBank_WDI_CSV]","[]","[P1Y]"
"1960","worldBank/SP_POP_1564_FE_IN","221","[]","[WorldBank_WDI_CSV]","[]","[P1Y]"
"1990","worldBank/EN_ATM_PM25_MC_T3_ZS","194","[Percent]","[WorldBank_WDI_CSV]","[]","[P1Y]"
"1960","worldBank/SP_POP_AG01_MA_IN","217","[]","[WorldBank_WDI_CSV]","[]","[P1Y]"
"1995","worldBank/BAR_SEC_CMPT_75UP_FE_ZS","144","[Percent]","[WorldBank_WDI_CSV]","[]","[P1Y]"
"2000","worldBank/BI_EMP_PUBS_FE_CK_ZS","112","[Percent]","[WorldBank_WDI_CSV]","[]","[P1Y]"
"1960","worldBank/BX_GRT_EXTA_CD_WD","180","[USDollar]","[WorldBank_WDI_CSV]","[]","[P1Y]"
"1960","worldBank/BM_GSR_ROYL_CD","178","[USDollar]","[WorldBank_WDI_CSV]","[]","[P1Y]"
"1970","worldBank/DT_TDS_DIMF_CD","123","[USDollar]","[WorldBank_WDI_CSV]","[]","[P1Y]"
"2010","worldBank/PRJ_POP_2529_1_MF","167","[]","[WorldBank_WDI_CSV]","[]","[P1Y]"
"1995","worldBank/BAR_SCHL_25UP","144","[]","[WorldBank_WDI_CSV]","[]","[P1Y]"
"2010","worldBank/PRJ_POP_2529_1_MA","167","[]","[WorldBank_WDI_CSV]","[]","[P1Y]"
"1970","worldBank/SE_SEC_TCHR_FE_ZS","212","[Percent]","[WorldBank_WDI_CSV]","[]","[P1Y]"
"1995","worldBank/BAR_SEC_CMPT_25UP_FE_ZS","144","[Percent]","[WorldBank_WDI_CSV]","[]","[P1Y]"
"1995","worldBank/UIS_XSPENDP_23_FDPUB_FNCUR","172","[]","[WorldBank_WDI_CSV]","[]","[P1Y]"
"2010","worldBank/PRJ_ATT_1519_4_MF","167","[]","[WorldBank_WDI_CSV]","[]","[P1Y]"
"2000","worldBank/SH_DTH_INJR_FE_ZS","187","[Percent]","[WorldBank_WDI_CSV]","[]","[P1Y]"
"2000","worldBank/BI_WAG_PREM_PB_SG","91","[]","[WorldBank_WDI_CSV]","[]","[P1Y]"
"1990","worldBank/SE_TER_CUAT_MS_FE_ZS","161","[Percent]","[WorldBank_WDI_CSV]","[]","[P1Y]"
"2010","worldBank/PRJ_ATT_2529_4_FE","167","[]","[WorldBank_WDI_CSV]","[]","[P1Y]"
"1995","worldBank/BAR_POP_25UP_FE","144","[]","[WorldBank_WDI_CSV]","[]","[P1Y]"
"2000","worldBank/SH_HIV_PMTC_ZS","86","[Percent]","[WorldBank_WDI_CSV]","[]","[P1Y]"
"1960","worldBank/SP_POP_65UP_TO","221","[]","[WorldBank_WDI_CSV]","[]","[P1Y]"
"2000","worldBank/SH_DTH_COMM_60UP_FE_ZS","187","[Percent]","[WorldBank_WDI_CSV]","[]","[P1Y]"
"2000","worldBank/BI_WAG_PREM_PB_SN","85","[]","[WorldBank_WDI_CSV]","[]","[P1Y]"
"1995","worldBank/BAR_SEC_ICMP_2024_FE_ZS","144","[Percent]","[WorldBank_WDI_CSV]","[]","[P1Y]"
"1960","worldBank/TX_VAL_MRCH_R6_ZS","209","[Percent]","[WorldBank_WDI_CSV]","[]","[P1Y]"
"1970","worldBank/DT_NFL_PNGC_CD","97","[USDollar]","[WorldBank_WDI_CSV]","[]","[P1Y]"
"1995","worldBank/BAR_PRM_SCHL_75UP_FE","144","[]","[WorldBank_WDI_CSV]","[]","[P1Y]"
"1972","worldBank/GC_TAX_IMPT_ZS","157","[Percent]","[WorldBank_WDI_CSV]","[]","[P1Y]"
"1970","worldBank/IS_AIR_GOOD_MT_K1","188","[]","[WorldBank_WDI_CSV]","[]","[P1Y]"
"1991","worldBank/SL_SRV_EMPL_ZS","191","[Percent]","[WorldBank_WDI_CSV]","[]","[P1Y]"
"2000","worldBank/BI_PWK_PUBS_FE_Q4_ZS","114","[Percent]","[WorldBank_WDI_CSV]","[]","[P1Y]"
"2017","worldBank/EN_BIR_THRD_NO","219","[]","[WorldBank_WDI_CSV]","[]","[P1Y]"
"1990","worldBank/SH_HIV_INCD_ZS","148","[Percent]","[WorldBank_WDI_CSV]","[]","[P1Y]"
"1970","worldBank/SE_SEC_NENR_FE","191","[]","[WorldBank_WDI_CSV]","[]","[P1Y]"
"2000","worldBank/BI_EMP_PWRK_PB_MA_ZS","132","[Percent]","[WorldBank_WDI_CSV]","[]","[P1Y]"
"1960","worldBank/NV_AGR_TOTL_KD","204","[]","[WorldBank_WDI_CSV]","[]","[P1Y]"
"1971","worldBank/FI_RES_TOTL_DT_ZS","114","[Percent]","[WorldBank_WDI_CSV]","[]","[P1Y]"
"1994","worldBank/UIS_SLE_56_M","195","[]","[WorldBank_WDI_CSV]","[]","[P1Y]"
"1972","worldBank/GC_TAX_OTHR_CN","157","[]","[WorldBank_WDI_CSV]","[]","[P1Y]"
"1995","worldBank/BAR_SCHL_7074_FE","144","[]","[WorldBank_WDI_CSV]","[]","[P1Y]"
"1960","worldBank/NV_AGR_TOTL_KN","197","[]","[WorldBank_WDI_CSV]","[]","[P1Y]"
"1960","worldBank/SL_EMP_TOTL_SP_MA_NE_ZS","206","[Percent]","[WorldBank_WDI_CSV]","[]","[P1Y]"
"1960","worldBank/TX_VAL_TRAN_ZS_WT","202","[Percent]","[WorldBank_WDI_CSV]","[]","[P1Y]"
"2010","worldBank/PRJ_ATT_25UP_1_FE","167","[]","[WorldBank_WDI_CSV]","[]","[P1Y]"
"2010","worldBank/HD_HCI_OVRL_FE","163","[]","[WorldBank_WDI_CSV]","[]","[P1Y]"
"1995","worldBank/UIS_XSPENDP_23_FDPUB_FNS","167","[]","[WorldBank_WDI_CSV]","[]","[P1Y]"
"1995","worldBank/BAR_TER_SCHL_1519","144","[]","[WorldBank_WDI_CSV]","[]","[P1Y]"
"1970","worldBank/SE_PRM_UNER_FE","200","[]","[WorldBank_WDI_CSV]","[]","[P1Y]"
"2000","worldBank/SH_DTH_COMM_MA_ZS","187","[Percent]","[WorldBank_WDI_CSV]","[]","[P1Y]"
"1995","worldBank/BAR_TER_CMPT_6569_ZS","144","[Percent]","[WorldBank_WDI_CSV]","[]","[P1Y]"
"1960","worldBank/TX_VAL_MRCH_WR_ZS","205","[Percent]","[WorldBank_WDI_CSV]","[]","[P1Y]"
"1995","worldBank/BAR_TER_SCHL_3034_FE","144","[]","[WorldBank_WDI_CSV]","[]","[P1Y]"
"1995","worldBank/BAR_NOED_3539_FE_ZS","144","[Percent]","[WorldBank_WDI_CSV]","[]","[P1Y]"
"1960","worldBank/SP_POP_4044_MA","221","[]","[WorldBank_WDI_CSV]","[]","[P1Y]"
"1972","worldBank/GC_XPN_INTP_ZS","160","[Percent]","[WorldBank_WDI_CSV]","[]","[P1Y]"
"1995","worldBank/UIS_XUNIT_PPPCONST_23_FSGOV","153","[]","[WorldBank_WDI_CSV]","[]","[P1Y]"
"1986","worldBank/SH_STA_MALN_MA_ZS","159","[Percent]","[WorldBank_WDI_CSV]","[]","[P1Y]"
"2005","worldBank/DC_DAC_POLL_CD","137","[USDollar]","[WorldBank_WDI_CSV]","[]","[P1Y]"
"1960","worldBank/EN_ATM_CO2E_LF_ZS","211","[Percent]","[WorldBank_WDI_CSV]","[]","[P1Y]"
"2003","worldBank/SP_REG_BRTH_MA_ZS","167","[Percent]","[WorldBank_WDI_CSV]","[]","[P1Y]"
"2000","worldBank/BI_EMP_PUBS_FE_EO_ZS","113","[Percent]","[WorldBank_WDI_CSV]","[]","[P1Y]"
"1994","worldBank/UIS_EA_MEAN_1T6_AG25T99","164","[]","[WorldBank_WDI_CSV]","[]","[P1Y]"
"1991","worldBank/SL_IND_EMPL_ZS","191","[Percent]","[WorldBank_WDI_CSV]","[]","[P1Y]"
"1960","worldBank/SP_POP_AG04_FE_IN","217","[]","[WorldBank_WDI_CSV]","[]","[P1Y]"
"1994","worldBank/UIS_LP_AG15T24","164","[]","[WorldBank_WDI_CSV]","[]","[P1Y]"
"1960","worldBank/SL_EMP_1524_SP_MA_NE_ZS","199","[Percent]","[WorldBank_WDI_CSV]","[]","[P1Y]"
"1961","worldBank/AG_LND_TOTL_K2","220","[]","[WorldBank_WDI_CSV]","[]","[P1Y]"
"1995","worldBank/BAR_PRM_ICMP_75UP_FE_ZS","144","[Percent]","[WorldBank_WDI_CSV]","[]","[P1Y]"
"1963","worldBank/SI_POV_DDAY","174","[Percent]","[WorldBank_WDI_CSV]","[]","[P1Y]"
"2010","worldBank/HD_HCI_AMRT","174","[]","[WorldBank_WDI_CSV]","[]","[P1Y]"
"1960","worldBank/NY_GNS_ICTR_CD","178","[USDollar]","[WorldBank_WDI_CSV]","[]","[P1Y]"
"1960","worldBank/NY_GNS_ICTR_CN","178","[]","[WorldBank_WDI_CSV]","[]","[P1Y]"
"1994","worldBank/UIS_LP_AG15T24_M","164","[]","[WorldBank_WDI_CSV]","[]","[P1Y]"
"1960","worldBank/BX_GSR_TOTL_CD","204","[USDollar]","[WorldBank_WDI_CSV]","[]","[P1Y]"
"2000","worldBank/SH_ALC_PCAP_MA_LI","191","[]","[WorldBank_WDI_CSV]","[]","[P1Y]"
"1960","worldBank/NY_GDP_DISC_CN","184","[]","[WorldBank_WDI_CSV]","[]","[P1Y]"
"1994","worldBank/UIS_LP_AG15T24_F","164","[]","[WorldBank_WDI_CSV]","[]","[P1Y]"
"1995","worldBank/BAR_PRM_ICMP_6064_FE_ZS","144","[Percent]","[WorldBank_WDI_CSV]","[]","[P1Y]"
"2010","worldBank/PRJ_ATT_80UP_3_FE","167","[]","[WorldBank_WDI_CSV]","[]","[P1Y]"
"1970","worldBank/SE_PRM_CMPT_FE_ZS","200","[Percent]","[WorldBank_WDI_CSV]","[]","[P1Y]"
"1970","worldBank/EN_CLC_HDDY_XD","193","[Celsius]","[WorldBank_WDI_CSV]","[]","[P1Y]"
"1960","worldBank/DC_DAC_ISLL_CD","82","[USDollar]","[WorldBank_WDI_CSV]","[]","[P1Y]"
"1990","worldBank/EN_POP_EL5M_RU_ZS","219","[Percent]","[WorldBank_WDI_CSV]","[]","[P1Y]"
"2010","worldBank/PRJ_POP_2024_4_FE","167","[]","[WorldBank_WDI_CSV]","[]","[P1Y]"
"1970","worldBank/NY_GDP_MINR_RT_ZS","218","[Percent]","[WorldBank_WDI_CSV]","[]","[P1Y]"
"1999","worldBank/per_si_allsi_cov_q1_tot","118","[]","[WorldBank_WDI_CSV]","[]","[P1Y]"
"2000","worldBank/BI_PWK_AGES_PB_SM","131","[]","[WorldBank_WDI_CSV]","[]","[P1Y]"
"1995","worldBank/BAR_SEC_CMPT_6569_ZS","144","[Percent]","[WorldBank_WDI_CSV]","[]","[P1Y]"
"1995","worldBank/BAR_SEC_ICMP_1519_ZS","144","[Percent]","[WorldBank_WDI_CSV]","[]","[P1Y]"
"1970","worldBank/SE_ADT_1524_LT_ZS","175","[Percent]","[WorldBank_WDI_CSV]","[]","[P1Y]"
"1960","worldBank/NV_IND_MANF_ZS","207","[Percent]","[WorldBank_WDI_CSV]","[]","[P1Y]"
"1994","worldBank/UIS_LP_AG15T99_M","166","[]","[WorldBank_WDI_CSV]","[]","[P1Y]"
"2002","worldBank/per_lm_alllm_cov_q2_tot","68","[]","[WorldBank_WDI_CSV]","[]","[P1Y]"
"1970","worldBank/SE_PRM_TENR_MA","196","[]","[WorldBank_WDI_CSV]","[]","[P1Y]"
"1990","worldBank/NE_CON_PRVT_PP_KD","179","[]","[WorldBank_WDI_CSV]","[]","[P1Y]"
"2000","worldBank/BI_PWK_PRVS_FE_Q5_ZS","115","[Percent]","[WorldBank_WDI_CSV]","[]","[P1Y]"
"1999","worldBank/SE_PRM_CMPL_MA_ZS","170","[Percent]","[WorldBank_WDI_CSV]","[]","[P1Y]"
"1994","worldBank/UIS_R_1_G4_F","193","[]","[WorldBank_WDI_CSV]","[]","[P1Y]"
"1960","worldBank/EN_ATM_CO2E_EG_ZS","178","[Percent]","[WorldBank_WDI_CSV]","[]","[P1Y]"
"2010","worldBank/PRJ_POP_ALL_4_FE","167","[]","[WorldBank_WDI_CSV]","[]","[P1Y]"
"1960","worldBank/DC_DAC_JPNL_CD","181","[USDollar]","[WorldBank_WDI_CSV]","[]","[P1Y]"
"1960","worldBank/SH_DTH_IMRT","200","[]","[WorldBank_WDI_CSV]","[]","[P1Y]"
"1991","worldBank/SL_EMP_1524_SP_FE_ZS","191","[Percent]","[WorldBank_WDI_CSV]","[]","[P1Y]"
"1995","worldBank/BAR_NOED_6064_FE_ZS","144","[Percent]","[WorldBank_WDI_CSV]","[]","[P1Y]"
"1999","worldBank/per_si_allsi_ben_q1_tot","113","[]","[WorldBank_WDI_CSV]","[]","[P1Y]"
"1975","worldBank/CM_MKT_TRAD_GD_ZS","110","[Percent]","[WorldBank_WDI_CSV]","[]","[P1Y]"
"1960","worldBank/SP_POP_0509_MA","221","[]","[WorldBank_WDI_CSV]","[]","[P1Y]"
"1995","worldBank/BAR_SCHL_3539_FE","144","[]","[WorldBank_WDI_CSV]","[]","[P1Y]"
"2010","worldBank/PRJ_ATT_15UP_3_MA","167","[]","[WorldBank_WDI_CSV]","[]","[P1Y]"
"2010","worldBank/PRJ_ATT_2064_1_FE","167","[]","[WorldBank_WDI_CSV]","[]","[P1Y]"
"2010","worldBank/PRJ_ATT_15UP_3_MF","167","[]","[WorldBank_WDI_CSV]","[]","[P1Y]"
"2010","worldBank/PRJ_ATT_4064_3_MA","167","[]","[WorldBank_WDI_CSV]","[]","[P1Y]"
"2000","worldBank/BI_WAG_PRVS_FM_SM","115","[]","[WorldBank_WDI_CSV]","[]","[P1Y]"
"1984","worldBank/HF_UHC_OOPC_25_ZS","149","[Percent]","[WorldBank_WDI_CSV]","[]","[P1Y]"
"1970","worldBank/DT_NFL_UNCF_CD","158","[USDollar]","[WorldBank_WDI_CSV]","[]","[P1Y]"
"1960","worldBank/NY_GDP_FCST_KN","197","[]","[WorldBank_WDI_CSV]","[]","[P1Y]"
"1961","worldBank/AG_CON_FERT_PT_ZS","119","[Percent]","[WorldBank_WDI_CSV]","[]","[P1Y]"
"1995","worldBank/UIS_XSPENDP_2_FDPUB_FNS","142","[]","[WorldBank_WDI_CSV]","[]","[P1Y]"
"1995","worldBank/BAR_SCHL_3539","144","[]","[WorldBank_WDI_CSV]","[]","[P1Y]"
"1960","worldBank/NY_GDY_TOTL_KN","178","[]","[WorldBank_WDI_CSV]","[]","[P1Y]"
"1995","worldBank/BAR_SEC_SCHL_7074","144","[]","[WorldBank_WDI_CSV]","[]","[P1Y]"
"1995","worldBank/BAR_PRM_CMPT_5559_ZS","144","[Percent]","[WorldBank_WDI_CSV]","[]","[P1Y]"
"2010","worldBank/PRJ_ATT_2024_3_FE","167","[]","[WorldBank_WDI_CSV]","[]","[P1Y]"
"1994","worldBank/UIS_ROFST_2","191","[]","[WorldBank_WDI_CSV]","[]","[P1Y]"
"1960","worldBank/NE_RSB_GNFS_ZS","196","[Percent]","[WorldBank_WDI_CSV]","[]","[P1Y]"
"2010","worldBank/PRJ_ATT_4064_3_MF","167","[]","[WorldBank_WDI_CSV]","[]","[P1Y]"
"1995","worldBank/BAR_TER_ICMP_4044_FE_ZS","144","[Percent]","[WorldBank_WDI_CSV]","[]","[P1Y]"
"1994","worldBank/UIS_ROFST_1","201","[]","[WorldBank_WDI_CSV]","[]","[P1Y]"
"1995","worldBank/BAR_PRM_CMPT_25UP_ZS","144","[Percent]","[WorldBank_WDI_CSV]","[]","[P1Y]"
"1995","worldBank/BAR_POP_75UP_FE","144","[]","[WorldBank_WDI_CSV]","[]","[P1Y]"
"2010","worldBank/PRJ_ATT_60UP_4_FE","167","[]","[WorldBank_WDI_CSV]","[]","[P1Y]"
"1994","worldBank/UIS_EA_3_AG25T99_F","161","[]","[WorldBank_WDI_CSV]","[]","[P1Y]"
"1970","worldBank/NY_ADJ_NNTY_PC_KD","183","[]","[WorldBank_WDI_CSV]","[]","[P1Y]"
"1995","worldBank/BAR_PRM_ICMP_15UP_ZS","144","[Percent]","[WorldBank_WDI_CSV]","[]","[P1Y]"
"1960","worldBank/NE_GDI_STKB_CD","188","[USDollar]","[WorldBank_WDI_CSV]","[]","[P1Y]"
"1960","worldBank/NE_CON_TOTL_CN","186","[]","[WorldBank_WDI_CSV]","[]","[P1Y]"
"1960","worldBank/NE_CON_GOVT_ZS","190","[Percent]","[WorldBank_WDI_CSV]","[]","[P1Y]"
"1994","worldBank/UIS_EA_3_AG25T99_M","161","[]","[WorldBank_WDI_CSV]","[]","[P1Y]"
"1960","worldBank/BN_TRF_KOGT_CD","191","[USDollar]","[WorldBank_WDI_CSV]","[]","[P1Y]"
"1960","worldBank/NE_CON_PRVT_ZS","192","[Percent]","[WorldBank_WDI_CSV]","[]","[P1Y]"
"1960","worldBank/NE_GDI_STKB_CN","188","[]","[WorldBank_WDI_CSV]","[]","[P1Y]"
"1960","worldBank/NY_GDP_FCST_KD","203","[]","[WorldBank_WDI_CSV]","[]","[P1Y]"
"1995","worldBank/BAR_SEC_CMPT_2529_FE_ZS","144","[Percent]","[WorldBank_WDI_CSV]","[]","[P1Y]"
"1995","worldBank/BAR_SEC_CMPT_6064_FE_ZS","144","[Percent]","[WorldBank_WDI_CSV]","[]","[P1Y]"
"2010","worldBank/PRJ_ATT_4064_3_FE","167","[]","[WorldBank_WDI_CSV]","[]","[P1Y]"
"1960","worldBank/NE_CON_TOTL_CD","190","[USDollar]","[WorldBank_WDI_CSV]","[]","[P1Y]"
"1995","worldBank/BAR_TER_CMPT_4549_FE_ZS","144","[Percent]","[WorldBank_WDI_CSV]","[]","[P1Y]"
"1999","worldBank/SE_PRM_CMPL_ZS","172","[Percent]","[WorldBank_WDI_CSV]","[]","[P1Y]"
"1960","worldBank/SP_DYN_SMAM_FE","212","[]","[WorldBank_WDI_CSV]","[]","[P1Y]"
"1994","worldBank/UIS_EA_4T6_AG25T99","162","[]","[WorldBank_WDI_CSV]","[]","[P1Y]"
"1994","worldBank/UIS_SLE_12_F","207","[]","[WorldBank_WDI_CSV]","[]","[P1Y]"
"2014","worldBank/mobileaccount_t_d_1","82","[]","[WorldBank_WDI_CSV]","[]","[P1Y]"
"2000","worldBank/SH_PRV_SMOK_FE","168","[]","[WorldBank_WDI_CSV]","[]","[P1Y]"
"1960","worldBank/NE_RSB_GNFS_KN","174","[]","[WorldBank_WDI_CSV]","[]","[P1Y]"
"1999","worldBank/OECD_TSAL_3_E0","54","[]","[WorldBank_WDI_CSV]","[]","[P1Y]"
"2014","worldBank/mobileaccount_t_d_2","82","[]","[WorldBank_WDI_CSV]","[]","[P1Y]"
"1960","worldBank/SP_POP_1564_TO","221","[]","[WorldBank_WDI_CSV]","[]","[P1Y]"
"1991","worldBank/SL_UEM_TOTL_ZS","191","[Percent]","[WorldBank_WDI_CSV]","[]","[P1Y]"
"1995","worldBank/BAR_TER_ICMP_2529_ZS","144","[Percent]","[WorldBank_WDI_CSV]","[]","[P1Y]"
"1994","worldBank/UIS_EA_1_AG25T99","159","[]","[WorldBank_WDI_CSV]","[]","[P1Y]"
"2000","worldBank/FB_AST_NPER_ZS","150","[Percent]","[WorldBank_WDI_CSV]","[]","[P1Y]"
"1995","worldBank/BAR_PRM_CMPT_75UP_ZS","144","[Percent]","[WorldBank_WDI_CSV]","[]","[P1Y]"
"1970","worldBank/DT_TDS_MLAT_PG_ZS","123","[Percent]","[WorldBank_WDI_CSV]","[]","[P1Y]"
"2010","worldBank/PRJ_ATT_25UP_NED_FE","167","[]","[WorldBank_WDI_CSV]","[]","[P1Y]"
"2007","worldBank/TX_VAL_TECH_MF_ZS","190","[Percent]","[WorldBank_WDI_CSV]","[]","[P1Y]"
"1960","worldBank/NY_GDS_TOTL_CD","190","[USDollar]","[WorldBank_WDI_CSV]","[]","[P1Y]"
"1990","worldBank/EN_ATM_SF6G_KT_CE","142","[]","[WorldBank_WDI_CSV]","[]","[P1Y]"
"1960","worldBank/BX_TRF_CURR_CD","200","[USDollar]","[WorldBank_WDI_CSV]","[]","[P1Y]"
"1960","worldBank/SP_POP_4044_FE","221","[]","[WorldBank_WDI_CSV]","[]","[P1Y]"
"2010","worldBank/PRJ_POP_1519_1_MF","167","[]","[WorldBank_WDI_CSV]","[]","[P1Y]"
"2010","worldBank/PRJ_ATT_25UP_1_MF","167","[]","[WorldBank_WDI_CSV]","[]","[P1Y]"
"1960","worldBank/NY_GDS_TOTL_CN","186","[]","[WorldBank_WDI_CSV]","[]","[P1Y]"
"2007","worldBank/LP_EXP_DURS_MD","159","[]","[WorldBank_WDI_CSV]","[]","[P1Y]"
"1995","worldBank/BAR_TER_CMPT_15UP_FE_ZS","144","[Percent]","[WorldBank_WDI_CSV]","[]","[P1Y]"
"1960","worldBank/SL_UEM_TOTL_NE_ZS","213","[Percent]","[WorldBank_WDI_CSV]","[]","[P1Y]"
"1980","worldBank/SH_IMM_MEAS","197","[]","[WorldBank_WDI_CSV]","[]","[P1Y]"
"1990","worldBank/VC_IHR_PSRC_P5","200","[]","[WorldBank_WDI_CSV]","[]","[P1Y]"
"1995","worldBank/BAR_PRM_ICMP_4044_ZS","144","[Percent]","[WorldBank_WDI_CSV]","[]","[P1Y]"
"1995","worldBank/UIS_XSPENDP_56_FDPUB_FNCUR","164","[]","[WorldBank_WDI_CSV]","[]","[P1Y]"
"1960","worldBank/EN_ATM_CO2E_LF_KT","211","[]","[WorldBank_WDI_CSV]","[]","[P1Y]"
"2000","worldBank/BI_EMP_TOTL_PB_UR_ZS","131","[Percent]","[WorldBank_WDI_CSV]","[]","[P1Y]"
"1995","worldBank/BAR_SEC_SCHL_6569_FE","144","[]","[WorldBank_WDI_CSV]","[]","[P1Y]"
"2010","worldBank/PRJ_ATT_25UP_1_MA","167","[]","[WorldBank_WDI_CSV]","[]","[P1Y]"
"2011","worldBank/FX_OWN_TOTL_YG_ZS","162","[Percent]","[WorldBank_WDI_CSV]","[]","[P1Y]"
"1961","worldBank/NE_CON_TOTL_KD_ZG","179","[]","[WorldBank_WDI_CSV]","[]","[P1Y]"
"2010","worldBank/PRJ_POP_1519_1_MA","167","[]","[WorldBank_WDI_CSV]","[]","[P1Y]"
"1991","worldBank/SL_SRV_EMPL_FE_ZS","191","[Percent]","[WorldBank_WDI_CSV]","[]","[P1Y]"
"1995","worldBank/BAR_SEC_SCHL_25UP","144","[]","[WorldBank_WDI_CSV]","[]","[P1Y]"
"1960","worldBank/NV_AGR_TOTL_CD","210","[USDollar]","[WorldBank_WDI_CSV]","[]","[P1Y]"
"1983","worldBank/SH_SVR_WAST_ZS","163","[Percent]","[WorldBank_WDI_CSV]","[]","[P1Y]"
"1994","worldBank/UIS_EA_2_AG25T99_F","159","[]","[WorldBank_WDI_CSV]","[]","[P1Y]"
"1994","worldBank/UIS_E_3_F","212","[]","[WorldBank_WDI_CSV]","[]","[P1Y]"
"1998","worldBank/SE_TER_GRAD_FE_AG_ZS","137","[Percent]","[WorldBank_WDI_CSV]","[]","[P1Y]"
"1997","worldBank/UIS_GTVP_2_V_M","112","[]","[WorldBank_WDI_CSV]","[]","[P1Y]"
"1995","worldBank/BAR_TER_ICMP_1519_ZS","144","[Percent]","[WorldBank_WDI_CSV]","[]","[P1Y]"
"1990","worldBank/EG_ELC_ACCS_ZS","220","[Percent]","[WorldBank_WDI_CSV]","[]","[P1Y]"
"1994","worldBank/UIS_GER_3_GPI","207","[]","[WorldBank_WDI_CSV]","[]","[P1Y]"
"1994","worldBank/UIS_EA_2_AG25T99_M","159","[]","[WorldBank_WDI_CSV]","[]","[P1Y]"
"1960","worldBank/NV_AGR_TOTL_CN","206","[]","[WorldBank_WDI_CSV]","[]","[P1Y]"
"1970","worldBank/SE_SEC_CUAT_LO_MA_ZS","203","[Percent]","[WorldBank_WDI_CSV]","[]","[P1Y]"
"1995","worldBank/BAR_PRM_ICMP_25UP_FE_ZS","144","[Percent]","[WorldBank_WDI_CSV]","[]","[P1Y]"
"1996","worldBank/SH_HIV_1524_KW_MA_ZS","106","[Percent]","[WorldBank_WDI_CSV]","[]","[P1Y]"
"1960","worldBank/NE_EXP_GNFS_KD","188","[]","[WorldBank_WDI_CSV]","[]","[P1Y]"
"2010","worldBank/HD_HCI_LAYS_MA","163","[]","[WorldBank_WDI_CSV]","[]","[P1Y]"
"1997","worldBank/UIS_REPR_2_GPV","183","[]","[WorldBank_WDI_CSV]","[]","[P1Y]"
"2000","worldBank/BI_EMP_PWRK_PB_CK_ZS","111","[Percent]","[WorldBank_WDI_CSV]","[]","[P1Y]"
"1991","worldBank/SL_EMP_VULN_FE_ZS","191","[Percent]","[WorldBank_WDI_CSV]","[]","[P1Y]"
"1970","worldBank/SE_SEC_NENR_MA","191","[]","[WorldBank_WDI_CSV]","[]","[P1Y]"
"1997","worldBank/UIS_FEP_3_V","184","[]","[WorldBank_WDI_CSV]","[]","[P1Y]"
"1995","worldBank/BAR_PRM_SCHL_25UP_FE","144","[]","[WorldBank_WDI_CSV]","[]","[P1Y]"
"1990","worldBank/NV_MNF_TECH_ZS_UN","153","[Percent]","[WorldBank_WDI_CSV]","[]","[P1Y]"
"1970","worldBank/BM_KLT_DINV_CD_WD","202","[USDollar]","[WorldBank_WDI_CSV]","[]","[P1Y]"
"1995","worldBank/BAR_SCHL_7074","144","[]","[WorldBank_WDI_CSV]","[]","[P1Y]"
"1990","worldBank/SH_HIV_INCD_YG_P3","138","[]","[WorldBank_WDI_CSV]","[]","[P1Y]"
"1970","worldBank/DT_DOD_MIDA_CD","107","[USDollar]","[WorldBank_WDI_CSV]","[]","[P1Y]"
"2010","worldBank/PRJ_POP_1519_S1_FE","167","[]","[WorldBank_WDI_CSV]","[]","[P1Y]"
"1970","worldBank/SE_PRM_TENR_FE","196","[]","[WorldBank_WDI_CSV]","[]","[P1Y]"
"2010","worldBank/PRJ_ATT_2529_S1_MA","167","[]","[WorldBank_WDI_CSV]","[]","[P1Y]"
"2010","worldBank/PRJ_MYS_2024_MA","167","[]","[WorldBank_WDI_CSV]","[]","[P1Y]"
"1970","worldBank/EN_CLC_CDDY_XD","193","[Celsius]","[WorldBank_WDI_CSV]","[]","[P1Y]"
"1960","worldBank/NE_EXP_GNFS_CD","196","[USDollar]","[WorldBank_WDI_CSV]","[]","[P1Y]"
"2010","worldBank/PRJ_ATT_2529_S1_MF","167","[]","[WorldBank_WDI_CSV]","[]","[P1Y]"
"1994","worldBank/UIS_XGDP_0_FSGOV","183","[]","[WorldBank_WDI_CSV]","[]","[P1Y]"
"1960","worldBank/NE_EXP_GNFS_CN","192","[]","[WorldBank_WDI_CSV]","[]","[P1Y]"
"1990","worldBank/SL_TLF_ACTI_MA_ZS","191","[Percent]","[WorldBank_WDI_CSV]","[]","[P1Y]"
"1972","worldBank/GC_XPN_GSRV_CN","158","[]","[WorldBank_WDI_CSV]","[]","[P1Y]"
"1995","worldBank/BAR_TER_ICMP_1519_FE_ZS","144","[Percent]","[WorldBank_WDI_CSV]","[]","[P1Y]"
"2010","worldBank/PRJ_MYS_2024_MF","167","[]","[WorldBank_WDI_CSV]","[]","[P1Y]"
"1997","worldBank/UIS_GTVP_2_V_F","112","[]","[WorldBank_WDI_CSV]","[]","[P1Y]"
"1960","worldBank/DC_DAC_NORL_CD","170","[USDollar]","[WorldBank_WDI_CSV]","[]","[P1Y]"
"1970","worldBank/SE_SEC_ENRL_FE_ZS","213","[Percent]","[WorldBank_WDI_CSV]","[]","[P1Y]"
"2000","worldBank/BI_WAG_PRVS_FM_MD","112","[]","[WorldBank_WDI_CSV]","[]","[P1Y]"
"1991","worldBank/SL_SRV_EMPL_MA_ZS","191","[Percent]","[WorldBank_WDI_CSV]","[]","[P1Y]"
"1994","worldBank/SL_TLF_0714_MA_ZS","100","[Percent]","[WorldBank_WDI_CSV]","[]","[P1Y]"
"1960","worldBank/SP_POP_65UP_MA_IN","221","[]","[WorldBank_WDI_CSV]","[]","[P1Y]"
"1994","worldBank/UIS_SLE_56_F","195","[]","[WorldBank_WDI_CSV]","[]","[P1Y]"
"2010","worldBank/PRJ_POP_ALL_4_MA","167","[]","[WorldBank_WDI_CSV]","[]","[P1Y]"
"2015","worldBank/ENF_CONT_COEN_DB1719_DFRN","213","[]","[WorldBank_WDI_CSV]","[]","[P1Y]"
"1995","worldBank/BAR_SEC_SCHL_3539","144","[]","[WorldBank_WDI_CSV]","[]","[P1Y]"
"1987","worldBank/GFDD_AM_03","24","[]","[WorldBank_WDI_CSV]","[]","[P1Y]"
"1994","worldBank/UIS_LPP_AG15T24","164","[]","[WorldBank_WDI_CSV]","[]","[P1Y]"
"1998","worldBank/GFDD_AM_02","60","[]","[WorldBank_WDI_CSV]","[]","[P1Y]"
"2010","worldBank/PRJ_POP_ALL_4_MF","167","[]","[WorldBank_WDI_CSV]","[]","[P1Y]"
"1960","worldBank/SP_POP_DPND","221","[]","[WorldBank_WDI_CSV]","[]","[P1Y]"
"1998","worldBank/GFDD_AM_01","60","[]","[WorldBank_WDI_CSV]","[]","[P1Y]"
"1960","worldBank/SP_POP_7579_FE","221","[]","[WorldBank_WDI_CSV]","[]","[P1Y]"
"1960","worldBank/NE_GDI_FPRV_CN","107","[]","[WorldBank_WDI_CSV]","[]","[P1Y]"
"1960","worldBank/DT_ODA_ODAT_CD","174","[USDollar]","[WorldBank_WDI_CSV]","[]","[P1Y]"
"1995","worldBank/BAR_PRM_SCHL_2024","144","[]","[WorldBank_WDI_CSV]","[]","[P1Y]"
"1960","worldBank/IT_MLT_MAIN_P2","217","[]","[WorldBank_WDI_CSV]","[]","[P1Y]"
"1994","worldBank/SL_TLF_0714_FE_ZS","100","[Percent]","[WorldBank_WDI_CSV]","[]","[P1Y]"
"1960","worldBank/NY_GDP_DISC_KN","168","[]","[WorldBank_WDI_CSV]","[]","[P1Y]"
"1960","worldBank/TX_VAL_MRCH_R2_ZS","208","[Percent]","[WorldBank_WDI_CSV]","[]","[P1Y]"
"1986","worldBank/SH_SVR_WAST_FE_ZS","159","[Percent]","[WorldBank_WDI_CSV]","[]","[P1Y]"
"1970","worldBank/SE_ENR_TERT_FM_ZS","207","[Percent]","[WorldBank_WDI_CSV]","[]","[P1Y]"
"1970","worldBank/GC_AST_TOTL_CN","145","[]","[WorldBank_WDI_CSV]","[]","[P1Y]"
"1995","worldBank/BAR_PRM_CMPT_6569_FE_ZS","144","[Percent]","[WorldBank_WDI_CSV]","[]","[P1Y]"
"1963","worldBank/NV_MNF_CHEM_ZS_UN","160","[Percent]","[WorldBank_WDI_CSV]","[]","[P1Y]"
"1970","worldBank/SE_TER_ENRR","207","[]","[WorldBank_WDI_CSV]","[]","[P1Y]"
"1994","worldBank/UIS_SLE_12_M","207","[]","[WorldBank_WDI_CSV]","[]","[P1Y]"
"1960","worldBank/SP_DYN_SMAM_MA","210","[]","[WorldBank_WDI_CSV]","[]","[P1Y]"
"1970","worldBank/DC_DAC_NZLL_CD","145","[USDollar]","[WorldBank_WDI_CSV]","[]","[P1Y]"
"1960","worldBank/SL_TLF_CACT_MA_NE_ZS","214","[Percent]","[WorldBank_WDI_CSV]","[]","[P1Y]"
"2000","worldBank/BI_EMP_PWRK_PB_PN_ZS","114","[Percent]","[WorldBank_WDI_CSV]","[]","[P1Y]"
"1960","worldBank/BM_GSR_MRCH_CD","200","[USDollar]","[WorldBank_WDI_CSV]","[]","[P1Y]"
"2000","worldBank/SH_DTH_NCOM_0004_FE_ZS","187","[Percent]","[WorldBank_WDI_CSV]","[]","[P1Y]"
"1960","worldBank/NY_GDP_FCST_CN","205","[]","[WorldBank_WDI_CSV]","[]","[P1Y]"
"2010","worldBank/PRJ_ATT_15UP_3_FE","167","[]","[WorldBank_WDI_CSV]","[]","[P1Y]"
"1970","worldBank/SE_SEC_PROG_ZS","195","[Percent]","[WorldBank_WDI_CSV]","[]","[P1Y]"
"2010","worldBank/PRJ_ATT_2039_1_FE","167","[]","[WorldBank_WDI_CSV]","[]","[P1Y]"
"1995","worldBank/UIS_XSPENDP_3_FDPUB_FNCAP","153","[]","[WorldBank_WDI_CSV]","[]","[P1Y]"
"1960","worldBank/NY_GDP_FCST_CD","209","[USDollar]","[WorldBank_WDI_CSV]","[]","[P1Y]"
"1995","worldBank/BAR_PRM_ICMP_3539_FE_ZS","144","[Percent]","[WorldBank_WDI_CSV]","[]","[P1Y]"
"2006","worldBank/SH_PRG_SYPH_ZS","140","[Percent]","[WorldBank_WDI_CSV]","[]","[P1Y]"
"1970","worldBank/DT_NFL_PROP_CD","116","[USDollar]","[WorldBank_WDI_CSV]","[]","[P1Y]"
"1990","worldBank/NY_ADJ_DPEM_CD","179","[USDollar]","[WorldBank_WDI_CSV]","[]","[P1Y]"
"1984","worldBank/HF_UHC_NOP3_CG","149","[]","[WorldBank_WDI_CSV]","[]","[P1Y]"
"1960","worldBank/TX_VAL_MRCH_RS_ZS","209","[Percent]","[WorldBank_WDI_CSV]","[]","[P1Y]"
"1960","worldBank/SP_POP_3034_FE","221","[]","[WorldBank_WDI_CSV]","[]","[P1Y]"
"1995","worldBank/BAR_PRM_SCHL_5559","144","[]","[WorldBank_WDI_CSV]","[]","[P1Y]"
"2010","worldBank/PRJ_ATT_80UP_3_MF","167","[]","[WorldBank_WDI_CSV]","[]","[P1Y]"
"1975","worldBank/SH_STA_OWAD_MA_ZS","200","[Percent]","[WorldBank_WDI_CSV]","[]","[P1Y]"
"1994","worldBank/UIS_GER_12_M","207","[]","[WorldBank_WDI_CSV]","[]","[P1Y]"
"1994","worldBank/UIS_GER_12_F","207","[]","[WorldBank_WDI_CSV]","[]","[P1Y]"
"1990","worldBank/4_1_1_TOTAL_ELECTRICITY_OUTPUT","229","[GigawattHour]","[WorldBank_WDI_CSV]","[]","[P1Y]"
"1998","worldBank/SE_PRM_NINT_ZS","172","[Percent]","[WorldBank_WDI_CSV]","[]","[P1Y]"
"2000","worldBank/BI_PWK_AGES_PB_MD","131","[]","[WorldBank_WDI_CSV]","[]","[P1Y]"
"1970","worldBank/SE_SEC_CUAT_LO_FE_ZS","203","[Percent]","[WorldBank_WDI_CSV]","[]","[P1Y]"
"2010","worldBank/PRJ_ATT_80UP_3_MA","167","[]","[WorldBank_WDI_CSV]","[]","[P1Y]"
"1960","worldBank/FM_AST_NFRG_CN","186","[]","[WorldBank_WDI_CSV]","[]","[P1Y]"
"1970","worldBank/GC_AST_TOTL_GD_ZS","148","[Percent]","[WorldBank_WDI_CSV]","[]","[P1Y]"
"1960","worldBank/NV_SRV_TOTL_KN","199","[]","[WorldBank_WDI_CSV]","[]","[P1Y]"
"1970","worldBank/SE_ADT_LITR_ZS","173","[Percent]","[WorldBank_WDI_CSV]","[]","[P1Y]"
"1972","worldBank/GC_LBL_TOTL_GD_ZS","151","[Percent]","[WorldBank_WDI_CSV]","[]","[P1Y]"
"1995","worldBank/BAR_SCHL_4044","144","[]","[WorldBank_WDI_CSV]","[]","[P1Y]"
"1980","worldBank/SH_STA_BRTC_ZS","210","[Percent]","[WorldBank_WDI_CSV]","[]","[P1Y]"
"1970","worldBank/SE_PRM_CMPT_MA_ZS","200","[Percent]","[WorldBank_WDI_CSV]","[]","[P1Y]"
"1960","worldBank/NV_SRV_TOTL_KD","206","[]","[WorldBank_WDI_CSV]","[]","[P1Y]"
"1961","worldBank/NE_GDI_TOTL_KD_ZG","174","[]","[WorldBank_WDI_CSV]","[]","[P1Y]"
"1960","worldBank/BM_GSR_TRVL_ZS","202","[Percent]","[WorldBank_WDI_CSV]","[]","[P1Y]"
"2002","worldBank/AG_LND_FRLS_HA","188","[Hectare]","[WorldBank_WDI_CSV]","[]","[P1Y]"
"1995","worldBank/UIS_XSPENDP_3_FDPUB_FNCUR","153","[]","[WorldBank_WDI_CSV]","[]","[P1Y]"
"1960","worldBank/NE_GDI_STKB_KN","123","[]","[WorldBank_WDI_CSV]","[]","[P1Y]"
"1997","worldBank/UIS_E_8_F","169","[]","[WorldBank_WDI_CSV]","[]","[P1Y]"
"2008","worldBank/VC_IDP_NWDS","203","[]","[WorldBank_WDI_CSV]","[]","[P1Y]"
"2004","worldBank/GF_XPD_BUDG_ZS","170","[Percent]","[WorldBank_WDI_CSV]","[]","[P1Y]"
"1970","worldBank/SE_PRM_ENRR","213","[]","[WorldBank_WDI_CSV]","[]","[P1Y]"
"1960","worldBank/NE_RSB_GNFS_CD","192","[USDollar]","[WorldBank_WDI_CSV]","[]","[P1Y]"
"1972","worldBank/GC_TAX_GSRV_CN","161","[]","[WorldBank_WDI_CSV]","[]","[P1Y]"
"1995","worldBank/BAR_NOED_15UP_FE_ZS","144","[Percent]","[WorldBank_WDI_CSV]","[]","[P1Y]"
"1995","worldBank/BAR_TER_ICMP_4044_ZS","144","[Percent]","[WorldBank_WDI_CSV]","[]","[P1Y]"
"2000","worldBank/BI_PWK_PUBS_NN_ZS","119","[Percent]","[WorldBank_WDI_CSV]","[]","[P1Y]"
"1961","worldBank/NY_GDP_PCAP_KD_ZG","218","[]","[WorldBank_WDI_CSV]","[]","[P1Y]"
"1995","worldBank/BAR_NOED_5054_FE_ZS","144","[Percent]","[WorldBank_WDI_CSV]","[]","[P1Y]"
"1995","worldBank/UIS_XSPENDP_1_FDPUB_FNCUR","167","[]","[WorldBank_WDI_CSV]","[]","[P1Y]"
"1960","worldBank/SL_UEM_TOTL_FE_NE_ZS","211","[Percent]","[WorldBank_WDI_CSV]","[]","[P1Y]"
"1960","worldBank/NE_CON_GOVT_CD","190","[USDollar]","[WorldBank_WDI_CSV]","[]","[P1Y]"
"1995","worldBank/BAR_TER_ICMP_15UP_ZS","144","[Percent]","[WorldBank_WDI_CSV]","[]","[P1Y]"
"1960","worldBank/NE_RSB_GNFS_CN","192","[]","[WorldBank_WDI_CSV]","[]","[P1Y]"
"1963","worldBank/SI_POV_GINI","171","[Percent]","[WorldBank_WDI_CSV]","[]","[P1Y]"
"1990","worldBank/NY_ADJ_DPEM_GN_ZS","181","[Percent]","[WorldBank_WDI_CSV]","[]","[P1Y]"
"2011","worldBank/fin2_t_d_11","144","[]","[WorldBank_WDI_CSV]","[]","[P1Y]"
"1960","worldBank/NV_AGR_TOTL_ZS","210","[Percent]","[WorldBank_WDI_CSV]","[]","[P1Y]"
"2011","worldBank/fin2_t_d_12","144","[]","[WorldBank_WDI_CSV]","[]","[P1Y]"
"1995","worldBank/BAR_TER_SCHL_2024","144","[]","[WorldBank_WDI_CSV]","[]","[P1Y]"
"1990","worldBank/DT_ODA_ODAT_CD1","173","[USDollar]","[WorldBank_WDI_CSV]","[]","[P1Y]"
"2009","worldBank/VC_IDP_NWCV","72","[]","[WorldBank_WDI_CSV]","[]","[P1Y]"
"1960","worldBank/ER_FSH_PROD_MT","220","[]","[WorldBank_WDI_CSV]","[]","[P1Y]"
"1970","worldBank/NY_ADJ_DMIN_CD","217","[USDollar]","[WorldBank_WDI_CSV]","[]","[P1Y]"
"1995","worldBank/BAR_TER_ICMP_6064_ZS","144","[Percent]","[WorldBank_WDI_CSV]","[]","[P1Y]"
"1999","worldBank/per_si_allsi_cov_q5_tot","118","[]","[WorldBank_WDI_CSV]","[]","[P1Y]"
"2010","worldBank/PRJ_ATT_15UP_S1_FE","167","[]","[WorldBank_WDI_CSV]","[]","[P1Y]"
"1970","worldBank/SL_UEM_ADVN_ZS","191","[Percent]","[WorldBank_WDI_CSV]","[]","[P1Y]"
"1970","worldBank/DT_DOD_DIMF_CD","123","[USDollar]","[WorldBank_WDI_CSV]","[]","[P1Y]"
"1995","worldBank/BAR_TER_ICMP_25UP_FE_ZS","144","[Percent]","[WorldBank_WDI_CSV]","[]","[P1Y]"
"2010","worldBank/PRJ_ATT_80UP_NED_FE","167","[]","[WorldBank_WDI_CSV]","[]","[P1Y]"
"1998","worldBank/UIS_PTRHC_02_TRAINED","127","[]","[WorldBank_WDI_CSV]","[]","[P1Y]"
"1960","worldBank/BX_GSR_TRAN_ZS","202","[Percent]","[WorldBank_WDI_CSV]","[]","[P1Y]"
"2000","worldBank/SH_DTH_NCOM_1559_ZS","187","[Percent]","[WorldBank_WDI_CSV]","[]","[P1Y]"
"1990","worldBank/EG_ELC_ACCS_RU_ZS","218","[Percent]","[WorldBank_WDI_CSV]","[]","[P1Y]"
"1970","worldBank/EN_ATM_NOXE_AG_ZS","213","[Percent]","[WorldBank_WDI_CSV]","[]","[P1Y]"
"1995","worldBank/BAR_PRM_ICMP_7074_FE_ZS","144","[Percent]","[WorldBank_WDI_CSV]","[]","[P1Y]"
"2010","worldBank/PRJ_ATT_4064_NED_FE","167","[]","[WorldBank_WDI_CSV]","[]","[P1Y]"
"1972","worldBank/GC_NFN_TOTL_CN","159","[]","[WorldBank_WDI_CSV]","[]","[P1Y]"
"1990","worldBank/SH_HIV_1524_MA_ZS","147","[Percent]","[WorldBank_WDI_CSV]","[]","[P1Y]"
"1970","worldBank/SE_SEC_ENRL_MA_VO_ZS","209","[Percent]","[WorldBank_WDI_CSV]","[]","[P1Y]"
"1984","worldBank/HF_UHC_OOPC_10_ZS","149","[Percent]","[WorldBank_WDI_CSV]","[]","[P1Y]"
"1970","worldBank/NY_ADJ_SVNX_GN_ZS","169","[Percent]","[WorldBank_WDI_CSV]","[]","[P1Y]"
"1962","worldBank/TX_VAL_FOOD_ZS_UN","202","[Percent]","[WorldBank_WDI_CSV]","[]","[P1Y]"
"2007","worldBank/TX_VAL_TECH_CD","190","[USDollar]","[WorldBank_WDI_CSV]","[]","[P1Y]"
"1985","worldBank/SI_POV_NAHC","162","[]","[WorldBank_WDI_CSV]","[]","[P1Y]"
"1970","worldBank/SL_TLF_ADVN_FE_ZS","187","[Percent]","[WorldBank_WDI_CSV]","[]","[P1Y]"
"1994","worldBank/UIS_SR_1_G5_GPI","164","[]","[WorldBank_WDI_CSV]","[]","[P1Y]"
"1996","worldBank/CC_PER_RNK_UPPER","205","[]","[WorldBank_WDI_CSV]","[]","[P1Y]"
"2003","worldBank/RESLV_ISV_MGDA_XD_DB1519","213","[]","[WorldBank_WDI_CSV]","[]","[P1Y]"
"1962","worldBank/ER_H2O_FWTL_ZS","181","[Percent]","[WorldBank_WDI_CSV]","[]","[P1Y]"
"1960","worldBank/NE_CON_TOTL_ZS","186","[Percent]","[WorldBank_WDI_CSV]","[]","[P1Y]"
"1995","worldBank/BAR_SEC_ICMP_2529_ZS","144","[Percent]","[WorldBank_WDI_CSV]","[]","[P1Y]"
"2000","worldBank/BI_PWK_PRVS_PR_ZS","131","[Percent]","[WorldBank_WDI_CSV]","[]","[P1Y]"
"1995","worldBank/BAR_TER_SCHL_5559","144","[]","[WorldBank_WDI_CSV]","[]","[P1Y]"
"2010","worldBank/PRJ_ATT_25UP_4_MF","167","[]","[WorldBank_WDI_CSV]","[]","[P1Y]"
"1961","worldBank/NV_SRV_TOTL_KD_ZG","201","[]","[WorldBank_WDI_CSV]","[]","[P1Y]"
"1995","worldBank/UIS_XSPENDP_2_FDPUB_FNNONS","142","[]","[WorldBank_WDI_CSV]","[]","[P1Y]"
"2010","worldBank/PRJ_ATT_25UP_4_MA","167","[]","[WorldBank_WDI_CSV]","[]","[P1Y]"
"1960","worldBank/DC_DAC_DEUL_CD","181","[USDollar]","[WorldBank_WDI_CSV]","[]","[P1Y]"
"1994","worldBank/UIS_OFST_3_M_CP","190","[]","[WorldBank_WDI_CSV]","[]","[P1Y]"
"1970","worldBank/SE_SEC_ENRR_FE","211","[]","[WorldBank_WDI_CSV]","[]","[P1Y]"
"1994","worldBank/UIS_REPR_2_GPV_G4_F","79","[]","[WorldBank_WDI_CSV]","[]","[P1Y]"
"2000","worldBank/BI_EMP_TOTL_PB_TT_ZS","137","[Percent]","[WorldBank_WDI_CSV]","[]","[P1Y]"
"1960","worldBank/NY_TTF_GNFS_KN","178","[]","[WorldBank_WDI_CSV]","[]","[P1Y]"
"1962","worldBank/ER_GDP_FWTL_M3_KD","184","[]","[WorldBank_WDI_CSV]","[]","[P1Y]"
"1962","worldBank/TX_VAL_MMTL_ZS_UN","201","[Percent]","[WorldBank_WDI_CSV]","[]","[P1Y]"
"1995","worldBank/BAR_PRM_ICMP_3034_ZS","144","[Percent]","[WorldBank_WDI_CSV]","[]","[P1Y]"
"1991","worldBank/SL_UEM_1524_FM_ZS","191","[Percent]","[WorldBank_WDI_CSV]","[]","[P1Y]"
"1960","worldBank/NE_EXP_GNFS_KN","178","[]","[WorldBank_WDI_CSV]","[]","[P1Y]"
"1970","worldBank/NY_ADJ_DKAP_CD","206","[USDollar]","[WorldBank_WDI_CSV]","[]","[P1Y]"
"1997","worldBank/UIS_REPR_2_GPV_M","181","[]","[WorldBank_WDI_CSV]","[]","[P1Y]"
"1995","worldBank/UIS_EA_5T8_AG25T99","160","[]","[WorldBank_WDI_CSV]","[]","[P1Y]"
"1986","worldBank/SH_SVR_WAST_MA_ZS","159","[Percent]","[WorldBank_WDI_CSV]","[]","[P1Y]"
"1977","worldBank/DT_NFL_UNFP_CD","172","[USDollar]","[WorldBank_WDI_CSV]","[]","[P1Y]"
"2000","worldBank/BI_PWK_PRVS_NN_ZS","124","[Percent]","[WorldBank_WDI_CSV]","[]","[P1Y]"
"1970","worldBank/SE_SEC_PROG_MA_ZS","193","[Percent]","[WorldBank_WDI_CSV]","[]","[P1Y]"
"1990","worldBank/SE_TER_CUAT_MS_MA_ZS","166","[Percent]","[WorldBank_WDI_CSV]","[]","[P1Y]"
"2000","worldBank/BI_PWK_PUBS_EO_FE_ZS","99","[Percent]","[WorldBank_WDI_CSV]","[]","[P1Y]"
"2000","worldBank/SH_STA_TRAF_P5","194","[]","[WorldBank_WDI_CSV]","[]","[P1Y]"
"1995","worldBank/BAR_PRM_SCHL_6569_FE","144","[]","[WorldBank_WDI_CSV]","[]","[P1Y]"
"2003","worldBank/IC_REG_DURS","195","[]","[WorldBank_WDI_CSV]","[]","[P1Y]"
"1970","worldBank/DT_TDS_MLAT_CD","123","[USDollar]","[WorldBank_WDI_CSV]","[]","[P1Y]"
"1990","worldBank/SP_HOU_FEMA_ZS","78","[Percent]","[WorldBank_WDI_CSV]","[]","[P1Y]"
"1960","worldBank/DC_DAC_KORL_CD","170","[USDollar]","[WorldBank_WDI_CSV]","[]","[P1Y]"
"1960","worldBank/DT_ODA_ODAT_KD","174","[]","[WorldBank_WDI_CSV]","[]","[P1Y]"
"1994","worldBank/UIS_SLE_1_GPI","205","[]","[WorldBank_WDI_CSV]","[]","[P1Y]"
"1995","worldBank/BAR_SCHL_4549_FE","144","[]","[WorldBank_WDI_CSV]","[]","[P1Y]"
"1995","worldBank/BAR_PRM_ICMP_1519_ZS","144","[Percent]","[WorldBank_WDI_CSV]","[]","[P1Y]"
"1970","worldBank/SE_ADT_LITR_MA_ZS","173","[Percent]","[WorldBank_WDI_CSV]","[]","[P1Y]"
"1995","worldBank/BAR_TER_SCHL_2024_FE","144","[]","[WorldBank_WDI_CSV]","[]","[P1Y]"
"1994","worldBank/UIS_REPR_1","186","[]","[WorldBank_WDI_CSV]","[]","[P1Y]"
"1960","worldBank/NY_GDS_TOTL_ZS","190","[Percent]","[WorldBank_WDI_CSV]","[]","[P1Y]"
"2010","worldBank/PRJ_MYS_2024_FE","167","[]","[WorldBank_WDI_CSV]","[]","[P1Y]"
"1995","worldBank/BAR_NOED_6569_ZS","144","[Percent]","[WorldBank_WDI_CSV]","[]","[P1Y]"
"1994","worldBank/UIS_REPR_2_GPV_G4_M","79","[]","[WorldBank_WDI_CSV]","[]","[P1Y]"
"1960","worldBank/SP_POP_AG01_FE_IN","217","[]","[WorldBank_WDI_CSV]","[]","[P1Y]"
"1970","worldBank/SE_TER_ENRR_MA","207","[]","[WorldBank_WDI_CSV]","[]","[P1Y]"
"1960","worldBank/NE_CON_GOVT_CN","186","[]","[WorldBank_WDI_CSV]","[]","[P1Y]"
"1960","worldBank/SP_POP_TOTL","221","[]","[WorldBank_WDI_CSV]","[]","[P1Y]"
"2000","worldBank/SH_DYN_STLB","200","[]","[WorldBank_WDI_CSV]","[]","[P1Y]"
"1995","worldBank/BAR_PRM_CMPT_7074_ZS","144","[Percent]","[WorldBank_WDI_CSV]","[]","[P1Y]"
"1972","worldBank/GC_XPN_GSRV_ZS","160","[Percent]","[WorldBank_WDI_CSV]","[]","[P1Y]"
"1995","worldBank/BAR_TER_ICMP_3034_FE_ZS","144","[Percent]","[WorldBank_WDI_CSV]","[]","[P1Y]"
"1960","worldBank/FM_LBL_BMNY_CN","166","[]","[WorldBank_WDI_CSV]","[]","[P1Y]"
"1961","worldBank/SP_DYN_CONU_ZS","188","[Percent]","[WorldBank_WDI_CSV]","[]","[P1Y]"
"2010","worldBank/PRJ_ATT_2064_4_MA","167","[]","[WorldBank_WDI_CSV]","[]","[P1Y]"
"2000","worldBank/BI_WAG_CPRS_PV_ZS","109","[Percent]","[WorldBank_WDI_CSV]","[]","[P1Y]"
"1961","worldBank/FM_AST_PRVT_ZG_M3","166","[]","[WorldBank_WDI_CSV]","[]","[P1Y]"
"1960","worldBank/TX_VAL_OTHR_ZS_WT","202","[Percent]","[WorldBank_WDI_CSV]","[]","[P1Y]"
"1999","worldBank/OECD_TSAL_1_ETOP","53","[]","[WorldBank_WDI_CSV]","[]","[P1Y]"
"2000","worldBank/SH_PRV_SMOK_MA","168","[]","[WorldBank_WDI_CSV]","[]","[P1Y]"
"2000","worldBank/BI_EMP_PWRK_PB_EO_ZS","114","[Percent]","[WorldBank_WDI_CSV]","[]","[P1Y]"
"2010","worldBank/PRJ_ATT_2039_1_MF","167","[]","[WorldBank_WDI_CSV]","[]","[P1Y]"
"2010","worldBank/PRJ_ATT_2064_4_MF","167","[]","[WorldBank_WDI_CSV]","[]","[P1Y]"
"1995","worldBank/BAR_TER_SCHL_6569_FE","144","[]","[WorldBank_WDI_CSV]","[]","[P1Y]"
"2010","worldBank/PRJ_ATT_2039_1_MA","167","[]","[WorldBank_WDI_CSV]","[]","[P1Y]"
"1991","worldBank/SL_UEM_1524_MA_ZS","191","[Percent]","[WorldBank_WDI_CSV]","[]","[P1Y]"
"1960","worldBank/NE_GDI_FPRV_ZS","108","[Percent]","[WorldBank_WDI_CSV]","[]","[P1Y]"
"1994","worldBank/UIS_T_3_F","188","[]","[WorldBank_WDI_CSV]","[]","[P1Y]"
"1994","worldBank/UIS_SAP_4","175","[]","[WorldBank_WDI_CSV]","[]","[P1Y]"
"1995","worldBank/BAR_PRM_SCHL_2024_FE","144","[]","[WorldBank_WDI_CSV]","[]","[P1Y]"
"1995","worldBank/BAR_NOED_15UP_ZS","144","[Percent]","[WorldBank_WDI_CSV]","[]","[P1Y]"
"2010","worldBank/PRJ_ATT_15UP_NED_FE","167","[]","[WorldBank_WDI_CSV]","[]","[P1Y]"
"1995","worldBank/IS_RRS_PASG_KM","111","[]","[WorldBank_WDI_CSV]","[]","[P1Y]"
"2000","worldBank/BI_PWK_TOTL_NO","144","[]","[WorldBank_WDI_CSV]","[]","[P1Y]"
"2010","worldBank/PRJ_ATT_25UP_S1_FE","167","[]","[WorldBank_WDI_CSV]","[]","[P1Y]"
"1970","worldBank/SE_PRM_GINT_ZS","200","[Percent]","[WorldBank_WDI_CSV]","[]","[P1Y]"
"1995","worldBank/BAR_TER_CMPT_7074_FE_ZS","144","[Percent]","[WorldBank_WDI_CSV]","[]","[P1Y]"
"1970","worldBank/SL_TLF_ADVN_ZS","187","[Percent]","[WorldBank_WDI_CSV]","[]","[P1Y]"
"1994","worldBank/UIS_E_2","213","[]","[WorldBank_WDI_CSV]","[]","[P1Y]"
"1994","worldBank/UIS_E_3","212","[]","[WorldBank_WDI_CSV]","[]","[P1Y]"
"2000","worldBank/SH_DTH_NCOM_0004_ZS","187","[Percent]","[WorldBank_WDI_CSV]","[]","[P1Y]"
"1997","worldBank/UIS_E_4","162","[]","[WorldBank_WDI_CSV]","[]","[P1Y]"
"1995","worldBank/BAR_SEC_CMPT_5559_ZS","144","[Percent]","[WorldBank_WDI_CSV]","[]","[P1Y]"
"1995","worldBank/BAR_SEC_CMPT_25UP_ZS","144","[Percent]","[WorldBank_WDI_CSV]","[]","[P1Y]"
"2000","worldBank/BI_PWK_PUBS_SN_FE_ZS","100","[Percent]","[WorldBank_WDI_CSV]","[]","[P1Y]"
"1997","worldBank/UIS_E_8","169","[]","[WorldBank_WDI_CSV]","[]","[P1Y]"
"2010","worldBank/PRJ_POP_2529_1_FE","167","[]","[WorldBank_WDI_CSV]","[]","[P1Y]"
"1960","worldBank/TX_VAL_INSF_ZS_WT","195","[Percent]","[WorldBank_WDI_CSV]","[]","[P1Y]"
"1994","worldBank/UIS_ROFST_1_M","194","[]","[WorldBank_WDI_CSV]","[]","[P1Y]"
"1994","worldBank/UIS_R_1","199","[]","[WorldBank_WDI_CSV]","[]","[P1Y]"
"1960","worldBank/SL_UEM_1524_MA_NE_ZS","206","[Percent]","[WorldBank_WDI_CSV]","[]","[P1Y]"
"1960","worldBank/DC_ODA_TOTL_CD","32","[USDollar]","[WorldBank_WDI_CSV]","[]","[P1Y]"
"1994","worldBank/UIS_ROFST_1_F","194","[]","[WorldBank_WDI_CSV]","[]","[P1Y]"
"1970","worldBank/DT_NFL_MLAT_CD","123","[USDollar]","[WorldBank_WDI_CSV]","[]","[P1Y]"
"1960","worldBank/NV_SRV_TOTL_CN","205","[]","[WorldBank_WDI_CSV]","[]","[P1Y]"
"2003","worldBank/RESLV_ISV_SOIF_06_DB1519","213","[]","[WorldBank_WDI_CSV]","[]","[P1Y]"
"1994","worldBank/UIS_REPR_1_G4_M","181","[]","[WorldBank_WDI_CSV]","[]","[P1Y]"
"2011","worldBank/account_t_d_12","162","[]","[WorldBank_WDI_CSV]","[]","[P1Y]"
"1990","worldBank/1_1_ACCESS_ELECTRICITY_TOT","217","[]","[WorldBank_WDI_CSV]","[]","[P1Y]"
"2012","worldBank/DT_NFL_ILOG_CD","139","[USDollar]","[WorldBank_WDI_CSV]","[]","[P1Y]"
"2011","worldBank/account_t_d_11","162","[]","[WorldBank_WDI_CSV]","[]","[P1Y]"
"2010","worldBank/PRJ_POP_2024_3_MF","167","[]","[WorldBank_WDI_CSV]","[]","[P1Y]"
"1994","worldBank/UIS_REPR_1_G4_F","181","[]","[WorldBank_WDI_CSV]","[]","[P1Y]"
"1990","worldBank/GC_XPN_OTHR_ZS","156","[Percent]","[WorldBank_WDI_CSV]","[]","[P1Y]"
"1961","worldBank/AG_PRD_CROP_XD","199","[]","[WorldBank_WDI_CSV]","[]","[P1Y]"
"1970","worldBank/SE_ENR_PRSC_FM_ZS","208","[Percent]","[WorldBank_WDI_CSV]","[]","[P1Y]"
"2010","worldBank/PRJ_POP_2024_3_MA","167","[]","[WorldBank_WDI_CSV]","[]","[P1Y]"
"2010","worldBank/PRJ_ATT_1519_4_FE","167","[]","[WorldBank_WDI_CSV]","[]","[P1Y]"
"1995","worldBank/BAR_SCHL_2529_FE","144","[]","[WorldBank_WDI_CSV]","[]","[P1Y]"
"1991","worldBank/SL_EMP_TOTL_SP_ZS","191","[Percent]","[WorldBank_WDI_CSV]","[]","[P1Y]"
"1961","worldBank/AG_CON_FERT_ZS","204","[Percent]","[WorldBank_WDI_CSV]","[]","[P1Y]"
"2010","worldBank/HD_HCI_EYRS","174","[]","[WorldBank_WDI_CSV]","[]","[P1Y]"
"1960","worldBank/NV_SRV_TOTL_CD","209","[USDollar]","[WorldBank_WDI_CSV]","[]","[P1Y]"
"1979","worldBank/PX_REX_REER","95","[]","[WorldBank_WDI_CSV]","[]","[P1Y]"
"1990","worldBank/SL_TLF_CACT_FE_ZS","191","[Percent]","[WorldBank_WDI_CSV]","[]","[P1Y]"
"1994","worldBank/UIS_ILLPOP_AG25T64","164","[]","[WorldBank_WDI_CSV]","[]","[P1Y]"
"1995","worldBank/BAR_NOED_75UP_FE_ZS","144","[Percent]","[WorldBank_WDI_CSV]","[]","[P1Y]"
"2000","worldBank/BI_EMP_TOTL_PB_EO_ZS","113","[Percent]","[WorldBank_WDI_CSV]","[]","[P1Y]"
"1960","worldBank/NE_CON_GOVT_KD","181","[]","[WorldBank_WDI_CSV]","[]","[P1Y]"
"2004","worldBank/FB_CBK_DPTR_P3","111","[]","[WorldBank_WDI_CSV]","[]","[P1Y]"
"2000","worldBank/SH_DTH_INJR_0514_MA_ZS","187","[Percent]","[WorldBank_WDI_CSV]","[]","[P1Y]"
"1995","worldBank/BAR_TER_SCHL_75UP_FE","144","[]","[WorldBank_WDI_CSV]","[]","[P1Y]"
"2010","worldBank/PRJ_MYS_25UP_MA","167","[]","[WorldBank_WDI_CSV]","[]","[P1Y]"
"2010","worldBank/PRJ_ATT_2039_NED_FE","167","[]","[WorldBank_WDI_CSV]","[]","[P1Y]"
"1985","worldBank/SP_DYN_WFRT","87","[]","[WorldBank_WDI_CSV]","[]","[P1Y]"
"1991","worldBank/SL_EMP_UNDR_MA_ZS","163","[Percent]","[WorldBank_WDI_CSV]","[]","[P1Y]"
"1995","worldBank/BAR_SEC_CMPT_5054_FE_ZS","144","[Percent]","[WorldBank_WDI_CSV]","[]","[P1Y]"
"1970","worldBank/NY_ADJ_ICTR_GN_ZS","182","[Percent]","[WorldBank_WDI_CSV]","[]","[P1Y]"
"1995","worldBank/BAR_TER_SCHL_15UP_FE","144","[]","[WorldBank_WDI_CSV]","[]","[P1Y]"
"1960","worldBank/NE_CON_GOVT_KN","176","[]","[WorldBank_WDI_CSV]","[]","[P1Y]"
"2010","worldBank/PRJ_MYS_25UP_MF","167","[]","[WorldBank_WDI_CSV]","[]","[P1Y]"
"2010","worldBank/PRJ_MYS_2039_MF","167","[]","[WorldBank_WDI_CSV]","[]","[P1Y]"
"2010","worldBank/PRJ_MYS_2064_MF","167","[]","[WorldBank_WDI_CSV]","[]","[P1Y]"
"1995","worldBank/BAR_SEC_CMPT_1519_FE_ZS","144","[Percent]","[WorldBank_WDI_CSV]","[]","[P1Y]"
"2000","worldBank/BI_PWK_PRVS_EO_FE_ZS","99","[Percent]","[WorldBank_WDI_CSV]","[]","[P1Y]"
"2000","worldBank/BI_PWK_PRVS_FE_Q1_ZS","113","[Percent]","[WorldBank_WDI_CSV]","[]","[P1Y]"
"1998","worldBank/UIS_GER_4","150","[]","[WorldBank_WDI_CSV]","[]","[P1Y]"
"2000","worldBank/BI_PWK_PRVS_UM_ZS","32","[Percent]","[WorldBank_WDI_CSV]","[]","[P1Y]"
"1970","worldBank/SL_TLF_BASC_MA_ZS","186","[Percent]","[WorldBank_WDI_CSV]","[]","[P1Y]"
"1995","worldBank/BAR_PRM_SCHL_5559_FE","144","[]","[WorldBank_WDI_CSV]","[]","[P1Y]"
"1985","worldBank/MS_MIL_TOTL_P1","178","[]","[WorldBank_WDI_CSV]","[]","[P1Y]"
"1970","worldBank/NY_ADJ_AEDU_CD","197","[USDollar]","[WorldBank_WDI_CSV]","[]","[P1Y]"
"2010","worldBank/PRJ_MYS_2064_MA","167","[]","[WorldBank_WDI_CSV]","[]","[P1Y]"
"1970","worldBank/SE_PRM_UNER_MA","200","[]","[WorldBank_WDI_CSV]","[]","[P1Y]"
"1972","worldBank/GC_XPN_INTP_CN","160","[]","[WorldBank_WDI_CSV]","[]","[P1Y]"
"1983","worldBank/SH_STA_MALN_ZS","165","[Percent]","[WorldBank_WDI_CSV]","[]","[P1Y]"
"1960","worldBank/NE_EXP_GNFS_ZS","196","[Percent]","[WorldBank_WDI_CSV]","[]","[P1Y]"
"1995","worldBank/BAR_TER_ICMP_6064_FE_ZS","144","[Percent]","[WorldBank_WDI_CSV]","[]","[P1Y]"
"1970","worldBank/SE_SEC_CUAT_UP_ZS","199","[Percent]","[WorldBank_WDI_CSV]","[]","[P1Y]"
"1994","worldBank/UIS_NERT_2","191","[]","[WorldBank_WDI_CSV]","[]","[P1Y]"
"1994","worldBank/UIS_NERT_1","200","[]","[WorldBank_WDI_CSV]","[]","[P1Y]"
"1972","worldBank/GC_NLD_TOTL_CN","158","[]","[WorldBank_WDI_CSV]","[]","[P1Y]"
"1960","worldBank/FS_AST_PRVT_GD_ZS","190","[Percent]","[WorldBank_WDI_CSV]","[]","[P1Y]"
"2000","worldBank/SH_DTH_COMM_60UP_MA_ZS","187","[Percent]","[WorldBank_WDI_CSV]","[]","[P1Y]"
"1995","worldBank/UIS_XUNIT_PPPCONST_2_FSGOV","140","[]","[WorldBank_WDI_CSV]","[]","[P1Y]"
"1999","worldBank/per_si_allsi_cov_q3_tot","118","[]","[WorldBank_WDI_CSV]","[]","[P1Y]"
"1970","worldBank/SE_SEC_CMPT_LO_MA_ZS","199","[Percent]","[WorldBank_WDI_CSV]","[]","[P1Y]"
"1970","worldBank/DT_TDS_DECT_EX_ZS","122","[Percent]","[WorldBank_WDI_CSV]","[]","[P1Y]"
"1995","worldBank/BAR_NOED_2024_ZS","144","[Percent]","[WorldBank_WDI_CSV]","[]","[P1Y]"
"2010","worldBank/PRJ_ATT_2024_2_MF","167","[]","[WorldBank_WDI_CSV]","[]","[P1Y]"
"1960","worldBank/FP_CPI_TOTL","192","[]","[WorldBank_WDI_CSV]","[]","[P1Y]"
"2010","worldBank/PRJ_ATT_2024_2_MA","167","[]","[WorldBank_WDI_CSV]","[]","[P1Y]"
"2000","worldBank/BI_EMP_FRML_PB_ZS","103","[Percent]","[WorldBank_WDI_CSV]","[]","[P1Y]"
"1970","worldBank/SE_PRM_TENR","201","[]","[WorldBank_WDI_CSV]","[]","[P1Y]"
"2000","worldBank/BI_PWK_PUBS_SY_ZS","76","[Percent]","[WorldBank_WDI_CSV]","[]","[P1Y]"
"1960","worldBank/BN_TRF_CURR_CD","200","[USDollar]","[WorldBank_WDI_CSV]","[]","[P1Y]"
"1997","worldBank/UIS_REPR_2_GPV_F","182","[]","[WorldBank_WDI_CSV]","[]","[P1Y]"
"1995","worldBank/BAR_PRM_SCHL_2529","144","[]","[WorldBank_WDI_CSV]","[]","[P1Y]"
"1970","worldBank/BX_TRF_PWKR_DT_GD_ZS","203","[Percent]","[WorldBank_WDI_CSV]","[]","[P1Y]"
"1995","worldBank/BAR_TER_SCHL_25UP_FE","144","[]","[WorldBank_WDI_CSV]","[]","[P1Y]"
"1998","worldBank/UIS_GTVP_4_GPV","79","[]","[WorldBank_WDI_CSV]","[]","[P1Y]"
"1995","worldBank/BAR_SEC_ICMP_4044_FE_ZS","144","[Percent]","[WorldBank_WDI_CSV]","[]","[P1Y]"
"1975","worldBank/CM_MKT_LCAP_CD","107","[USDollar]","[WorldBank_WDI_CSV]","[]","[P1Y]"
"1994","worldBank/UIS_OFST_2_M","187","[]","[WorldBank_WDI_CSV]","[]","[P1Y]"
"1995","worldBank/BAR_PRM_SCHL_15UP","144","[]","[WorldBank_WDI_CSV]","[]","[P1Y]"
"1994","worldBank/UIS_OFST_2_F","187","[]","[WorldBank_WDI_CSV]","[]","[P1Y]"
"1970","worldBank/NY_ADJ_AEDU_GN_ZS","204","[Percent]","[WorldBank_WDI_CSV]","[]","[P1Y]"
"1995","worldBank/EF_EFM_RANK_XD","149","[]","[WorldBank_WDI_CSV]","[]","[P1Y]"
"1960","worldBank/BG_GSR_NFSV_GD_ZS","204","[Percent]","[WorldBank_WDI_CSV]","[]","[P1Y]"
"2000","worldBank/BI_PWK_PRVS_TN_FE_ZS","99","[Percent]","[WorldBank_WDI_CSV]","[]","[P1Y]"
"1995","worldBank/BAR_TER_CMPT_3539_FE_ZS","144","[Percent]","[WorldBank_WDI_CSV]","[]","[P1Y]"
"2010","worldBank/PRJ_MYS_2039_MA","167","[]","[WorldBank_WDI_CSV]","[]","[P1Y]"
"1984","worldBank/HF_UHC_NOP2_ZS","149","[Percent]","[WorldBank_WDI_CSV]","[]","[P1Y]"
"1995","worldBank/BAR_SEC_SCHL_4044","144","[]","[WorldBank_WDI_CSV]","[]","[P1Y]"
"2007","worldBank/IC_FRM_FEMM_ZS","174","[Percent]","[WorldBank_WDI_CSV]","[]","[P1Y]"
"1994","worldBank/UIS_R_2_GPV_G1_F","194","[]","[WorldBank_WDI_CSV]","[]","[P1Y]"
"1995","worldBank/BAR_NOED_4549_FE_ZS","144","[Percent]","[WorldBank_WDI_CSV]","[]","[P1Y]"
"1984","worldBank/HF_UHC_OOP_CG","149","[]","[WorldBank_WDI_CSV]","[]","[P1Y]"
"1960","worldBank/BN_KLT_DINV_CD","199","[USDollar]","[WorldBank_WDI_CSV]","[]","[P1Y]"
"1995","worldBank/BAR_NOED_3034_ZS","144","[Percent]","[WorldBank_WDI_CSV]","[]","[P1Y]"
"2004","worldBank/IP_TMK_RSCT","159","[]","[WorldBank_WDI_CSV]","[]","[P1Y]"
"2010","worldBank/PRJ_ATT_25UP_S1_MA","167","[]","[WorldBank_WDI_CSV]","[]","[P1Y]"
"2010","worldBank/PRJ_ATT_25UP_S1_MF","167","[]","[WorldBank_WDI_CSV]","[]","[P1Y]"
"1986","worldBank/SH_STA_OWGH_FE_ZS","160","[Percent]","[WorldBank_WDI_CSV]","[]","[P1Y]"
"1995","worldBank/BAR_TER_ICMP_2529_FE_ZS","144","[Percent]","[WorldBank_WDI_CSV]","[]","[P1Y]"
"2000","worldBank/SH_DTH_INJR_0004_FE_ZS","187","[Percent]","[WorldBank_WDI_CSV]","[]","[P1Y]"
"2010","worldBank/HD_HCI_OVRL","174","[]","[WorldBank_WDI_CSV]","[]","[P1Y]"
"1995","worldBank/BAR_TER_SCHL_4044_FE","144","[]","[WorldBank_WDI_CSV]","[]","[P1Y]"
"1995","worldBank/BAR_SEC_CMPT_75UP_ZS","144","[Percent]","[WorldBank_WDI_CSV]","[]","[P1Y]"
"1960","worldBank/SP_POP_1564_MA_IN","221","[]","[WorldBank_WDI_CSV]","[]","[P1Y]"
"2003","worldBank/RESLV_ISV_COPR_03_XD_DB1519","213","[]","[WorldBank_WDI_CSV]","[]","[P1Y]"
"1995","worldBank/BAR_PRM_ICMP_2529_FE_ZS","144","[Percent]","[WorldBank_WDI_CSV]","[]","[P1Y]"
"1970","worldBank/DT_DOD_DSTC_ZS","122","[Percent]","[WorldBank_WDI_CSV]","[]","[P1Y]"
"1995","worldBank/BAR_PRM_SCHL_6064","144","[]","[WorldBank_WDI_CSV]","[]","[P1Y]"
"2007","worldBank/DT_NFL_UNPB_CD","74","[USDollar]","[WorldBank_WDI_CSV]","[]","[P1Y]"
"2000","worldBank/SH_DTH_NCOM_1559_MA_ZS","187","[Percent]","[WorldBank_WDI_CSV]","[]","[P1Y]"
"1995","worldBank/BAR_NOED_4044_ZS","144","[Percent]","[WorldBank_WDI_CSV]","[]","[P1Y]"
"2010","worldBank/PRJ_MYS_25UP_FE","167","[]","[WorldBank_WDI_CSV]","[]","[P1Y]"
"2010","worldBank/PRJ_ATT_15UP_NED_MF","167","[]","[WorldBank_WDI_CSV]","[]","[P1Y]"
"2010","worldBank/PRJ_ATT_15UP_NED_MA","167","[]","[WorldBank_WDI_CSV]","[]","[P1Y]"
"2010","worldBank/PRJ_ATT_1519_4_MA","167","[]","[WorldBank_WDI_CSV]","[]","[P1Y]"
"1970","worldBank/BM_KLT_DINV_WD_GD_ZS","201","[Percent]","[WorldBank_WDI_CSV]","[]","[P1Y]"
"1995","worldBank/BAR_SEC_CMPT_3034_ZS","144","[Percent]","[WorldBank_WDI_CSV]","[]","[P1Y]"
"1960","worldBank/BX_GSR_FCTY_CD","200","[USDollar]","[WorldBank_WDI_CSV]","[]","[P1Y]"
"1995","worldBank/SE_XPD_PRIM_PC_ZS","176","[Percent]","[WorldBank_WDI_CSV]","[]","[P1Y]"
"2006","worldBank/DT_NFL_IAEA_CD","123","[USDollar]","[WorldBank_WDI_CSV]","[]","[P1Y]"
"1983","worldBank/SH_STA_WAST_ZS","167","[Percent]","[WorldBank_WDI_CSV]","[]","[P1Y]"
"1960","worldBank/IT_MLT_MAIN","217","[]","[WorldBank_WDI_CSV]","[]","[P1Y]"
"1975","worldBank/CM_MKT_LDOM_NO","110","[]","[WorldBank_WDI_CSV]","[]","[P1Y]"
"1960","worldBank/NE_CON_PRVT_KN","179","[]","[WorldBank_WDI_CSV]","[]","[P1Y]"
"1990","worldBank/VC_IHR_PSRC_FE_P5","154","[]","[WorldBank_WDI_CSV]","[]","[P1Y]"
"1995","worldBank/BAR_PRM_SCHL_4549_FE","144","[]","[WorldBank_WDI_CSV]","[]","[P1Y]"
"1970","worldBank/SE_TER_ENRR_FE","207","[]","[WorldBank_WDI_CSV]","[]","[P1Y]"
"1970","worldBank/SE_SEC_ENRR_MA","211","[]","[WorldBank_WDI_CSV]","[]","[P1Y]"
"1998","worldBank/IT_NET_BBND","212","[]","[WorldBank_WDI_CSV]","[]","[P1Y]"
"1960","worldBank/NE_CON_PRVT_KD","183","[]","[WorldBank_WDI_CSV]","[]","[P1Y]"
"2002","worldBank/per_lm_alllm_cov_q4_tot","68","[]","[WorldBank_WDI_CSV]","[]","[P1Y]"
"2010","worldBank/PRJ_ATT_2064_4_FE","167","[]","[WorldBank_WDI_CSV]","[]","[P1Y]"
"1990","worldBank/SL_TLF_ACTI_1524_ZS","191","[Percent]","[WorldBank_WDI_CSV]","[]","[P1Y]"
"1975","worldBank/SH_STA_OB18_FE_ZS","189","[Percent]","[WorldBank_WDI_CSV]","[]","[P1Y]"
"2003","worldBank/RESLV_ISV_ROPC_03_XD_DB1519","213","[]","[WorldBank_WDI_CSV]","[]","[P1Y]"
"1960","worldBank/DC_DAC_PRTL_CD","145","[USDollar]","[WorldBank_WDI_CSV]","[]","[P1Y]"
"1960","worldBank/SH_DYN_MORT_FE","200","[]","[WorldBank_WDI_CSV]","[]","[P1Y]"
"2010","worldBank/PRJ_ATT_ALL_2_FE","167","[]","[WorldBank_WDI_CSV]","[]","[P1Y]"
"1990","worldBank/NY_ADJ_SVNG_CD","160","[USDollar]","[WorldBank_WDI_CSV]","[]","[P1Y]"
"2010","worldBank/PRJ_ATT_2064_S1_MA","167","[]","[WorldBank_WDI_CSV]","[]","[P1Y]"
"1990","worldBank/NE_CON_PRVT_PP_CD","189","[USDollar]","[WorldBank_WDI_CSV]","[]","[P1Y]"
"2010","worldBank/PRJ_ATT_2064_S1_MF","167","[]","[WorldBank_WDI_CSV]","[]","[P1Y]"
"1972","worldBank/GC_REV_SOCL_ZS","125","[Percent]","[WorldBank_WDI_CSV]","[]","[P1Y]"
"2000","worldBank/BI_WAG_PUBS_FM_MD","115","[]","[WorldBank_WDI_CSV]","[]","[P1Y]"
"1995","worldBank/BAR_SCHL_75UP_FE","144","[]","[WorldBank_WDI_CSV]","[]","[P1Y]"
"1995","worldBank/BAR_POP_75UP","144","[]","[WorldBank_WDI_CSV]","[]","[P1Y]"
"1995","worldBank/BAR_TER_SCHL_6064","144","[]","[WorldBank_WDI_CSV]","[]","[P1Y]"
"1995","worldBank/BAR_SCHL_5054_FE","144","[]","[WorldBank_WDI_CSV]","[]","[P1Y]"
"1994","worldBank/UIS_R_1_G5_F","176","[]","[WorldBank_WDI_CSV]","[]","[P1Y]"
"1995","worldBank/BAR_NOED_75UP_ZS","144","[Percent]","[WorldBank_WDI_CSV]","[]","[P1Y]"
"1960","worldBank/SP_POP_2024_MA","221","[]","[WorldBank_WDI_CSV]","[]","[P1Y]"
"1995","worldBank/BAR_NOED_1519_FE_ZS","144","[Percent]","[WorldBank_WDI_CSV]","[]","[P1Y]"
"1995","worldBank/BAR_NOED_5054_ZS","144","[Percent]","[WorldBank_WDI_CSV]","[]","[P1Y]"
"1990","worldBank/AG_LND_TOTL_RU_K2","219","[]","[WorldBank_WDI_CSV]","[]","[P1Y]"
"1997","worldBank/UIS_E_0_T","198","[]","[WorldBank_WDI_CSV]","[]","[P1Y]"
"1960","worldBank/SH_DTH_MORT_MA","200","[]","[WorldBank_WDI_CSV]","[]","[P1Y]"
"1997","worldBank/UIS_GTVP_3_GPV","211","[]","[WorldBank_WDI_CSV]","[]","[P1Y]"
"1990","worldBank/NY_GNP_MKTP_PP_KD","201","[]","[WorldBank_WDI_CSV]","[]","[P1Y]"
"1995","worldBank/BAR_PRM_CMPT_4549_FE_ZS","144","[Percent]","[WorldBank_WDI_CSV]","[]","[P1Y]"
"1970","worldBank/SE_PRM_ENRR_MA","212","[]","[WorldBank_WDI_CSV]","[]","[P1Y]"
"1990","worldBank/SH_HIV_INCD_MA_P3","141","[]","[WorldBank_WDI_CSV]","[]","[P1Y]"
"1960","worldBank/DC_DAC_CANL_CD","175","[USDollar]","[WorldBank_WDI_CSV]","[]","[P1Y]"
"1995","worldBank/BAR_SEC_ICMP_3539_ZS","144","[Percent]","[WorldBank_WDI_CSV]","[]","[P1Y]"
"2010","worldBank/PRJ_POP_2529_NED_FE","167","[]","[WorldBank_WDI_CSV]","[]","[P1Y]"
"1960","worldBank/NY_TAX_NIND_KN","189","[]","[WorldBank_WDI_CSV]","[]","[P1Y]"
"1997","worldBank/UIS_E_0_F","196","[]","[WorldBank_WDI_CSV]","[]","[P1Y]"
"1991","worldBank/SL_EMP_SELF_FE_ZS","191","[Percent]","[WorldBank_WDI_CSV]","[]","[P1Y]"
"2000","worldBank/SH_DTH_NCOM_ZS","187","[Percent]","[WorldBank_WDI_CSV]","[]","[P1Y]"
"1960","worldBank/IE_PPI_TELE_CD","154","[USDollar]","[WorldBank_WDI_CSV]","[]","[P1Y]"
"1995","worldBank/UIS_XSPENDP_FDPUB_FNNONS","161","[]","[WorldBank_WDI_CSV]","[]","[P1Y]"
"1961","worldBank/AG_AGR_TRAC_NO","211","[]","[WorldBank_WDI_CSV]","[]","[P1Y]"
"1972","worldBank/GC_TAX_TOTL_CN","161","[]","[WorldBank_WDI_CSV]","[]","[P1Y]"
"1995","worldBank/UIS_XSPENDP_FDPUB_FNS","167","[]","[WorldBank_WDI_CSV]","[]","[P1Y]"
"1970","worldBank/SE_PRM_CMPT_ZS","203","[Percent]","[WorldBank_WDI_CSV]","[]","[P1Y]"
"2010","worldBank/PRJ_ATT_4064_4_MA","167","[]","[WorldBank_WDI_CSV]","[]","[P1Y]"
"2010","worldBank/PRJ_POP_ALL_3_MA","167","[]","[WorldBank_WDI_CSV]","[]","[P1Y]"
"1995","worldBank/BAR_SCHL_25UP_FE","144","[]","[WorldBank_WDI_CSV]","[]","[P1Y]"
"1970","worldBank/SE_TER_CUAT_ST_FE_ZS","183","[Percent]","[WorldBank_WDI_CSV]","[]","[P1Y]"
"2010","worldBank/PRJ_ATT_60UP_S1_FE","167","[]","[WorldBank_WDI_CSV]","[]","[P1Y]"
"1961","worldBank/FR_INR_RINR","148","[Percent]","[WorldBank_WDI_CSV]","[]","[P1Y]"
"2010","worldBank/PRJ_POP_2024_3_FE","167","[]","[WorldBank_WDI_CSV]","[]","[P1Y]"
"2010","worldBank/PRJ_POP_ALL_3_MF","167","[]","[WorldBank_WDI_CSV]","[]","[P1Y]"
"1960","worldBank/NY_TRF_NCTR_CN","201","[]","[WorldBank_WDI_CSV]","[]","[P1Y]"
"2010","worldBank/PRJ_ATT_2529_3_FE","167","[]","[WorldBank_WDI_CSV]","[]","[P1Y]"
"1960","worldBank/DT_ODA_ALLD_KD","184","[]","[WorldBank_WDI_CSV]","[]","[P1Y]"
"1990","worldBank/SH_HIV_INCD_YG_FE_P3","137","[]","[WorldBank_WDI_CSV]","[]","[P1Y]"
"1970","worldBank/SE_SEC_CUAT_UP_MA_ZS","199","[Percent]","[WorldBank_WDI_CSV]","[]","[P1Y]"
"1975","worldBank/CM_MKT_LCAP_GD_ZS","107","[Percent]","[WorldBank_WDI_CSV]","[]","[P1Y]"
"2004","worldBank/FB_ATM_TOTL_P5","195","[]","[WorldBank_WDI_CSV]","[]","[P1Y]"
"1960","worldBank/BX_GSR_INSF_ZS","195","[Percent]","[WorldBank_WDI_CSV]","[]","[P1Y]"
"2010","worldBank/PRJ_ATT_2024_2_FE","167","[]","[WorldBank_WDI_CSV]","[]","[P1Y]"
"1995","worldBank/BAR_TER_CMPT_15UP_ZS","144","[Percent]","[WorldBank_WDI_CSV]","[]","[P1Y]"
"1995","worldBank/UIS_XSPENDP_0_FDPUB_FNS","144","[]","[WorldBank_WDI_CSV]","[]","[P1Y]"
"2010","worldBank/PRJ_ATT_4064_4_MF","167","[]","[WorldBank_WDI_CSV]","[]","[P1Y]"
"1970","worldBank/GC_XPN_OTHR_CN","153","[]","[WorldBank_WDI_CSV]","[]","[P1Y]"
"1960","worldBank/NY_TRF_NCTR_CD","201","[USDollar]","[WorldBank_WDI_CSV]","[]","[P1Y]"
"1994","worldBank/UIS_OFST_3_CP","194","[]","[WorldBank_WDI_CSV]","[]","[P1Y]"
"1994","worldBank/UIS_SAP_4_M","175","[]","[WorldBank_WDI_CSV]","[]","[P1Y]"
"1960","worldBank/BN_CAB_XOKA_CD","200","[USDollar]","[WorldBank_WDI_CSV]","[]","[P1Y]"
"2010","worldBank/PRJ_POP_1519_4_MF","167","[]","[WorldBank_WDI_CSV]","[]","[P1Y]"
"2010","worldBank/PRJ_ATT_ALL_4_MF","167","[]","[WorldBank_WDI_CSV]","[]","[P1Y]"
"1994","worldBank/UIS_LR_AG65","164","[]","[WorldBank_WDI_CSV]","[]","[P1Y]"
"1990","worldBank/PA_NUS_PPPC_RF","203","[]","[WorldBank_WDI_CSV]","[]","[P1Y]"
"1994","worldBank/UIS_SAP_4_F","175","[]","[WorldBank_WDI_CSV]","[]","[P1Y]"
"1996","worldBank/GE_PER_RNK_UPPER","205","[]","[WorldBank_WDI_CSV]","[]","[P1Y]"
"2010","worldBank/PRJ_ATT_ALL_4_MA","167","[]","[WorldBank_WDI_CSV]","[]","[P1Y]"
"1990","worldBank/VC_IHR_PSRC_MA_P5","151","[]","[WorldBank_WDI_CSV]","[]","[P1Y]"
"1990","worldBank/NY_GDP_MKTP_PP_KD","203","[]","[WorldBank_WDI_CSV]","[]","[P1Y]"
"2000","worldBank/SH_DTH_INJR_1559_ZS","187","[Percent]","[WorldBank_WDI_CSV]","[]","[P1Y]"
"1960","worldBank/NV_SRV_TOTL_ZS","209","[Percent]","[WorldBank_WDI_CSV]","[]","[P1Y]"
"2000","worldBank/per_sa_allsa_cov_q5_tot","121","[]","[WorldBank_WDI_CSV]","[]","[P1Y]"
"1995","worldBank/BAR_SEC_SCHL_15UP_FE","144","[]","[WorldBank_WDI_CSV]","[]","[P1Y]"
"2010","worldBank/HD_HCI_EYRS_FE","171","[]","[WorldBank_WDI_CSV]","[]","[P1Y]"
"2010","worldBank/PRJ_POP_1519_4_MA","167","[]","[WorldBank_WDI_CSV]","[]","[P1Y]"
"1980","worldBank/TX_QTY_MRCH_XD_WD","205","[]","[WorldBank_WDI_CSV]","[]","[P1Y]"
"1960","worldBank/DT_ODA_ODAT_GI_ZS","147","[Percent]","[WorldBank_WDI_CSV]","[]","[P1Y]"
"2010","worldBank/PRJ_ATT_2529_3_MA","167","[]","[WorldBank_WDI_CSV]","[]","[P1Y]"
"2000","worldBank/BI_PWK_PUBS_SG_ZS","130","[Percent]","[WorldBank_WDI_CSV]","[]","[P1Y]"
"2015","worldBank/ENF_CONT_COEN_CTSP_DB1719","213","[]","[WorldBank_WDI_CSV]","[]","[P1Y]"
"1995","worldBank/BAR_NOED_5559_ZS","144","[Percent]","[WorldBank_WDI_CSV]","[]","[P1Y]"
"2000","worldBank/EG_CFT_ACCS_UR_ZS","193","[Percent]","[WorldBank_WDI_CSV]","[]","[P1Y]"
"1995","worldBank/UIS_XUNIT_GDPCAP_3_FSGOV","157","[]","[WorldBank_WDI_CSV]","[]","[P1Y]"
"1990","worldBank/SL_TLF_TOTL_FE_IN","191","[]","[WorldBank_WDI_CSV]","[]","[P1Y]"
"1995","worldBank/BAR_TER_CMPT_4549_ZS","144","[Percent]","[WorldBank_WDI_CSV]","[]","[P1Y]"
"2010","worldBank/PRJ_POP_2024_NED_MA","167","[]","[WorldBank_WDI_CSV]","[]","[P1Y]"
"2011","worldBank/GFDD_OI_16a","136","[]","[WorldBank_WDI_CSV]","[]","[P1Y]"
"1970","worldBank/EN_ATM_NOXE_EG_ZS","212","[Percent]","[WorldBank_WDI_CSV]","[]","[P1Y]"
"1960","worldBank/MS_MIL_XPRT_KD","128","[]","[WorldBank_WDI_CSV]","[]","[P1Y]"
"1960","worldBank/BM_GSR_CMCP_ZS","203","[Percent]","[WorldBank_WDI_CSV]","[]","[P1Y]"
"2017","worldBank/EN_MAM_THRD_NO","219","[]","[WorldBank_WDI_CSV]","[]","[P1Y]"
"1972","worldBank/GC_TAX_YPKG_ZS","159","[Percent]","[WorldBank_WDI_CSV]","[]","[P1Y]"
"1960","worldBank/SP_POP_0014_FE_IN","221","[]","[WorldBank_WDI_CSV]","[]","[P1Y]"
"1960","worldBank/SL_EMP_1524_SP_NE_ZS","199","[Percent]","[WorldBank_WDI_CSV]","[]","[P1Y]"
"1995","worldBank/BAR_POP_3539_FE","144","[]","[WorldBank_WDI_CSV]","[]","[P1Y]"
"1995","worldBank/BAR_PRM_ICMP_6569_ZS","144","[Percent]","[WorldBank_WDI_CSV]","[]","[P1Y]"
"1996","worldBank/GE_NO_SRC","205","[]","[WorldBank_WDI_CSV]","[]","[P1Y]"
"2010","worldBank/PRJ_POP_2024_NED_MF","167","[]","[WorldBank_WDI_CSV]","[]","[P1Y]"
"2010","worldBank/HD_HCI_MORT","174","[]","[WorldBank_WDI_CSV]","[]","[P1Y]"
"1995","worldBank/BAR_TER_ICMP_7074_ZS","144","[Percent]","[WorldBank_WDI_CSV]","[]","[P1Y]"
"1994","worldBank/UIS_EA_1_AG25T99_M","158","[]","[WorldBank_WDI_CSV]","[]","[P1Y]"
"2000","worldBank/SH_STA_POIS_P5_FE","189","[]","[WorldBank_WDI_CSV]","[]","[P1Y]"
"2000","worldBank/BI_EMP_TOTL_PB_CK_ZS","111","[Percent]","[WorldBank_WDI_CSV]","[]","[P1Y]"
"2010","worldBank/PRJ_ATT_2529_3_MF","167","[]","[WorldBank_WDI_CSV]","[]","[P1Y]"
"1994","worldBank/UIS_EA_1_AG25T99_F","158","[]","[WorldBank_WDI_CSV]","[]","[P1Y]"
"2010","worldBank/PRJ_ATT_2064_S1_FE","167","[]","[WorldBank_WDI_CSV]","[]","[P1Y]"
"1997","worldBank/UIS_MSEP_56","172","[]","[WorldBank_WDI_CSV]","[]","[P1Y]"
"2010","worldBank/PRJ_ATT_25UP_2_FE","167","[]","[WorldBank_WDI_CSV]","[]","[P1Y]"
"1995","worldBank/BAR_TER_SCHL_15UP","144","[]","[WorldBank_WDI_CSV]","[]","[P1Y]"
"1960","worldBank/TX_VAL_TRVL_ZS_WT","202","[Percent]","[WorldBank_WDI_CSV]","[]","[P1Y]"
"2010","worldBank/PRJ_POP_2529_S1_MF","167","[]","[WorldBank_WDI_CSV]","[]","[P1Y]"
"2010","worldBank/PRJ_MYS_80UP_FE","167","[]","[WorldBank_WDI_CSV]","[]","[P1Y]"
"1995","worldBank/BAR_PRM_ICMP_4044_FE_ZS","144","[Percent]","[WorldBank_WDI_CSV]","[]","[P1Y]"
"2010","worldBank/PRJ_POP_2529_S1_MA","167","[]","[WorldBank_WDI_CSV]","[]","[P1Y]"
"1975","worldBank/CM_MKT_TRNR","106","[]","[WorldBank_WDI_CSV]","[]","[P1Y]"
"2010","worldBank/PRJ_ATT_80UP_2_FE","167","[]","[WorldBank_WDI_CSV]","[]","[P1Y]"
"1995","worldBank/BAR_NOED_25UP_ZS","144","[Percent]","[WorldBank_WDI_CSV]","[]","[P1Y]"
"1960","worldBank/DT_ODA_ODAT_PC_ZS","174","[Percent]","[WorldBank_WDI_CSV]","[]","[P1Y]"
"1960","worldBank/SH_DYN_MORT_MA","200","[]","[WorldBank_WDI_CSV]","[]","[P1Y]"
"1960","worldBank/SP_POP_65UP_FE_IN","221","[]","[WorldBank_WDI_CSV]","[]","[P1Y]"
"1989","worldBank/GC_DOD_TOTL_CN","108","[]","[WorldBank_WDI_CSV]","[]","[P1Y]"
"1985","worldBank/SP_MTR_1519_ZS","88","[Percent]","[WorldBank_WDI_CSV]","[]","[P1Y]"
"1970","worldBank/NY_GDP_FRST_RT_ZS","218","[Percent]","[WorldBank_WDI_CSV]","[]","[P1Y]"
"1995","worldBank/BAR_SEC_CMPT_15UP_ZS","144","[Percent]","[WorldBank_WDI_CSV]","[]","[P1Y]"
"1960","worldBank/NE_CON_PRVT_CN","188","[]","[WorldBank_WDI_CSV]","[]","[P1Y]"
"1960","worldBank/TX_VAL_MRCH_R5_ZS","209","[Percent]","[WorldBank_WDI_CSV]","[]","[P1Y]"
"1972","worldBank/GC_REV_XGRT_CN","162","[]","[WorldBank_WDI_CSV]","[]","[P1Y]"
"2010","worldBank/PRJ_ATT_2024_NED_MF","167","[]","[WorldBank_WDI_CSV]","[]","[P1Y]"
"1995","worldBank/BAR_TER_CMPT_25UP_FE_ZS","144","[Percent]","[WorldBank_WDI_CSV]","[]","[P1Y]"
"1980","worldBank/IP_PAT_RESD","161","[]","[WorldBank_WDI_CSV]","[]","[P1Y]"
"1960","worldBank/SL_TLF_ACTI_1524_MA_NE_ZS","213","[Percent]","[WorldBank_WDI_CSV]","[]","[P1Y]"
"1960","worldBank/NE_CON_PRVT_CD","192","[USDollar]","[WorldBank_WDI_CSV]","[]","[P1Y]"
"1984","worldBank/DT_NFL_PNGB_CD","52","[USDollar]","[WorldBank_WDI_CSV]","[]","[P1Y]"
"1991","worldBank/SL_EMP_VULN_MA_ZS","191","[Percent]","[WorldBank_WDI_CSV]","[]","[P1Y]"
"2003","worldBank/RESLV_ISV_COST_ZS","190","[Percent]","[WorldBank_WDI_CSV]","[]","[P1Y]"
"1995","worldBank/BAR_SEC_CMPT_7074_ZS","144","[Percent]","[WorldBank_WDI_CSV]","[]","[P1Y]"
"1995","worldBank/BAR_TER_SCHL_2529","144","[]","[WorldBank_WDI_CSV]","[]","[P1Y]"
"1960","worldBank/BM_GSR_FCTY_CD","200","[USDollar]","[WorldBank_WDI_CSV]","[]","[P1Y]"
"1970","worldBank/EN_CLC_HEAT_XD","193","[]","[WorldBank_WDI_CSV]","[]","[P1Y]"
"2010","worldBank/PRJ_ATT_2529_NED_FE","167","[]","[WorldBank_WDI_CSV]","[]","[P1Y]"
"2010","worldBank/PRJ_ATT_2024_NED_MA","167","[]","[WorldBank_WDI_CSV]","[]","[P1Y]"
"2000","worldBank/SH_DTH_COMM_1559_FE_ZS","187","[Percent]","[WorldBank_WDI_CSV]","[]","[P1Y]"
"1994","worldBank/UIS_SLE_1_F","209","[]","[WorldBank_WDI_CSV]","[]","[P1Y]"
"2010","worldBank/PRJ_POP_1519_4_FE","167","[]","[WorldBank_WDI_CSV]","[]","[P1Y]"
"1994","worldBank/UIS_REPR_2_GPV_G2_F","182","[]","[WorldBank_WDI_CSV]","[]","[P1Y]"
"1994","worldBank/UIS_EA_MEAN_1T6_AG25T99_M","163","[]","[WorldBank_WDI_CSV]","[]","[P1Y]"
"2010","worldBank/PRJ_ATT_4064_NED_MA","167","[]","[WorldBank_WDI_CSV]","[]","[P1Y]"
"1963","worldBank/NV_MNF_FBTO_ZS_UN","163","[Percent]","[WorldBank_WDI_CSV]","[]","[P1Y]"
"2010","worldBank/PRJ_ATT_4064_NED_MF","167","[]","[WorldBank_WDI_CSV]","[]","[P1Y]"
"1997","worldBank/UIS_GTVP_2_V","115","[]","[WorldBank_WDI_CSV]","[]","[P1Y]"
"2010","worldBank/PRJ_POP_2529_4_MF","167","[]","[WorldBank_WDI_CSV]","[]","[P1Y]"
"1994","worldBank/UIS_SLE_1_M","209","[]","[WorldBank_WDI_CSV]","[]","[P1Y]"
"2010","worldBank/PRJ_POP_2529_4_MA","167","[]","[WorldBank_WDI_CSV]","[]","[P1Y]"
"2000","worldBank/BI_PWK_PUBS_FE_ZS","132","[Percent]","[WorldBank_WDI_CSV]","[]","[P1Y]"
"2010","worldBank/PRJ_ATT_80UP_2_MF","167","[]","[WorldBank_WDI_CSV]","[]","[P1Y]"
"1990","worldBank/AG_LND_EL5M_ZS","219","[Percent]","[WorldBank_WDI_CSV]","[]","[P1Y]"
"1994","worldBank/UIS_R_1_G1_F","196","[]","[WorldBank_WDI_CSV]","[]","[P1Y]"
"1995","worldBank/SE_XPD_SECO_PC_ZS","171","[Percent]","[WorldBank_WDI_CSV]","[]","[P1Y]"
"1997","worldBank/UIS_E_4_F","161","[]","[WorldBank_WDI_CSV]","[]","[P1Y]"
"1995","worldBank/BAR_PRM_ICMP_75UP_ZS","144","[Percent]","[WorldBank_WDI_CSV]","[]","[P1Y]"
"2010","worldBank/PRJ_ATT_80UP_2_MA","167","[]","[WorldBank_WDI_CSV]","[]","[P1Y]"
"1994","worldBank/UIS_EA_MEAN_1T6_AG25T99_F","163","[]","[WorldBank_WDI_CSV]","[]","[P1Y]"
"2000","worldBank/SH_STA_SUIC_MA_P5","189","[]","[WorldBank_WDI_CSV]","[]","[P1Y]"
"1960","worldBank/SP_POP_5559_FE","221","[]","[WorldBank_WDI_CSV]","[]","[P1Y]"
"1990","worldBank/NY_GNP_MKTP_PP_CD","206","[USDollar]","[WorldBank_WDI_CSV]","[]","[P1Y]"
"2000","worldBank/BI_PWK_PUBS_PN_FE_ZS","101","[Percent]","[WorldBank_WDI_CSV]","[]","[P1Y]"
"1960","worldBank/SP_POP_2024_FE","221","[]","[WorldBank_WDI_CSV]","[]","[P1Y]"
"1960","worldBank/NY_TAX_NIND_CD","198","[USDollar]","[WorldBank_WDI_CSV]","[]","[P1Y]"
"2010","worldBank/PRJ_ATT_60UP_S1_MA","167","[]","[WorldBank_WDI_CSV]","[]","[P1Y]"
"2010","worldBank/PRJ_ATT_60UP_S1_MF","167","[]","[WorldBank_WDI_CSV]","[]","[P1Y]"
"2019","worldBank/SH_STA_WASH_P5","187","[]","[WorldBank_WDI_CSV]","[]","[P1Y]"
"2000","worldBank/SH_DTH_NCOM_FE_ZS","187","[Percent]","[WorldBank_WDI_CSV]","[]","[P1Y]"
"1995","worldBank/BAR_PRM_SCHL_3034","144","[]","[WorldBank_WDI_CSV]","[]","[P1Y]"
"2010","worldBank/PRJ_ATT_60UP_1_MA","167","[]","[WorldBank_WDI_CSV]","[]","[P1Y]"
"1995","worldBank/BAR_SEC_CMPT_15UP_FE_ZS","144","[Percent]","[WorldBank_WDI_CSV]","[]","[P1Y]"
"2000","worldBank/BI_WAG_PRVS_SN","95","[]","[WorldBank_WDI_CSV]","[]","[P1Y]"
"1999","worldBank/OECD_TSAL_2_ETOP","53","[]","[WorldBank_WDI_CSV]","[]","[P1Y]"
"2010","worldBank/PRJ_ATT_60UP_1_MF","167","[]","[WorldBank_WDI_CSV]","[]","[P1Y]"
"2000","worldBank/BI_WAG_PUBS_FM_SM","114","[]","[WorldBank_WDI_CSV]","[]","[P1Y]"
"1960","worldBank/NY_TAX_NIND_CN","198","[]","[WorldBank_WDI_CSV]","[]","[P1Y]"
"1994","worldBank/UIS_REPR_2_GPV_G2_M","182","[]","[WorldBank_WDI_CSV]","[]","[P1Y]"
"2000","worldBank/BI_PWK_PUBS_TT_ZS","127","[Percent]","[WorldBank_WDI_CSV]","[]","[P1Y]"
"1995","worldBank/BAR_PRM_CMPT_3034_FE_ZS","144","[Percent]","[WorldBank_WDI_CSV]","[]","[P1Y]"
"1960","worldBank/EN_CLC_SPEI_XD","188","[]","[WorldBank_WDI_CSV]","[]","[P1Y]"
"1960","worldBank/SH_DTH_MORT_FE","200","[]","[WorldBank_WDI_CSV]","[]","[P1Y]"
"1990","worldBank/NY_ADJ_SVNX_CD","165","[USDollar]","[WorldBank_WDI_CSV]","[]","[P1Y]"
"1960","worldBank/TX_VAL_MRCH_CD_WT","211","[USDollar]","[WorldBank_WDI_CSV]","[]","[P1Y]"
"1995","worldBank/BAR_SEC_ICMP_5054_FE_ZS","144","[Percent]","[WorldBank_WDI_CSV]","[]","[P1Y]"
"2000","worldBank/SH_DYN_NCOM_ZS","189","[Percent]","[WorldBank_WDI_CSV]","[]","[P1Y]"
"1960","worldBank/EN_ATM_CO2E_GF_ZS","211","[Percent]","[WorldBank_WDI_CSV]","[]","[P1Y]"
"1999","worldBank/GFDD_EI_10","176","[]","[WorldBank_WDI_CSV]","[]","[P1Y]"
"2000","worldBank/SH_STA_POIS_P5","189","[]","[WorldBank_WDI_CSV]","[]","[P1Y]"
"1999","worldBank/GFDD_EI_06","176","[]","[WorldBank_WDI_CSV]","[]","[P1Y]"
"2000","worldBank/GFDD_EI_07","176","[]","[WorldBank_WDI_CSV]","[]","[P1Y]"
"1999","worldBank/GFDD_EI_04","176","[]","[WorldBank_WDI_CSV]","[]","[P1Y]"
"1995","worldBank/BAR_PRM_ICMP_1519_FE_ZS","144","[Percent]","[WorldBank_WDI_CSV]","[]","[P1Y]"
"1999","worldBank/GFDD_EI_05","176","[]","[WorldBank_WDI_CSV]","[]","[P1Y]"
"1980","worldBank/GFDD_EI_08","178","[]","[WorldBank_WDI_CSV]","[]","[P1Y]"
"1999","worldBank/GFDD_EI_09","176","[]","[WorldBank_WDI_CSV]","[]","[P1Y]"
"2000","worldBank/BI_EMP_TOTL_PB_MA_ZS","132","[Percent]","[WorldBank_WDI_CSV]","[]","[P1Y]"
"1960","worldBank/NY_TRF_NCTR_KN","129","[]","[WorldBank_WDI_CSV]","[]","[P1Y]"
"1994","worldBank/UIS_NERT_2_GPI","187","[]","[WorldBank_WDI_CSV]","[]","[P1Y]"
"2000","worldBank/BI_WAG_PRVS_TN","95","[]","[WorldBank_WDI_CSV]","[]","[P1Y]"
"2017","worldBank/EN_HPT_THRD_NO","219","[]","[WorldBank_WDI_CSV]","[]","[P1Y]"
"1984","worldBank/HF_UHC_OOP_ZS","149","[Percent]","[WorldBank_WDI_CSV]","[]","[P1Y]"
"1995","worldBank/BAR_PRM_ICMP_25UP_ZS","144","[Percent]","[WorldBank_WDI_CSV]","[]","[P1Y]"
"1960","worldBank/NV_IND_TOTL_ZS","212","[Percent]","[WorldBank_WDI_CSV]","[]","[P1Y]"
"2010","worldBank/PRJ_ATT_15UP_2_MF","167","[]","[WorldBank_WDI_CSV]","[]","[P1Y]"
"1998","worldBank/UIS_MSEP_56_M","154","[]","[WorldBank_WDI_CSV]","[]","[P1Y]"
"2000","worldBank/SH_HIV_ARTC_FE_ZS","142","[Percent]","[WorldBank_WDI_CSV]","[]","[P1Y]"
"1995","worldBank/UIS_XSPENDP_0_FDPUB_FNNONS","141","[]","[WorldBank_WDI_CSV]","[]","[P1Y]"
"1998","worldBank/UIS_MSEP_56_F","154","[]","[WorldBank_WDI_CSV]","[]","[P1Y]"
"1990","worldBank/NY_GNP_PCAP_PP_CD","206","[USDollar]","[WorldBank_WDI_CSV]","[]","[P1Y]"
"1972","worldBank/GC_TAX_EXPT_ZS","100","[Percent]","[WorldBank_WDI_CSV]","[]","[P1Y]"
"1980","worldBank/GFDD_EI_02","131","[]","[WorldBank_WDI_CSV]","[]","[P1Y]"
"2000","worldBank/GFDD_EI_03","176","[]","[WorldBank_WDI_CSV]","[]","[P1Y]"
"1960","worldBank/SH_DYN_MORT","200","[]","[WorldBank_WDI_CSV]","[]","[P1Y]"
"1995","worldBank/BAR_POP_6064_FE","144","[]","[WorldBank_WDI_CSV]","[]","[P1Y]"
"2000","worldBank/GFDD_EI_01","174","[]","[WorldBank_WDI_CSV]","[]","[P1Y]"
"1995","worldBank/BAR_PRM_SCHL_6569","144","[]","[WorldBank_WDI_CSV]","[]","[P1Y]"
"2000","worldBank/SH_DTH_INJR_1559_FE_ZS","187","[Percent]","[WorldBank_WDI_CSV]","[]","[P1Y]"
"2010","worldBank/PRJ_ATT_4064_4_FE","167","[]","[WorldBank_WDI_CSV]","[]","[P1Y]"
"1995","worldBank/BAR_TER_ICMP_7074_FE_ZS","144","[Percent]","[WorldBank_WDI_CSV]","[]","[P1Y]"
"1970","worldBank/NY_GDP_NGAS_RT_ZS","205","[Percent]","[WorldBank_WDI_CSV]","[]","[P1Y]"
"2010","worldBank/PRJ_ATT_15UP_2_MA","167","[]","[WorldBank_WDI_CSV]","[]","[P1Y]"
"1960","worldBank/DC_DAC_TOTL_CD","184","[USDollar]","[WorldBank_WDI_CSV]","[]","[P1Y]"
"1995","worldBank/BAR_PRM_SCHL_4044_FE","144","[]","[WorldBank_WDI_CSV]","[]","[P1Y]"
"1995","worldBank/BAR_PRM_CMPT_3034_ZS","144","[Percent]","[WorldBank_WDI_CSV]","[]","[P1Y]"
"1995","worldBank/BAR_SEC_CMPT_1519_ZS","144","[Percent]","[WorldBank_WDI_CSV]","[]","[P1Y]"
"2000","worldBank/per_sa_allsa_cov_q3_tot","121","[]","[WorldBank_WDI_CSV]","[]","[P1Y]"
"2005","worldBank/DC_DAC_SVKL_CD","84","[USDollar]","[WorldBank_WDI_CSV]","[]","[P1Y]"
"1960","worldBank/TX_VAL_SERV_CD_WT","204","[USDollar]","[WorldBank_WDI_CSV]","[]","[P1Y]"
"1960","worldBank/SP_DYN_AMRT_MA","221","[]","[WorldBank_WDI_CSV]","[]","[P1Y]"
"1984","worldBank/HF_UHC_NOP2_CG","149","[]","[WorldBank_WDI_CSV]","[]","[P1Y]"
"1998","worldBank/SE_TER_GRAD_FE_EN_ZS","149","[Percent]","[WorldBank_WDI_CSV]","[]","[P1Y]"
"2002","worldBank/per_lm_alllm_cov_pop_tot","68","[]","[WorldBank_WDI_CSV]","[]","[P1Y]"
"2000","worldBank/BI_EMP_TOTL_PB_PN_ZS","114","[Percent]","[WorldBank_WDI_CSV]","[]","[P1Y]"
"2000","worldBank/SH_STA_POIS_P5_MA","189","[]","[WorldBank_WDI_CSV]","[]","[P1Y]"
"1998","worldBank/SE_TER_GRAD_FE_SS_ZS","141","[Percent]","[WorldBank_WDI_CSV]","[]","[P1Y]"
"1972","worldBank/GC_TAX_IMPT_CN","157","[]","[WorldBank_WDI_CSV]","[]","[P1Y]"
"2000","worldBank/BI_PWK_PRVS_CK_FE_ZS","98","[Percent]","[WorldBank_WDI_CSV]","[]","[P1Y]"
"2010","worldBank/PRJ_ATT_25UP_2_MF","167","[]","[WorldBank_WDI_CSV]","[]","[P1Y]"
"1995","worldBank/BAR_PRM_CMPT_15UP_FE_ZS","144","[Percent]","[WorldBank_WDI_CSV]","[]","[P1Y]"
"1991","worldBank/SL_UEM_1524_FE_ZS","191","[Percent]","[WorldBank_WDI_CSV]","[]","[P1Y]"
"2000","worldBank/BI_PWK_PUBS_FE_Q3_ZS","113","[Percent]","[WorldBank_WDI_CSV]","[]","[P1Y]"
"1991","worldBank/EP_PMP_SGAS_CD","191","[USDollar]","[WorldBank_WDI_CSV]","[]","[P1Y]"
"1972","worldBank/GC_TAX_GSRV_RV_ZS","165","[Percent]","[WorldBank_WDI_CSV]","[]","[P1Y]"
"2019","worldBank/SH_STA_AIRP_MA_P5","187","[]","[WorldBank_WDI_CSV]","[]","[P1Y]"
"2010","worldBank/PRJ_ATT_25UP_2_MA","167","[]","[WorldBank_WDI_CSV]","[]","[P1Y]"
"2010","worldBank/PRJ_MYS_25UP_GPI","167","[]","[WorldBank_WDI_CSV]","[]","[P1Y]"
"1994","worldBank/SE_TER_CUAT_DO_ZS","143","[Percent]","[WorldBank_WDI_CSV]","[]","[P1Y]"
"1962","worldBank/TX_VAL_MANF_ZS_UN","202","[Percent]","[WorldBank_WDI_CSV]","[]","[P1Y]"
"1960","worldBank/BX_GSR_GNFS_CD","200","[USDollar]","[WorldBank_WDI_CSV]","[]","[P1Y]"
"1995","worldBank/BAR_NOED_1519_ZS","144","[Percent]","[WorldBank_WDI_CSV]","[]","[P1Y]"
"1995","worldBank/BAR_SCHL_6569_FE","144","[]","[WorldBank_WDI_CSV]","[]","[P1Y]"
"1961","worldBank/AG_LND_ARBL_HA_PC","210","[]","[WorldBank_WDI_CSV]","[]","[P1Y]"
"1995","worldBank/BAR_TER_ICMP_3539_ZS","144","[Percent]","[WorldBank_WDI_CSV]","[]","[P1Y]"
"1970","worldBank/SL_UEM_NEET_FE_ZS","182","[Percent]","[WorldBank_WDI_CSV]","[]","[P1Y]"
"2000","worldBank/SH_ALC_PCAP_FE_LI","191","[]","[WorldBank_WDI_CSV]","[]","[P1Y]"
"1995","worldBank/BAR_SEC_CMPT_4549_FE_ZS","144","[Percent]","[WorldBank_WDI_CSV]","[]","[P1Y]"
"1994","worldBank/UIS_FTP_3","188","[]","[WorldBank_WDI_CSV]","[]","[P1Y]"
"1994","worldBank/UIS_FTP_2","187","[]","[WorldBank_WDI_CSV]","[]","[P1Y]"
"1960","worldBank/SP_POP_6064_MA","221","[]","[WorldBank_WDI_CSV]","[]","[P1Y]"
"1998","worldBank/UIS_FTP_4","115","[]","[WorldBank_WDI_CSV]","[]","[P1Y]"
"1996","worldBank/GB_XPD_RSDV_GD_ZS","157","[Percent]","[WorldBank_WDI_CSV]","[]","[P1Y]"
"1995","worldBank/BAR_TER_CMPT_75UP_FE_ZS","144","[Percent]","[WorldBank_WDI_CSV]","[]","[P1Y]"
"1961","worldBank/AG_PRD_FOOD_XD","199","[]","[WorldBank_WDI_CSV]","[]","[P1Y]"
"2003","worldBank/IC_REG_COST_PC_ZS","195","[Percent]","[WorldBank_WDI_CSV]","[]","[P1Y]"
"2010","worldBank/PRJ_ATT_60UP_1_FE","167","[]","[WorldBank_WDI_CSV]","[]","[P1Y]"
"1995","worldBank/BAR_PRM_ICMP_5054_ZS","144","[Percent]","[WorldBank_WDI_CSV]","[]","[P1Y]"
"2010","worldBank/PRJ_MYS_80UP_MA","167","[]","[WorldBank_WDI_CSV]","[]","[P1Y]"
"1995","worldBank/BAR_SEC_SCHL_4549_FE","144","[]","[WorldBank_WDI_CSV]","[]","[P1Y]"
"2010","worldBank/PRJ_MYS_80UP_MF","167","[]","[WorldBank_WDI_CSV]","[]","[P1Y]"
"1965","worldBank/ER_H2O_FWIN_ZS","183","[Percent]","[WorldBank_WDI_CSV]","[]","[P1Y]"
"2010","worldBank/PRJ_POP_2529_4_FE","167","[]","[WorldBank_WDI_CSV]","[]","[P1Y]"
"1994","worldBank/UIS_XGDP_1_FSGOV","181","[]","[WorldBank_WDI_CSV]","[]","[P1Y]"
"1983","worldBank/SH_STA_STNT_ZS","163","[Percent]","[WorldBank_WDI_CSV]","[]","[P1Y]"
"1995","worldBank/BAR_POP_4549","144","[]","[WorldBank_WDI_CSV]","[]","[P1Y]"
"1985","worldBank/SP_M18_2024_FE_ZS","141","[Percent]","[WorldBank_WDI_CSV]","[]","[P1Y]"
"1970","worldBank/SE_PRM_UNER_ZS","205","[Percent]","[WorldBank_WDI_CSV]","[]","[P1Y]"
"1995","worldBank/BAR_TER_CMPT_6569_FE_ZS","144","[Percent]","[WorldBank_WDI_CSV]","[]","[P1Y]"
"2010","worldBank/PRJ_ATT_4064_S1_FE","167","[]","[WorldBank_WDI_CSV]","[]","[P1Y]"
"2011","worldBank/ENF_CONT_COEN_ENFE_PR","213","[]","[WorldBank_WDI_CSV]","[]","[P1Y]"
"1960","worldBank/BN_GSR_FCTY_CD","200","[USDollar]","[WorldBank_WDI_CSV]","[]","[P1Y]"
"1970","worldBank/SE_PRM_CUAT_ZS","198","[Percent]","[WorldBank_WDI_CSV]","[]","[P1Y]"
"2000","worldBank/SH_DTH_NCOM_60UP_ZS","187","[Percent]","[WorldBank_WDI_CSV]","[]","[P1Y]"
"2003","worldBank/SP_REG_BRTH_FE_ZS","167","[Percent]","[WorldBank_WDI_CSV]","[]","[P1Y]"
"2003","worldBank/ENF_CONT_COEN_COST_ZS_DFRN","213","[Percent]","[WorldBank_WDI_CSV]","[]","[P1Y]"
"2000","worldBank/SH_ALC_PCAP_LI","191","[]","[WorldBank_WDI_CSV]","[]","[P1Y]"
"2010","worldBank/HD_HCI_MORT_FE","174","[]","[WorldBank_WDI_CSV]","[]","[P1Y]"
"1995","worldBank/BAR_SCHL_75UP","144","[]","[WorldBank_WDI_CSV]","[]","[P1Y]"
"2010","worldBank/PRJ_POP_2024_S1_FE","167","[]","[WorldBank_WDI_CSV]","[]","[P1Y]"
"1990","worldBank/SL_TLF_CACT_FM_ZS","191","[Percent]","[WorldBank_WDI_CSV]","[]","[P1Y]"
"2019","worldBank/SH_STA_AIRP_FE_P5","187","[]","[WorldBank_WDI_CSV]","[]","[P1Y]"
"2003","worldBank/IC_REG_COST_PC_FE_ZS","194","[Percent]","[WorldBank_WDI_CSV]","[]","[P1Y]"
"2010","worldBank/PRJ_MYS_0T19_MF","167","[]","[WorldBank_WDI_CSV]","[]","[P1Y]"
"1970","worldBank/DT_NFL_PCBK_CD","118","[USDollar]","[WorldBank_WDI_CSV]","[]","[P1Y]"
"2010","worldBank/PRJ_MYS_1519_MF","167","[]","[WorldBank_WDI_CSV]","[]","[P1Y]"
"1990","worldBank/AG_LND_EL5M_UR_ZS","219","[Percent]","[WorldBank_WDI_CSV]","[]","[P1Y]"
"2010","worldBank/PRJ_MYS_0T19_MA","167","[]","[WorldBank_WDI_CSV]","[]","[P1Y]"
"2010","worldBank/PRJ_MYS_1519_MA","167","[]","[WorldBank_WDI_CSV]","[]","[P1Y]"
"1995","worldBank/BAR_PRM_SCHL_6064_FE","144","[]","[WorldBank_WDI_CSV]","[]","[P1Y]"
"1995","worldBank/BAR_SCHL_15UP_FE","144","[]","[WorldBank_WDI_CSV]","[]","[P1Y]"
"1970","worldBank/SL_TLF_BASC_FE_ZS","186","[Percent]","[WorldBank_WDI_CSV]","[]","[P1Y]"
"1991","worldBank/SL_AGR_EMPL_ZS","191","[Percent]","[WorldBank_WDI_CSV]","[]","[P1Y]"
"1960","worldBank/SP_DYN_LE00_IN","221","[]","[WorldBank_WDI_CSV]","[]","[P1Y]"
"1961","worldBank/NE_IMP_GNFS_KD_ZG","181","[]","[WorldBank_WDI_CSV]","[]","[P1Y]"
"1995","worldBank/BAR_TER_SCHL_2529_FE","144","[]","[WorldBank_WDI_CSV]","[]","[P1Y]"
"1995","worldBank/BAR_PRM_CMPT_2529_ZS","144","[Percent]","[WorldBank_WDI_CSV]","[]","[P1Y]"
"1994","worldBank/UIS_REPR_1_F","185","[]","[WorldBank_WDI_CSV]","[]","[P1Y]"
"1995","worldBank/BAR_SEC_SCHL_4549","144","[]","[WorldBank_WDI_CSV]","[]","[P1Y]"
"1970","worldBank/SE_SEC_NENR","192","[]","[WorldBank_WDI_CSV]","[]","[P1Y]"
"1991","worldBank/SL_EMP_TOTL_SP_MA_ZS","191","[Percent]","[WorldBank_WDI_CSV]","[]","[P1Y]"
"1997","worldBank/UIS_OMR_56","201","[]","[WorldBank_WDI_CSV]","[]","[P1Y]"
"1995","worldBank/UIS_XSPENDP_2_FDPUB_FNCUR","144","[]","[WorldBank_WDI_CSV]","[]","[P1Y]"
"1970","worldBank/SE_PRM_PRS5_FE_ZS","179","[Percent]","[WorldBank_WDI_CSV]","[]","[P1Y]"
"2000","worldBank/BI_WAG_PREM_PB_CK","85","[]","[WorldBank_WDI_CSV]","[]","[P1Y]"
"1960","worldBank/NV_IND_TOTL_CN","208","[]","[WorldBank_WDI_CSV]","[]","[P1Y]"
"1998","worldBank/IT_NET_BBND_P2","212","[]","[WorldBank_WDI_CSV]","[]","[P1Y]"
"1960","worldBank/SP_POP_3539_MA","221","[]","[WorldBank_WDI_CSV]","[]","[P1Y]"
"1995","worldBank/BAR_TER_CMPT_5054_ZS","144","[Percent]","[WorldBank_WDI_CSV]","[]","[P1Y]"
"1960","worldBank/SP_POP_5559_MA","221","[]","[WorldBank_WDI_CSV]","[]","[P1Y]"
"2000","worldBank/SH_STA_ODFC_RU_ZS","175","[Percent]","[WorldBank_WDI_CSV]","[]","[P1Y]"
"2000","worldBank/SH_DTH_INJR_0514_ZS","187","[Percent]","[WorldBank_WDI_CSV]","[]","[P1Y]"
"1970","worldBank/DT_TDS_DECT_GN_ZS","122","[Percent]","[WorldBank_WDI_CSV]","[]","[P1Y]"
"1990","worldBank/NE_CON_PRVT_CN_AD","186","[]","[WorldBank_WDI_CSV]","[]","[P1Y]"
"1995","worldBank/BAR_TER_CMPT_25UP_ZS","144","[Percent]","[WorldBank_WDI_CSV]","[]","[P1Y]"
"1994","worldBank/UIS_REPR_1_M","184","[]","[WorldBank_WDI_CSV]","[]","[P1Y]"
"2000","worldBank/SH_STA_TRAF_FE_P5","187","[]","[WorldBank_WDI_CSV]","[]","[P1Y]"
"1960","worldBank/NY_EXP_CAPM_KN","178","[]","[WorldBank_WDI_CSV]","[]","[P1Y]"
"2010","worldBank/PRJ_ATT_2529_S1_FE","167","[]","[WorldBank_WDI_CSV]","[]","[P1Y]"
"1997","worldBank/UIS_FEP_2_V","104","[]","[WorldBank_WDI_CSV]","[]","[P1Y]"
"1990","worldBank/SL_TLF_CACT_MA_ZS","191","[Percent]","[WorldBank_WDI_CSV]","[]","[P1Y]"
"1995","worldBank/BAR_PRM_CMPT_4549_ZS","144","[Percent]","[WorldBank_WDI_CSV]","[]","[P1Y]"
"1963","worldBank/NV_MNF_TXTL_ZS_UN","160","[Percent]","[WorldBank_WDI_CSV]","[]","[P1Y]"
"1994","worldBank/IT_CMP_PCMP_P2","197","[]","[WorldBank_WDI_CSV]","[]","[P1Y]"
"1970","worldBank/DT_NFL_PBND_CD","92","[USDollar]","[WorldBank_WDI_CSV]","[]","[P1Y]"
"1995","worldBank/BAR_POP_2024_FE","144","[]","[WorldBank_WDI_CSV]","[]","[P1Y]"
"1960","worldBank/NV_IND_TOTL_CD","212","[USDollar]","[WorldBank_WDI_CSV]","[]","[P1Y]"
"1995","worldBank/BAR_NOED_3034_FE_ZS","144","[Percent]","[WorldBank_WDI_CSV]","[]","[P1Y]"
"1960","worldBank/TX_VAL_MRCH_R1_ZS","209","[Percent]","[WorldBank_WDI_CSV]","[]","[P1Y]"
"1990","worldBank/DT_ODA_OATL_CD","44","[USDollar]","[WorldBank_WDI_CSV]","[]","[P1Y]"
"2010","worldBank/PRJ_ATT_ALL_1_FE","167","[]","[WorldBank_WDI_CSV]","[]","[P1Y]"
"1980","worldBank/TX_VAL_MRCH_XD_WD","205","[]","[WorldBank_WDI_CSV]","[]","[P1Y]"
"1990","worldBank/NY_GNP_PCAP_PP_KD","201","[]","[WorldBank_WDI_CSV]","[]","[P1Y]"
"2009","worldBank/VC_IDP_TOCV","80","[]","[WorldBank_WDI_CSV]","[]","[P1Y]"
"1995","worldBank/BAR_SEC_SCHL_7074_FE","144","[]","[WorldBank_WDI_CSV]","[]","[P1Y]"
"2010","worldBank/PRJ_POP_1519_1_FE","167","[]","[WorldBank_WDI_CSV]","[]","[P1Y]"
"1972","worldBank/GC_TAX_YPKG_CN","159","[]","[WorldBank_WDI_CSV]","[]","[P1Y]"
"1990","worldBank/AG_LND_IRIG_AG_ZS","121","[Percent]","[WorldBank_WDI_CSV]","[]","[P1Y]"
"1995","worldBank/BAR_TER_CMPT_75UP_ZS","144","[Percent]","[WorldBank_WDI_CSV]","[]","[P1Y]"
"1970","worldBank/DT_TDS_DPPG_GN_ZS","123","[Percent]","[WorldBank_WDI_CSV]","[]","[P1Y]"
"1995","worldBank/BAR_SCHL_5054","144","[]","[WorldBank_WDI_CSV]","[]","[P1Y]"
"1994","worldBank/UIS_GER_12","207","[]","[WorldBank_WDI_CSV]","[]","[P1Y]"
"1994","worldBank/UIS_R_2_GPV_G4","92","[]","[WorldBank_WDI_CSV]","[]","[P1Y]"
"1995","worldBank/BAR_TER_SCHL_3034","144","[]","[WorldBank_WDI_CSV]","[]","[P1Y]"
"1994","worldBank/UIS_R_2_GPV_G2","195","[]","[WorldBank_WDI_CSV]","[]","[P1Y]"
"1994","worldBank/UIS_R_2_GPV_G3","180","[]","[WorldBank_WDI_CSV]","[]","[P1Y]"
"1994","worldBank/UIS_R_2_GPV_G1","196","[]","[WorldBank_WDI_CSV]","[]","[P1Y]"
"1990","worldBank/SH_HIV_INCD_YG_MA_P3","137","[]","[WorldBank_WDI_CSV]","[]","[P1Y]"
"1995","worldBank/BAR_TER_CMPT_7074_ZS","144","[Percent]","[WorldBank_WDI_CSV]","[]","[P1Y]"
"1961","worldBank/AG_LND_CROP_ZS","205","[Percent]","[WorldBank_WDI_CSV]","[]","[P1Y]"
"2000","worldBank/BI_EMP_PWRK_PB_FE_ZS","133","[Percent]","[WorldBank_WDI_CSV]","[]","[P1Y]"
"1970","worldBank/DT_DOD_DSTC_CD","122","[USDollar]","[WorldBank_WDI_CSV]","[]","[P1Y]"
"1995","worldBank/BAR_TER_ICMP_75UP_FE_ZS","144","[Percent]","[WorldBank_WDI_CSV]","[]","[P1Y]"
"2010","worldBank/PRJ_ATT_2039_4_FE","167","[]","[WorldBank_WDI_CSV]","[]","[P1Y]"
"1995","worldBank/BAR_TER_CMPT_1519_FE_ZS","144","[Percent]","[WorldBank_WDI_CSV]","[]","[P1Y]"
"1961","worldBank/AG_LND_TRAC_ZS","209","[Percent]","[WorldBank_WDI_CSV]","[]","[P1Y]"
"1960","worldBank/SP_POP_7579_MA","221","[]","[WorldBank_WDI_CSV]","[]","[P1Y]"
"2003","worldBank/RESLV_ISV_RCOV_RT","213","[]","[WorldBank_WDI_CSV]","[]","[P1Y]"
"1960","worldBank/SP_POP_1519_MA","221","[]","[WorldBank_WDI_CSV]","[]","[P1Y]"
"1995","worldBank/BAR_PRM_CMPT_1519_FE_ZS","144","[Percent]","[WorldBank_WDI_CSV]","[]","[P1Y]"
"2010","worldBank/HD_HCI_LAYS_FE","163","[]","[WorldBank_WDI_CSV]","[]","[P1Y]"
"1998","worldBank/UIS_T_4_F","126","[]","[WorldBank_WDI_CSV]","[]","[P1Y]"
"1999","worldBank/OECD_TSAL_2_E15","54","[]","[WorldBank_WDI_CSV]","[]","[P1Y]"
"1969","worldBank/DT_NFL_UNRW_CD","7","[USDollar]","[WorldBank_WDI_CSV]","[]","[P1Y]"
"2000","worldBank/per_sa_allsa_cov_q1_tot","121","[]","[WorldBank_WDI_CSV]","[]","[P1Y]"
"2011","worldBank/i_branches_A1_pop","186","[]","[WorldBank_WDI_CSV]","[]","[P1Y]"
"2000","worldBank/BI_WAG_PREM_PB_GP","115","[]","[WorldBank_WDI_CSV]","[]","[P1Y]"
"1980","worldBank/IP_PAT_NRES","171","[]","[WorldBank_WDI_CSV]","[]","[P1Y]"
"1995","worldBank/BAR_PRM_CMPT_6569_ZS","144","[Percent]","[WorldBank_WDI_CSV]","[]","[P1Y]"
"2000","worldBank/BI_PWK_PRVS_SN_FE_ZS","99","[Percent]","[WorldBank_WDI_CSV]","[]","[P1Y]"
"1960","worldBank/DC_DAC_SWEL_CD","166","[USDollar]","[WorldBank_WDI_CSV]","[]","[P1Y]"
"2000","worldBank/BI_WAG_PREM_PB_FL","90","[]","[WorldBank_WDI_CSV]","[]","[P1Y]"
"1994","worldBank/UIS_EA_3T6_AG25T99","160","[]","[WorldBank_WDI_CSV]","[]","[P1Y]"
"1998","worldBank/SE_TER_CMPL_MA_ZS","154","[Percent]","[WorldBank_WDI_CSV]","[]","[P1Y]"
"2010","worldBank/PRJ_ATT_4064_S1_MA","167","[]","[WorldBank_WDI_CSV]","[]","[P1Y]"
"1995","worldBank/BAR_SEC_CMPT_4044_FE_ZS","144","[Percent]","[WorldBank_WDI_CSV]","[]","[P1Y]"
"1994","worldBank/UIS_REPR_2_GPV_G3_F","168","[]","[WorldBank_WDI_CSV]","[]","[P1Y]"
"1960","worldBank/DT_ODA_ODAT_MP_ZS","156","[Percent]","[WorldBank_WDI_CSV]","[]","[P1Y]"
"1991","worldBank/SL_EMP_SELF_ZS","191","[Percent]","[WorldBank_WDI_CSV]","[]","[P1Y]"
"2000","worldBank/BI_WAG_PREM_PB_FE","113","[]","[WorldBank_WDI_CSV]","[]","[P1Y]"
"2010","worldBank/PRJ_MYS_0T19_FE","167","[]","[WorldBank_WDI_CSV]","[]","[P1Y]"
"2010","worldBank/PRJ_MYS_1519_FE","167","[]","[WorldBank_WDI_CSV]","[]","[P1Y]"
"1995","worldBank/BAR_PRM_CMPT_6064_FE_ZS","144","[Percent]","[WorldBank_WDI_CSV]","[]","[P1Y]"
"2010","worldBank/PRJ_ATT_4064_S1_MF","167","[]","[WorldBank_WDI_CSV]","[]","[P1Y]"
"2000","worldBank/BI_WAG_PREM_PB_FM","114","[]","[WorldBank_WDI_CSV]","[]","[P1Y]"
"2003","worldBank/IC_REG_DURS_MA","194","[]","[WorldBank_WDI_CSV]","[]","[P1Y]"
"1994","worldBank/UIS_SAP_23_GPV_G1","209","[]","[WorldBank_WDI_CSV]","[]","[P1Y]"
"1995","worldBank/BAR_PRM_SCHL_25UP","144","[]","[WorldBank_WDI_CSV]","[]","[P1Y]"
"1995","worldBank/BAR_SEC_ICMP_5559_FE_ZS","144","[Percent]","[WorldBank_WDI_CSV]","[]","[P1Y]"
"1965","worldBank/DC_DAC_AUSL_CD","176","[USDollar]","[WorldBank_WDI_CSV]","[]","[P1Y]"
"1970","worldBank/NY_GDP_PETR_RT_ZS","204","[Percent]","[WorldBank_WDI_CSV]","[]","[P1Y]"
"1980","worldBank/SH_IMM_IDPT","197","[]","[WorldBank_WDI_CSV]","[]","[P1Y]"
"1995","worldBank/BAR_NOED_25UP_FE_ZS","144","[Percent]","[WorldBank_WDI_CSV]","[]","[P1Y]"
"1990","worldBank/PA_NUS_PPP","205","[]","[WorldBank_WDI_CSV]","[]","[P1Y]"
"1970","worldBank/SE_PRE_ENRR_FE","207","[]","[WorldBank_WDI_CSV]","[]","[P1Y]"
"2000","worldBank/BI_WAG_PRVS_PN","98","[]","[WorldBank_WDI_CSV]","[]","[P1Y]"
"2010","worldBank/PRJ_ATT_2024_S1_MA","167","[]","[WorldBank_WDI_CSV]","[]","[P1Y]"
"2000","worldBank/BI_WAG_PREM_PB_ED","91","[]","[WorldBank_WDI_CSV]","[]","[P1Y]"
"1960","worldBank/FS_AST_DOMS_GD_ZS","69","[Percent]","[WorldBank_WDI_CSV]","[]","[P1Y]"
"1960","worldBank/MS_MIL_MPRT_KD","191","[]","[WorldBank_WDI_CSV]","[]","[P1Y]"
"2000","worldBank/BI_WAG_PREM_PB_EO","85","[]","[WorldBank_WDI_CSV]","[]","[P1Y]"
"1995","worldBank/BAR_PRM_SCHL_3539","144","[]","[WorldBank_WDI_CSV]","[]","[P1Y]"
"1970","worldBank/IS_AIR_PSGR","189","[]","[WorldBank_WDI_CSV]","[]","[P1Y]"
"2005","worldBank/DT_NFL_UNAI_CD","140","[USDollar]","[WorldBank_WDI_CSV]","[]","[P1Y]"
"1995","worldBank/BAR_SEC_ICMP_2024_ZS","144","[Percent]","[WorldBank_WDI_CSV]","[]","[P1Y]"
"2010","worldBank/PRJ_ATT_1519_3_FE","167","[]","[WorldBank_WDI_CSV]","[]","[P1Y]"
"1995","worldBank/BAR_POP_4044_FE","144","[]","[WorldBank_WDI_CSV]","[]","[P1Y]"
"2010","worldBank/PRJ_ATT_2024_S1_MF","167","[]","[WorldBank_WDI_CSV]","[]","[P1Y]"
"1994","worldBank/UIS_REPR_2_GPV_G3_M","168","[]","[WorldBank_WDI_CSV]","[]","[P1Y]"
"1970","worldBank/SE_SEC_CUAT_PO_FE_ZS","181","[Percent]","[WorldBank_WDI_CSV]","[]","[P1Y]"
"1994","worldBank/UIS_SLE_56_GPI","195","[]","[WorldBank_WDI_CSV]","[]","[P1Y]"
"1995","worldBank/BAR_TER_SCHL_6569","144","[]","[WorldBank_WDI_CSV]","[]","[P1Y]"
"2010","worldBank/PRJ_ATT_ALL_1_MF","167","[]","[WorldBank_WDI_CSV]","[]","[P1Y]"
"2011","worldBank/GFDD_AI_18","161","[]","[WorldBank_WDI_CSV]","[]","[P1Y]"
"1970","worldBank/SL_UEM_BASC_ZS","190","[Percent]","[WorldBank_WDI_CSV]","[]","[P1Y]"
"1994","worldBank/UIS_LP_AG65_F","164","[]","[WorldBank_WDI_CSV]","[]","[P1Y]"
"2010","worldBank/PRJ_ATT_ALL_1_MA","167","[]","[WorldBank_WDI_CSV]","[]","[P1Y]"
"1990","worldBank/6_1_PRIMARY_ENERGY_INTENSITY","195","[]","[WorldBank_WDI_CSV]","[]","[P1Y]"
"1990","worldBank/SL_TLF_ACTI_1524_MA_ZS","191","[Percent]","[WorldBank_WDI_CSV]","[]","[P1Y]"
"1997","worldBank/UIS_PRP_0","186","[]","[WorldBank_WDI_CSV]","[]","[P1Y]"
"1995","worldBank/BAR_TER_ICMP_4549_FE_ZS","144","[Percent]","[WorldBank_WDI_CSV]","[]","[P1Y]"
"2000","worldBank/SH_DTH_INJR_ZS","187","[Percent]","[WorldBank_WDI_CSV]","[]","[P1Y]"
"2000","worldBank/SH_DTH_NCOM_1559_FE_ZS","187","[Percent]","[WorldBank_WDI_CSV]","[]","[P1Y]"
"1998","worldBank/SE_TER_GRAD_FE_HL_ZS","154","[Percent]","[WorldBank_WDI_CSV]","[]","[P1Y]"
"1984","worldBank/HF_UHC_NOP1_ZS","149","[Percent]","[WorldBank_WDI_CSV]","[]","[P1Y]"
"2010","worldBank/PRJ_MYS_60UP_FE","167","[]","[WorldBank_WDI_CSV]","[]","[P1Y]"
"1970","worldBank/DT_DOD_DSTC_XP_ZS","120","[Percent]","[WorldBank_WDI_CSV]","[]","[P1Y]"
"2000","worldBank/per_sa_allsa_cov_pop_tot","121","[]","[WorldBank_WDI_CSV]","[]","[P1Y]"
"2004","worldBank/GFDD_AI_01","106","[]","[WorldBank_WDI_CSV]","[]","[P1Y]"
"2000","worldBank/BI_PWK_PRVS_FE_Q2_ZS","110","[Percent]","[WorldBank_WDI_CSV]","[]","[P1Y]"
"1995","worldBank/BAR_SEC_ICMP_6064_ZS","144","[Percent]","[WorldBank_WDI_CSV]","[]","[P1Y]"
"1995","worldBank/BAR_TER_CMPT_6064_FE_ZS","144","[Percent]","[WorldBank_WDI_CSV]","[]","[P1Y]"
"2004","worldBank/GFDD_AI_02","185","[]","[WorldBank_WDI_CSV]","[]","[P1Y]"
"2011","worldBank/GFDD_AI_05","161","[]","[WorldBank_WDI_CSV]","[]","[P1Y]"
"1970","worldBank/SE_TER_CUAT_ST_MA_ZS","183","[Percent]","[WorldBank_WDI_CSV]","[]","[P1Y]"
"2011","worldBank/GFDD_AI_07","161","[]","[WorldBank_WDI_CSV]","[]","[P1Y]"
"2011","worldBank/GFDD_AI_06","161","[]","[WorldBank_WDI_CSV]","[]","[P1Y]"
"1972","worldBank/GC_LBL_TOTL_CN","148","[]","[WorldBank_WDI_CSV]","[]","[P1Y]"
"1990","worldBank/EN_ATM_PFCG_KT_CE","142","[]","[WorldBank_WDI_CSV]","[]","[P1Y]"
"1990","worldBank/AG_LND_FRST_K2","218","[]","[WorldBank_WDI_CSV]","[]","[P1Y]"
"2010","worldBank/HD_HCI_HLOS","174","[]","[WorldBank_WDI_CSV]","[]","[P1Y]"
"1970","worldBank/SE_SEC_PROG_FE_ZS","193","[Percent]","[WorldBank_WDI_CSV]","[]","[P1Y]"
"1997","worldBank/UIS_PRP_3","193","[]","[WorldBank_WDI_CSV]","[]","[P1Y]"
"1998","worldBank/UIS_PRP_2","199","[]","[WorldBank_WDI_CSV]","[]","[P1Y]"
"1998","worldBank/UIS_PRP_4","130","[]","[WorldBank_WDI_CSV]","[]","[P1Y]"
"2000","worldBank/BI_PWK_PRVS_SY_ZS","92","[Percent]","[WorldBank_WDI_CSV]","[]","[P1Y]"
"2010","worldBank/IT_NET_SECR","217","[]","[WorldBank_WDI_CSV]","[]","[P1Y]"
"1991","worldBank/EP_PMP_DESL_CD","189","[USDollar]","[WorldBank_WDI_CSV]","[]","[P1Y]"
"1995","worldBank/BAR_SEC_SCHL_3034_FE","144","[]","[WorldBank_WDI_CSV]","[]","[P1Y]"
"1994","worldBank/UIS_R_2_GPV_G4_F","87","[]","[WorldBank_WDI_CSV]","[]","[P1Y]"
"1960","worldBank/SP_DYN_IMRT_IN","200","[]","[WorldBank_WDI_CSV]","[]","[P1Y]"
"1995","worldBank/BAR_PRM_SCHL_7074","144","[]","[WorldBank_WDI_CSV]","[]","[P1Y]"
"1960","worldBank/NV_IND_TOTL_KD","208","[]","[WorldBank_WDI_CSV]","[]","[P1Y]"
"1990","worldBank/DT_ODA_OATL_KD","44","[]","[WorldBank_WDI_CSV]","[]","[P1Y]"
"1995","worldBank/BAR_SEC_CMPT_7074_FE_ZS","144","[Percent]","[WorldBank_WDI_CSV]","[]","[P1Y]"
"1994","worldBank/UIS_ROFST_2_M","187","[]","[WorldBank_WDI_CSV]","[]","[P1Y]"
"2010","worldBank/PRJ_POP_2024_NED_FE","167","[]","[WorldBank_WDI_CSV]","[]","[P1Y]"
"1994","worldBank/UIS_REPR_1_G3_M","183","[]","[WorldBank_WDI_CSV]","[]","[P1Y]"
"1994","worldBank/UIS_ROFST_2_F","187","[]","[WorldBank_WDI_CSV]","[]","[P1Y]"
"1995","worldBank/BAR_SEC_SCHL_25UP_FE","144","[]","[WorldBank_WDI_CSV]","[]","[P1Y]"
"1960","worldBank/NY_GNS_ICTR_GN_ZS","182","[Percent]","[WorldBank_WDI_CSV]","[]","[P1Y]"
"1970","worldBank/BX_TRF_PWKR_CD_DT","203","[USDollar]","[WorldBank_WDI_CSV]","[]","[P1Y]"
"1994","worldBank/UIS_REPR_1_G3_F","183","[]","[WorldBank_WDI_CSV]","[]","[P1Y]"
"1994","worldBank/UIS_GER_12_GPI","207","[]","[WorldBank_WDI_CSV]","[]","[P1Y]"
"1960","worldBank/NV_IND_TOTL_KN","200","[]","[WorldBank_WDI_CSV]","[]","[P1Y]"
"1995","worldBank/BAR_SEC_ICMP_2529_FE_ZS","144","[Percent]","[WorldBank_WDI_CSV]","[]","[P1Y]"
"2000","worldBank/BI_EMP_PWRK_PB_RU_ZS","127","[Percent]","[WorldBank_WDI_CSV]","[]","[P1Y]"
"1960","worldBank/DT_ODA_ALLD_CD","184","[USDollar]","[WorldBank_WDI_CSV]","[]","[P1Y]"
"2004","worldBank/GFDD_AI_25","187","[]","[WorldBank_WDI_CSV]","[]","[P1Y]"
"1998","worldBank/UIS_GGR_5_A_GPI","151","[]","[WorldBank_WDI_CSV]","[]","[P1Y]"
"1960","worldBank/SL_TLF_ACTI_1524_FE_NE_ZS","213","[Percent]","[WorldBank_WDI_CSV]","[]","[P1Y]"
"1960","worldBank/NE_TRD_GNFS_ZS","196","[PercentGrossDomesticProduct]","[WorldBank_WDI_CSV]","[]","[P1Y]"
"2010","worldBank/PRJ_POP_ALL_3_FE","167","[]","[WorldBank_WDI_CSV]","[]","[P1Y]"
"1995","worldBank/BAR_POP_1519","144","[]","[WorldBank_WDI_CSV]","[]","[P1Y]"
"1994","worldBank/UIS_SLE_123_GPI","206","[]","[WorldBank_WDI_CSV]","[]","[P1Y]"
"1960","worldBank/SP_POP_3539_FE","221","[]","[WorldBank_WDI_CSV]","[]","[P1Y]"
"2011","worldBank/GFDD_AI_21","161","[]","[WorldBank_WDI_CSV]","[]","[P1Y]"
"1999","worldBank/SE_PRM_CMPL_FE_ZS","170","[Percent]","[WorldBank_WDI_CSV]","[]","[P1Y]"
"2011","worldBank/GFDD_AI_20","161","[]","[WorldBank_WDI_CSV]","[]","[P1Y]"
"2000","worldBank/BI_PWK_PRVS_PN_FE_ZS","100","[Percent]","[WorldBank_WDI_CSV]","[]","[P1Y]"
"2000","worldBank/BI_PWK_PUBS_CK_FE_ZS","100","[Percent]","[WorldBank_WDI_CSV]","[]","[P1Y]"
"1960","worldBank/SP_ADO_TFRT","221","[]","[WorldBank_WDI_CSV]","[]","[P1Y]"
"2011","worldBank/FX_OWN_TOTL_PL_ZS","162","[Percent]","[WorldBank_WDI_CSV]","[]","[P1Y]"
"1995","worldBank/BAR_SEC_SCHL_75UP","144","[]","[WorldBank_WDI_CSV]","[]","[P1Y]"
"1960","worldBank/IT_CEL_SETS_P2","218","[]","[WorldBank_WDI_CSV]","[]","[P1Y]"
"1990","worldBank/NY_GDP_MKTP_PP_CD","207","[USDollar]","[WorldBank_WDI_CSV]","[]","[P1Y]"
"1995","worldBank/BAR_SCHL_4549","144","[]","[WorldBank_WDI_CSV]","[]","[P1Y]"
"2000","worldBank/BI_WAG_PREM_PB_PV","115","[]","[WorldBank_WDI_CSV]","[]","[P1Y]"
"1995","worldBank/BAR_SEC_SCHL_5054_FE","144","[]","[WorldBank_WDI_CSV]","[]","[P1Y]"
"2000","worldBank/BI_WAG_PREM_PB_PR","90","[]","[WorldBank_WDI_CSV]","[]","[P1Y]"
"1970","worldBank/DT_NFL_IMFN_CD","123","[USDollar]","[WorldBank_WDI_CSV]","[]","[P1Y]"
"1995","worldBank/BAR_SEC_ICMP_4044_ZS","144","[Percent]","[WorldBank_WDI_CSV]","[]","[P1Y]"
"1995","worldBank/UIS_EA_1T6_AG25T99","154","[]","[WorldBank_WDI_CSV]","[]","[P1Y]"
"1990","worldBank/4_1_2_REN_ELECTRICITY_OUTPUT","233","[GigawattHour]","[WorldBank_WDI_CSV]","[]","[P1Y]"
"1995","worldBank/BAR_SEC_SCHL_75UP_FE","144","[]","[WorldBank_WDI_CSV]","[]","[P1Y]"
"1998","worldBank/UIS_FGP_5T8_F600","140","[]","[WorldBank_WDI_CSV]","[]","[P1Y]"
"2010","worldBank/PRJ_ATT_2024_NED_FE","167","[]","[WorldBank_WDI_CSV]","[]","[P1Y]"
"1970","worldBank/DT_NFL_IMFC_CD","31","[USDollar]","[WorldBank_WDI_CSV]","[]","[P1Y]"
"2010","worldBank/PRJ_ATT_1519_3_MF","167","[]","[WorldBank_WDI_CSV]","[]","[P1Y]"
"1995","worldBank/BAR_PRM_ICMP_15UP_FE_ZS","144","[Percent]","[WorldBank_WDI_CSV]","[]","[P1Y]"
"1970","worldBank/DT_NFL_PCBO_CD","118","[USDollar]","[WorldBank_WDI_CSV]","[]","[P1Y]"
"2000","worldBank/BI_WAG_PREM_PB_PN","86","[]","[WorldBank_WDI_CSV]","[]","[P1Y]"
"1995","worldBank/BAR_POP_5054","144","[]","[WorldBank_WDI_CSV]","[]","[P1Y]"
"1960","worldBank/SP_POP_0004_MA","221","[]","[WorldBank_WDI_CSV]","[]","[P1Y]"
"1994","worldBank/UIS_GER_123_M","206","[]","[WorldBank_WDI_CSV]","[]","[P1Y]"
"2010","worldBank/PRJ_ATT_2064_1_MA","167","[]","[WorldBank_WDI_CSV]","[]","[P1Y]"
"1970","worldBank/DC_DAC_FINL_CD","171","[USDollar]","[WorldBank_WDI_CSV]","[]","[P1Y]"
"1960","worldBank/BN_GSR_GNFS_CD","200","[USDollar]","[WorldBank_WDI_CSV]","[]","[P1Y]"
"1960","worldBank/BX_GSR_NFSV_CD","200","[USDollar]","[WorldBank_WDI_CSV]","[]","[P1Y]"
"2010","worldBank/PRJ_ATT_1519_3_MA","167","[]","[WorldBank_WDI_CSV]","[]","[P1Y]"
"1991","worldBank/SL_IND_EMPL_MA_ZS","191","[Percent]","[WorldBank_WDI_CSV]","[]","[P1Y]"
"1995","worldBank/BAR_TER_ICMP_15UP_FE_ZS","144","[Percent]","[WorldBank_WDI_CSV]","[]","[P1Y]"
"1970","worldBank/DT_NFL_MIDA_CD","119","[USDollar]","[WorldBank_WDI_CSV]","[]","[P1Y]"
"2010","worldBank/PRJ_ATT_2064_1_MF","167","[]","[WorldBank_WDI_CSV]","[]","[P1Y]"
"2000","worldBank/BI_WAG_PREM_PB_OC","86","[]","[WorldBank_WDI_CSV]","[]","[P1Y]"
"1985","worldBank/SH_MMR_RISK","198","[]","[WorldBank_WDI_CSV]","[]","[P1Y]"
"2000","worldBank/BI_EMP_PUBS_FE_SN_ZS","112","[Percent]","[WorldBank_WDI_CSV]","[]","[P1Y]"
"1994","worldBank/UIS_GER_123_F","206","[]","[WorldBank_WDI_CSV]","[]","[P1Y]"
"2010","worldBank/PRJ_POP_2529_S1_FE","167","[]","[WorldBank_WDI_CSV]","[]","[P1Y]"
"2003","worldBank/IC_REG_DURS_FE","194","[]","[WorldBank_WDI_CSV]","[]","[P1Y]"
"1960","worldBank/SP_POP_1519_FE","221","[]","[WorldBank_WDI_CSV]","[]","[P1Y]"
"1970","worldBank/SE_ADT_LITR_FE_ZS","174","[Percent]","[WorldBank_WDI_CSV]","[]","[P1Y]"
"1970","worldBank/NY_GDP_COAL_RT_ZS","204","[Percent]","[WorldBank_WDI_CSV]","[]","[P1Y]"
"2000","worldBank/BI_WAG_PREM_PB_NN","90","[]","[WorldBank_WDI_CSV]","[]","[P1Y]"
"2010","worldBank/PRJ_POP_2024_S1_MA","167","[]","[WorldBank_WDI_CSV]","[]","[P1Y]"
"1960","worldBank/NY_GNS_ICTR_ZS","182","[Percent]","[WorldBank_WDI_CSV]","[]","[P1Y]"
"2010","worldBank/PRJ_ATT_60UP_4_MA","167","[]","[WorldBank_WDI_CSV]","[]","[P1Y]"
"1996","worldBank/GE_EST","205","[]","[WorldBank_WDI_CSV]","[]","[P1Y]"
"1960","worldBank/ER_FSH_AQUA_MT","220","[]","[WorldBank_WDI_CSV]","[]","[P1Y]"
"1995","worldBank/BAR_TER_CMPT_3034_ZS","144","[Percent]","[WorldBank_WDI_CSV]","[]","[P1Y]"
"1995","worldBank/BAR_PRM_ICMP_4549_FE_ZS","144","[Percent]","[WorldBank_WDI_CSV]","[]","[P1Y]"
"1960","worldBank/FM_AST_DOMS_CN","186","[]","[WorldBank_WDI_CSV]","[]","[P1Y]"
"2010","worldBank/PRJ_ATT_60UP_4_MF","167","[]","[WorldBank_WDI_CSV]","[]","[P1Y]"
"2010","worldBank/PRJ_ATT_2024_S1_FE","167","[]","[WorldBank_WDI_CSV]","[]","[P1Y]"
"2000","worldBank/BI_EMP_PWRK_PB_TN_ZS","113","[Percent]","[WorldBank_WDI_CSV]","[]","[P1Y]"
"1960","worldBank/NY_GDP_DEFL_ZS","214","[Percent]","[WorldBank_WDI_CSV]","[]","[P1Y]"
"1962","worldBank/TX_VAL_FUEL_ZS_UN","201","[Percent]","[WorldBank_WDI_CSV]","[]","[P1Y]"
"2011","worldBank/FX_OWN_TOTL_ZS","164","[Percent]","[WorldBank_WDI_CSV]","[]","[P1Y]"
"1960","worldBank/FR_INR_RISK","87","[]","[WorldBank_WDI_CSV]","[]","[P1Y]"
"1995","worldBank/BAR_NOED_6569_FE_ZS","144","[Percent]","[WorldBank_WDI_CSV]","[]","[P1Y]"
"2014","worldBank/IC_IMP_CSBC_CD","194","[USDollar]","[WorldBank_WDI_CSV]","[]","[P1Y]"
"1975","worldBank/GFDD_EM_01","98","[]","[WorldBank_WDI_CSV]","[]","[P1Y]"
"2000","worldBank/BI_WAG_PREM_PB_MA","112","[]","[WorldBank_WDI_CSV]","[]","[P1Y]"
"2005","worldBank/IC_TAX_PAYM","194","[]","[WorldBank_WDI_CSV]","[]","[P1Y]"
"1970","worldBank/NY_ADJ_DNGY_GN_ZS","205","[Percent]","[WorldBank_WDI_CSV]","[]","[P1Y]"
"2010","worldBank/PRJ_ATT_2039_4_MF","167","[]","[WorldBank_WDI_CSV]","[]","[P1Y]"
"2010","worldBank/PRJ_POP_2024_S1_MF","167","[]","[WorldBank_WDI_CSV]","[]","[P1Y]"
"1995","worldBank/BAR_SEC_SCHL_5054","144","[]","[WorldBank_WDI_CSV]","[]","[P1Y]"
"2010","worldBank/PRJ_ATT_2039_4_MA","167","[]","[WorldBank_WDI_CSV]","[]","[P1Y]"
"1995","worldBank/UIS_XSPENDP_3_FDPUB_FNNONS","150","[]","[WorldBank_WDI_CSV]","[]","[P1Y]"
"1960","worldBank/DC_DAC_ITAL_CD","169","[USDollar]","[WorldBank_WDI_CSV]","[]","[P1Y]"
